"collection_run_id","partition_id","symbol","generator_sequence_no","series_size","solver_name","solver_version","input_series_type","phase_angle_degrees","phase_observable","validity_state","analysis_created_at"
"20260910T191246Z-1","A","AAPL","1","6","EHLERS_DOMINANT_CYCLE_PHASE","V0.1","MEDIAN_PRICE",,"False","INITIALIZING","2026-09-11T16:01:56.309Z"
"20260910T191246Z-1","A","AAPL","2","6","EHLERS_DOMINANT_CYCLE_PHASE","V0.1","MEDIAN_PRICE",,"False","INITIALIZING","2026-09-11T16:01:56.309Z"
"20260910T191246Z-1","A","AAPL","3","6","EHLERS_DOMINANT_CYCLE_PHASE","V0.1","MEDIAN_PRICE",,"False","INITIALIZING","2026-09-11T16:01:56.309Z"
"20260910T191246Z-1","A","AAPL","4","6","EHLERS_DOMINANT_CYCLE_PHASE","V0.1","MEDIAN_PRICE",,"False","INITIALIZING","2026-09-11T16:01:56.309Z"
"20260910T191246Z-1","A","AAPL","5","6","EHLERS_DOMINANT_CYCLE_PHASE","V0.1","MEDIAN_PRICE",,"False","INITIALIZING","2026-09-11T16:01:56.309Z"
"20260910T191246Z-1","A","AAPL","6","6","EHLERS_DOMINANT_CYCLE_PHASE","V0.1","MEDIAN_PRICE",,"False","INITIALIZING","2026-09-11T16:01:56.309Z"
"20260910T191246Z-1","A","AMD","1","6","EHLERS_DOMINANT_CYCLE_PHASE","V0.1","MEDIAN_PRICE",,"False","INITIALIZING","2026-09-11T16:01:56.330Z"
"20260910T191246Z-1","A","AMD","2","6","EHLERS_DOMINANT_CYCLE_PHASE","V0.1","MEDIAN_PRICE",,"False","INITIALIZING","2026-09-11T16:01:56.330Z"
"20260910T191246Z-1","A","AMD","3","6","EHLERS_DOMINANT_CYCLE_PHASE","V0.1","MEDIAN_PRICE",,"False","INITIALIZING","2026-09-11T16:01:56.330Z"
"20260910T191246Z-1","A","AMD","4","6","EHLERS_DOMINANT_CYCLE_PHASE","V0.1","MEDIAN_PRICE",,"False","INITIALIZING","2026-09-11T16:01:56.330Z"
"20260910T191246Z-1","A","AMD","5","6","EHLERS_DOMINANT_CYCLE_PHASE","V0.1","MEDIAN_PRICE",,"False","INITIALIZING","2026-09-11T16:01:56.330Z"
"20260910T191246Z-1","A","AMD","6","6","EHLERS_DOMINANT_CYCLE_PHASE","V0.1","MEDIAN_PRICE",,"False","INITIALIZING","2026-09-11T16:01:56.330Z"
"20260910T191246Z-1","A","AMZN","1","6","EHLERS_DOMINANT_CYCLE_PHASE","V0.1","MEDIAN_PRICE",,"False","INITIALIZING","2026-09-11T16:01:56.336Z"
"20260910T191246Z-1","A","AMZN","2","6","EHLERS_DOMINANT_CYCLE_PHASE","V0.1","MEDIAN_PRICE",,"False","INITIALIZING","2026-09-11T16:01:56.336Z"
"20260910T191246Z-1","A","AMZN","3","6","EHLERS_DOMINANT_CYCLE_PHASE","V0.1","MEDIAN_PRICE",,"False","INITIALIZING","2026-09-11T16:01:56.336Z"
"20260910T191246Z-1","A","AMZN","4","6","EHLERS_DOMINANT_CYCLE_PHASE","V0.1","MEDIAN_PRICE",,"False","INITIALIZING","2026-09-11T16:01:56.336Z"
"20260910T191246Z-1","A","AMZN","5","6","EHLERS_DOMINANT_CYCLE_PHASE","V0.1","MEDIAN_PRICE",,"False","INITIALIZING","2026-09-11T16:01:56.336Z"
"20260910T191246Z-1","A","AMZN","6","6","EHLERS_DOMINANT_CYCLE_PHASE","V0.1","MEDIAN_PRICE",,"False","INITIALIZING","2026-09-11T16:01:56.336Z"
"20260910T191246Z-1","A","AVGO","1","6","EHLERS_DOMINANT_CYCLE_PHASE","V0.1","MEDIAN_PRICE",,"False","INITIALIZING","2026-09-11T16:01:56.340Z"
"20260910T191246Z-1","A","AVGO","2","6","EHLERS_DOMINANT_CYCLE_PHASE","V0.1","MEDIAN_PRICE",,"False","INITIALIZING","2026-09-11T16:01:56.340Z"
"20260910T191246Z-1","A","AVGO","3","6","EHLERS_DOMINANT_CYCLE_PHASE","V0.1","MEDIAN_PRICE",,"False","INITIALIZING","2026-09-11T16:01:56.340Z"
"20260910T191246Z-1","A","AVGO","4","6","EHLERS_DOMINANT_CYCLE_PHASE","V0.1","MEDIAN_PRICE",,"False","INITIALIZING","2026-09-11T16:01:56.340Z"
"20260910T191246Z-1","A","AVGO","5","6","EHLERS_DOMINANT_CYCLE_PHASE","V0.1","MEDIAN_PRICE",,"False","INITIALIZING","2026-09-11T16:01:56.340Z"
"20260910T191246Z-1","A","AVGO","6","6","EHLERS_DOMINANT_CYCLE_PHASE","V0.1","MEDIAN_PRICE",,"False","INITIALIZING","2026-09-11T16:01:56.340Z"
"20260910T191246Z-1","A","GOOGL","1","6","EHLERS_DOMINANT_CYCLE_PHASE","V0.1","MEDIAN_PRICE",,"False","INITIALIZING","2026-09-11T16:01:56.344Z"
"20260910T191246Z-1","A","GOOGL","2","6","EHLERS_DOMINANT_CYCLE_PHASE","V0.1","MEDIAN_PRICE",,"False","INITIALIZING","2026-09-11T16:01:56.344Z"
"20260910T191246Z-1","A","GOOGL","3","6","EHLERS_DOMINANT_CYCLE_PHASE","V0.1","MEDIAN_PRICE",,"False","INITIALIZING","2026-09-11T16:01:56.344Z"
"20260910T191246Z-1","A","GOOGL","4","6","EHLERS_DOMINANT_CYCLE_PHASE","V0.1","MEDIAN_PRICE",,"False","INITIALIZING","2026-09-11T16:01:56.344Z"
"20260910T191246Z-1","A","GOOGL","5","6","EHLERS_DOMINANT_CYCLE_PHASE","V0.1","MEDIAN_PRICE",,"False","INITIALIZING","2026-09-11T16:01:56.344Z"
"20260910T191246Z-1","A","GOOGL","6","6","EHLERS_DOMINANT_CYCLE_PHASE","V0.1","MEDIAN_PRICE",,"False","INITIALIZING","2026-09-11T16:01:56.344Z"
"20260910T191246Z-1","A","META","1","6","EHLERS_DOMINANT_CYCLE_PHASE","V0.1","MEDIAN_PRICE",,"False","INITIALIZING","2026-09-11T16:01:56.349Z"
"20260910T191246Z-1","A","META","2","6","EHLERS_DOMINANT_CYCLE_PHASE","V0.1","MEDIAN_PRICE",,"False","INITIALIZING","2026-09-11T16:01:56.349Z"
"20260910T191246Z-1","A","META","3","6","EHLERS_DOMINANT_CYCLE_PHASE","V0.1","MEDIAN_PRICE",,"False","INITIALIZING","2026-09-11T16:01:56.349Z"
"20260910T191246Z-1","A","META","4","6","EHLERS_DOMINANT_CYCLE_PHASE","V0.1","MEDIAN_PRICE",,"False","INITIALIZING","2026-09-11T16:01:56.349Z"
"20260910T191246Z-1","A","META","5","6","EHLERS_DOMINANT_CYCLE_PHASE","V0.1","MEDIAN_PRICE",,"False","INITIALIZING","2026-09-11T16:01:56.349Z"
"20260910T191246Z-1","A","META","6","6","EHLERS_DOMINANT_CYCLE_PHASE","V0.1","MEDIAN_PRICE",,"False","INITIALIZING","2026-09-11T16:01:56.349Z"
"20260910T191246Z-1","A","MSFT","1","6","EHLERS_DOMINANT_CYCLE_PHASE","V0.1","MEDIAN_PRICE",,"False","INITIALIZING","2026-09-11T16:01:56.353Z"
"20260910T191246Z-1","A","MSFT","2","6","EHLERS_DOMINANT_CYCLE_PHASE","V0.1","MEDIAN_PRICE",,"False","INITIALIZING","2026-09-11T16:01:56.353Z"
"20260910T191246Z-1","A","MSFT","3","6","EHLERS_DOMINANT_CYCLE_PHASE","V0.1","MEDIAN_PRICE",,"False","INITIALIZING","2026-09-11T16:01:56.353Z"
"20260910T191246Z-1","A","MSFT","4","6","EHLERS_DOMINANT_CYCLE_PHASE","V0.1","MEDIAN_PRICE",,"False","INITIALIZING","2026-09-11T16:01:56.353Z"
"20260910T191246Z-1","A","MSFT","5","6","EHLERS_DOMINANT_CYCLE_PHASE","V0.1","MEDIAN_PRICE",,"False","INITIALIZING","2026-09-11T16:01:56.353Z"
"20260910T191246Z-1","A","MSFT","6","6","EHLERS_DOMINANT_CYCLE_PHASE","V0.1","MEDIAN_PRICE",,"False","INITIALIZING","2026-09-11T16:01:56.353Z"
"20260910T191246Z-1","A","NFLX","1","6","EHLERS_DOMINANT_CYCLE_PHASE","V0.1","MEDIAN_PRICE",,"False","INITIALIZING","2026-09-11T16:01:56.357Z"
"20260910T191246Z-1","A","NFLX","2","6","EHLERS_DOMINANT_CYCLE_PHASE","V0.1","MEDIAN_PRICE",,"False","INITIALIZING","2026-09-11T16:01:56.357Z"
"20260910T191246Z-1","A","NFLX","3","6","EHLERS_DOMINANT_CYCLE_PHASE","V0.1","MEDIAN_PRICE",,"False","INITIALIZING","2026-09-11T16:01:56.357Z"
"20260910T191246Z-1","A","NFLX","4","6","EHLERS_DOMINANT_CYCLE_PHASE","V0.1","MEDIAN_PRICE",,"False","INITIALIZING","2026-09-11T16:01:56.357Z"
"20260910T191246Z-1","A","NFLX","5","6","EHLERS_DOMINANT_CYCLE_PHASE","V0.1","MEDIAN_PRICE",,"False","INITIALIZING","2026-09-11T16:01:56.357Z"
"20260910T191246Z-1","A","NFLX","6","6","EHLERS_DOMINANT_CYCLE_PHASE","V0.1","MEDIAN_PRICE",,"False","INITIALIZING","2026-09-11T16:01:56.357Z"
"20260910T191246Z-1","A","NVDA","1","6","EHLERS_DOMINANT_CYCLE_PHASE","V0.1","MEDIAN_PRICE",,"False","INITIALIZING","2026-09-11T16:01:56.362Z"
"20260910T191246Z-1","A","NVDA","2","6","EHLERS_DOMINANT_CYCLE_PHASE","V0.1","MEDIAN_PRICE",,"False","INITIALIZING","2026-09-11T16:01:56.362Z"
"20260910T191246Z-1","A","NVDA","3","6","EHLERS_DOMINANT_CYCLE_PHASE","V0.1","MEDIAN_PRICE",,"False","INITIALIZING","2026-09-11T16:01:56.362Z"
"20260910T191246Z-1","A","NVDA","4","6","EHLERS_DOMINANT_CYCLE_PHASE","V0.1","MEDIAN_PRICE",,"False","INITIALIZING","2026-09-11T16:01:56.362Z"
"20260910T191246Z-1","A","NVDA","5","6","EHLERS_DOMINANT_CYCLE_PHASE","V0.1","MEDIAN_PRICE",,"False","INITIALIZING","2026-09-11T16:01:56.362Z"
"20260910T191246Z-1","A","NVDA","6","6","EHLERS_DOMINANT_CYCLE_PHASE","V0.1","MEDIAN_PRICE",,"False","INITIALIZING","2026-09-11T16:01:56.362Z"
"20260910T191246Z-1","A","TSLA","1","6","EHLERS_DOMINANT_CYCLE_PHASE","V0.1","MEDIAN_PRICE",,"False","INITIALIZING","2026-09-11T16:01:56.367Z"
"20260910T191246Z-1","A","TSLA","2","6","EHLERS_DOMINANT_CYCLE_PHASE","V0.1","MEDIAN_PRICE",,"False","INITIALIZING","2026-09-11T16:01:56.367Z"
"20260910T191246Z-1","A","TSLA","3","6","EHLERS_DOMINANT_CYCLE_PHASE","V0.1","MEDIAN_PRICE",,"False","INITIALIZING","2026-09-11T16:01:56.367Z"
"20260910T191246Z-1","A","TSLA","4","6","EHLERS_DOMINANT_CYCLE_PHASE","V0.1","MEDIAN_PRICE",,"False","INITIALIZING","2026-09-11T16:01:56.367Z"
"20260910T191246Z-1","A","TSLA","5","6","EHLERS_DOMINANT_CYCLE_PHASE","V0.1","MEDIAN_PRICE",,"False","INITIALIZING","2026-09-11T16:01:56.367Z"
"20260910T191246Z-1","A","TSLA","6","6","EHLERS_DOMINANT_CYCLE_PHASE","V0.1","MEDIAN_PRICE",,"False","INITIALIZING","2026-09-11T16:01:56.367Z"
"20260910T191246Z-1","B","DIA","1","6","EHLERS_DOMINANT_CYCLE_PHASE","V0.1","MEDIAN_PRICE",,"False","INITIALIZING","2026-09-11T16:01:56.371Z"
"20260910T191246Z-1","B","DIA","2","6","EHLERS_DOMINANT_CYCLE_PHASE","V0.1","MEDIAN_PRICE",,"False","INITIALIZING","2026-09-11T16:01:56.371Z"
"20260910T191246Z-1","B","DIA","3","6","EHLERS_DOMINANT_CYCLE_PHASE","V0.1","MEDIAN_PRICE",,"False","INITIALIZING","2026-09-11T16:01:56.371Z"
"20260910T191246Z-1","B","DIA","4","6","EHLERS_DOMINANT_CYCLE_PHASE","V0.1","MEDIAN_PRICE",,"False","INITIALIZING","2026-09-11T16:01:56.371Z"
"20260910T191246Z-1","B","DIA","5","6","EHLERS_DOMINANT_CYCLE_PHASE","V0.1","MEDIAN_PRICE",,"False","INITIALIZING","2026-09-11T16:01:56.371Z"
"20260910T191246Z-1","B","DIA","6","6","EHLERS_DOMINANT_CYCLE_PHASE","V0.1","MEDIAN_PRICE",,"False","INITIALIZING","2026-09-11T16:01:56.371Z"
"20260910T191246Z-1","B","EEM","1","6","EHLERS_DOMINANT_CYCLE_PHASE","V0.1","MEDIAN_PRICE",,"False","INITIALIZING","2026-09-11T16:01:56.376Z"
"20260910T191246Z-1","B","EEM","2","6","EHLERS_DOMINANT_CYCLE_PHASE","V0.1","MEDIAN_PRICE",,"False","INITIALIZING","2026-09-11T16:01:56.376Z"
"20260910T191246Z-1","B","EEM","3","6","EHLERS_DOMINANT_CYCLE_PHASE","V0.1","MEDIAN_PRICE",,"False","INITIALIZING","2026-09-11T16:01:56.376Z"
"20260910T191246Z-1","B","EEM","4","6","EHLERS_DOMINANT_CYCLE_PHASE","V0.1","MEDIAN_PRICE",,"False","INITIALIZING","2026-09-11T16:01:56.376Z"
"20260910T191246Z-1","B","EEM","5","6","EHLERS_DOMINANT_CYCLE_PHASE","V0.1","MEDIAN_PRICE",,"False","INITIALIZING","2026-09-11T16:01:56.376Z"
"20260910T191246Z-1","B","EEM","6","6","EHLERS_DOMINANT_CYCLE_PHASE","V0.1","MEDIAN_PRICE",,"False","INITIALIZING","2026-09-11T16:01:56.376Z"
"20260910T191246Z-1","B","GLD","1","6","EHLERS_DOMINANT_CYCLE_PHASE","V0.1","MEDIAN_PRICE",,"False","INITIALIZING","2026-09-11T16:01:56.380Z"
"20260910T191246Z-1","B","GLD","2","6","EHLERS_DOMINANT_CYCLE_PHASE","V0.1","MEDIAN_PRICE",,"False","INITIALIZING","2026-09-11T16:01:56.380Z"
"20260910T191246Z-1","B","GLD","3","6","EHLERS_DOMINANT_CYCLE_PHASE","V0.1","MEDIAN_PRICE",,"False","INITIALIZING","2026-09-11T16:01:56.380Z"
"20260910T191246Z-1","B","GLD","4","6","EHLERS_DOMINANT_CYCLE_PHASE","V0.1","MEDIAN_PRICE",,"False","INITIALIZING","2026-09-11T16:01:56.380Z"
"20260910T191246Z-1","B","GLD","5","6","EHLERS_DOMINANT_CYCLE_PHASE","V0.1","MEDIAN_PRICE",,"False","INITIALIZING","2026-09-11T16:01:56.380Z"
"20260910T191246Z-1","B","GLD","6","6","EHLERS_DOMINANT_CYCLE_PHASE","V0.1","MEDIAN_PRICE",,"False","INITIALIZING","2026-09-11T16:01:56.380Z"
"20260910T191246Z-1","B","IWM","1","6","EHLERS_DOMINANT_CYCLE_PHASE","V0.1","MEDIAN_PRICE",,"False","INITIALIZING","2026-09-11T16:01:56.383Z"
"20260910T191246Z-1","B","IWM","2","6","EHLERS_DOMINANT_CYCLE_PHASE","V0.1","MEDIAN_PRICE",,"False","INITIALIZING","2026-09-11T16:01:56.383Z"
"20260910T191246Z-1","B","IWM","3","6","EHLERS_DOMINANT_CYCLE_PHASE","V0.1","MEDIAN_PRICE",,"False","INITIALIZING","2026-09-11T16:01:56.383Z"
"20260910T191246Z-1","B","IWM","4","6","EHLERS_DOMINANT_CYCLE_PHASE","V0.1","MEDIAN_PRICE",,"False","INITIALIZING","2026-09-11T16:01:56.383Z"
"20260910T191246Z-1","B","IWM","5","6","EHLERS_DOMINANT_CYCLE_PHASE","V0.1","MEDIAN_PRICE",,"False","INITIALIZING","2026-09-11T16:01:56.383Z"
"20260910T191246Z-1","B","IWM","6","6","EHLERS_DOMINANT_CYCLE_PHASE","V0.1","MEDIAN_PRICE",,"False","INITIALIZING","2026-09-11T16:01:56.383Z"
"20260910T191246Z-1","B","QQQ","1","6","EHLERS_DOMINANT_CYCLE_PHASE","V0.1","MEDIAN_PRICE",,"False","INITIALIZING","2026-09-11T16:01:56.385Z"
"20260910T191246Z-1","B","QQQ","2","6","EHLERS_DOMINANT_CYCLE_PHASE","V0.1","MEDIAN_PRICE",,"False","INITIALIZING","2026-09-11T16:01:56.385Z"
"20260910T191246Z-1","B","QQQ","3","6","EHLERS_DOMINANT_CYCLE_PHASE","V0.1","MEDIAN_PRICE",,"False","INITIALIZING","2026-09-11T16:01:56.385Z"
"20260910T191246Z-1","B","QQQ","4","6","EHLERS_DOMINANT_CYCLE_PHASE","V0.1","MEDIAN_PRICE",,"False","INITIALIZING","2026-09-11T16:01:56.385Z"
"20260910T191246Z-1","B","QQQ","5","6","EHLERS_DOMINANT_CYCLE_PHASE","V0.1","MEDIAN_PRICE",,"False","INITIALIZING","2026-09-11T16:01:56.385Z"
"20260910T191246Z-1","B","QQQ","6","6","EHLERS_DOMINANT_CYCLE_PHASE","V0.1","MEDIAN_PRICE",,"False","INITIALIZING","2026-09-11T16:01:56.385Z"
"20260910T191246Z-1","B","SPY","1","6","EHLERS_DOMINANT_CYCLE_PHASE","V0.1","MEDIAN_PRICE",,"False","INITIALIZING","2026-09-11T16:01:56.388Z"
"20260910T191246Z-1","B","SPY","2","6","EHLERS_DOMINANT_CYCLE_PHASE","V0.1","MEDIAN_PRICE",,"False","INITIALIZING","2026-09-11T16:01:56.388Z"
"20260910T191246Z-1","B","SPY","3","6","EHLERS_DOMINANT_CYCLE_PHASE","V0.1","MEDIAN_PRICE",,"False","INITIALIZING","2026-09-11T16:01:56.388Z"
"20260910T191246Z-1","B","SPY","4","6","EHLERS_DOMINANT_CYCLE_PHASE","V0.1","MEDIAN_PRICE",,"False","INITIALIZING","2026-09-11T16:01:56.388Z"
"20260910T191246Z-1","B","SPY","5","6","EHLERS_DOMINANT_CYCLE_PHASE","V0.1","MEDIAN_PRICE",,"False","INITIALIZING","2026-09-11T16:01:56.388Z"
"20260910T191246Z-1","B","SPY","6","6","EHLERS_DOMINANT_CYCLE_PHASE","V0.1","MEDIAN_PRICE",,"False","INITIALIZING","2026-09-11T16:01:56.388Z"
"20260910T191246Z-1","B","TLT","1","6","EHLERS_DOMINANT_CYCLE_PHASE","V0.1","MEDIAN_PRICE",,"False","INITIALIZING","2026-09-11T16:01:56.391Z"
"20260910T191246Z-1","B","TLT","2","6","EHLERS_DOMINANT_CYCLE_PHASE","V0.1","MEDIAN_PRICE",,"False","INITIALIZING","2026-09-11T16:01:56.391Z"
"20260910T191246Z-1","B","TLT","3","6","EHLERS_DOMINANT_CYCLE_PHASE","V0.1","MEDIAN_PRICE",,"False","INITIALIZING","2026-09-11T16:01:56.391Z"
"20260910T191246Z-1","B","TLT","4","6","EHLERS_DOMINANT_CYCLE_PHASE","V0.1","MEDIAN_PRICE",,"False","INITIALIZING","2026-09-11T16:01:56.391Z"
"20260910T191246Z-1","B","TLT","5","6","EHLERS_DOMINANT_CYCLE_PHASE","V0.1","MEDIAN_PRICE",,"False","INITIALIZING","2026-09-11T16:01:56.391Z"
"20260910T191246Z-1","B","TLT","6","6","EHLERS_DOMINANT_CYCLE_PHASE","V0.1","MEDIAN_PRICE",,"False","INITIALIZING","2026-09-11T16:01:56.391Z"
"20260910T191246Z-1","B","VXX","1","6","EHLERS_DOMINANT_CYCLE_PHASE","V0.1","MEDIAN_PRICE",,"False","INITIALIZING","2026-09-11T16:01:56.394Z"
"20260910T191246Z-1","B","VXX","2","6","EHLERS_DOMINANT_CYCLE_PHASE","V0.1","MEDIAN_PRICE",,"False","INITIALIZING","2026-09-11T16:01:56.394Z"
"20260910T191246Z-1","B","VXX","3","6","EHLERS_DOMINANT_CYCLE_PHASE","V0.1","MEDIAN_PRICE",,"False","INITIALIZING","2026-09-11T16:01:56.394Z"
"20260910T191246Z-1","B","VXX","4","6","EHLERS_DOMINANT_CYCLE_PHASE","V0.1","MEDIAN_PRICE",,"False","INITIALIZING","2026-09-11T16:01:56.394Z"
"20260910T191246Z-1","B","VXX","5","6","EHLERS_DOMINANT_CYCLE_PHASE","V0.1","MEDIAN_PRICE",,"False","INITIALIZING","2026-09-11T16:01:56.394Z"
"20260910T191246Z-1","B","VXX","6","6","EHLERS_DOMINANT_CYCLE_PHASE","V0.1","MEDIAN_PRICE",,"False","INITIALIZING","2026-09-11T16:01:56.394Z"
"20260910T191246Z-1","B","XLF","1","6","EHLERS_DOMINANT_CYCLE_PHASE","V0.1","MEDIAN_PRICE",,"False","INITIALIZING","2026-09-11T16:01:56.396Z"
"20260910T191246Z-1","B","XLF","2","6","EHLERS_DOMINANT_CYCLE_PHASE","V0.1","MEDIAN_PRICE",,"False","INITIALIZING","2026-09-11T16:01:56.396Z"
"20260910T191246Z-1","B","XLF","3","6","EHLERS_DOMINANT_CYCLE_PHASE","V0.1","MEDIAN_PRICE",,"False","INITIALIZING","2026-09-11T16:01:56.396Z"
"20260910T191246Z-1","B","XLF","4","6","EHLERS_DOMINANT_CYCLE_PHASE","V0.1","MEDIAN_PRICE",,"False","INITIALIZING","2026-09-11T16:01:56.396Z"
"20260910T191246Z-1","B","XLF","5","6","EHLERS_DOMINANT_CYCLE_PHASE","V0.1","MEDIAN_PRICE",,"False","INITIALIZING","2026-09-11T16:01:56.396Z"
"20260910T191246Z-1","B","XLF","6","6","EHLERS_DOMINANT_CYCLE_PHASE","V0.1","MEDIAN_PRICE",,"False","INITIALIZING","2026-09-11T16:01:56.396Z"
"20260910T191246Z-1","B","XLK","1","6","EHLERS_DOMINANT_CYCLE_PHASE","V0.1","MEDIAN_PRICE",,"False","INITIALIZING","2026-09-11T16:01:56.399Z"
"20260910T191246Z-1","B","XLK","2","6","EHLERS_DOMINANT_CYCLE_PHASE","V0.1","MEDIAN_PRICE",,"False","INITIALIZING","2026-09-11T16:01:56.399Z"
"20260910T191246Z-1","B","XLK","3","6","EHLERS_DOMINANT_CYCLE_PHASE","V0.1","MEDIAN_PRICE",,"False","INITIALIZING","2026-09-11T16:01:56.399Z"
"20260910T191246Z-1","B","XLK","4","6","EHLERS_DOMINANT_CYCLE_PHASE","V0.1","MEDIAN_PRICE",,"False","INITIALIZING","2026-09-11T16:01:56.399Z"
"20260910T191246Z-1","B","XLK","5","6","EHLERS_DOMINANT_CYCLE_PHASE","V0.1","MEDIAN_PRICE",,"False","INITIALIZING","2026-09-11T16:01:56.399Z"
"20260910T191246Z-1","B","XLK","6","6","EHLERS_DOMINANT_CYCLE_PHASE","V0.1","MEDIAN_PRICE",,"False","INITIALIZING","2026-09-11T16:01:56.399Z"
"20260910T191246Z-1","C","BAC","1","6","EHLERS_DOMINANT_CYCLE_PHASE","V0.1","MEDIAN_PRICE",,"False","INITIALIZING","2026-09-11T16:01:56.402Z"
"20260910T191246Z-1","C","BAC","2","6","EHLERS_DOMINANT_CYCLE_PHASE","V0.1","MEDIAN_PRICE",,"False","INITIALIZING","2026-09-11T16:01:56.402Z"
"20260910T191246Z-1","C","BAC","3","6","EHLERS_DOMINANT_CYCLE_PHASE","V0.1","MEDIAN_PRICE",,"False","INITIALIZING","2026-09-11T16:01:56.402Z"
"20260910T191246Z-1","C","BAC","4","6","EHLERS_DOMINANT_CYCLE_PHASE","V0.1","MEDIAN_PRICE",,"False","INITIALIZING","2026-09-11T16:01:56.402Z"
"20260910T191246Z-1","C","BAC","5","6","EHLERS_DOMINANT_CYCLE_PHASE","V0.1","MEDIAN_PRICE",,"False","INITIALIZING","2026-09-11T16:01:56.402Z"
"20260910T191246Z-1","C","BAC","6","6","EHLERS_DOMINANT_CYCLE_PHASE","V0.1","MEDIAN_PRICE",,"False","INITIALIZING","2026-09-11T16:01:56.402Z"
"20260910T191246Z-1","C","COST","1","6","EHLERS_DOMINANT_CYCLE_PHASE","V0.1","MEDIAN_PRICE",,"False","INITIALIZING","2026-09-11T16:01:56.404Z"
"20260910T191246Z-1","C","COST","2","6","EHLERS_DOMINANT_CYCLE_PHASE","V0.1","MEDIAN_PRICE",,"False","INITIALIZING","2026-09-11T16:01:56.404Z"
"20260910T191246Z-1","C","COST","3","6","EHLERS_DOMINANT_CYCLE_PHASE","V0.1","MEDIAN_PRICE",,"False","INITIALIZING","2026-09-11T16:01:56.404Z"
"20260910T191246Z-1","C","COST","4","6","EHLERS_DOMINANT_CYCLE_PHASE","V0.1","MEDIAN_PRICE",,"False","INITIALIZING","2026-09-11T16:01:56.404Z"
"20260910T191246Z-1","C","COST","5","6","EHLERS_DOMINANT_CYCLE_PHASE","V0.1","MEDIAN_PRICE",,"False","INITIALIZING","2026-09-11T16:01:56.404Z"
"20260910T191246Z-1","C","COST","6","6","EHLERS_DOMINANT_CYCLE_PHASE","V0.1","MEDIAN_PRICE",,"False","INITIALIZING","2026-09-11T16:01:56.404Z"
"20260910T191246Z-1","C","HD","1","6","EHLERS_DOMINANT_CYCLE_PHASE","V0.1","MEDIAN_PRICE",,"False","INITIALIZING","2026-09-11T16:01:56.407Z"
"20260910T191246Z-1","C","HD","2","6","EHLERS_DOMINANT_CYCLE_PHASE","V0.1","MEDIAN_PRICE",,"False","INITIALIZING","2026-09-11T16:01:56.407Z"
"20260910T191246Z-1","C","HD","3","6","EHLERS_DOMINANT_CYCLE_PHASE","V0.1","MEDIAN_PRICE",,"False","INITIALIZING","2026-09-11T16:01:56.407Z"
"20260910T191246Z-1","C","HD","4","6","EHLERS_DOMINANT_CYCLE_PHASE","V0.1","MEDIAN_PRICE",,"False","INITIALIZING","2026-09-11T16:01:56.407Z"
"20260910T191246Z-1","C","HD","5","6","EHLERS_DOMINANT_CYCLE_PHASE","V0.1","MEDIAN_PRICE",,"False","INITIALIZING","2026-09-11T16:01:56.407Z"
"20260910T191246Z-1","C","HD","6","6","EHLERS_DOMINANT_CYCLE_PHASE","V0.1","MEDIAN_PRICE",,"False","INITIALIZING","2026-09-11T16:01:56.407Z"
"20260910T191246Z-1","C","JNJ","1","6","EHLERS_DOMINANT_CYCLE_PHASE","V0.1","MEDIAN_PRICE",,"False","INITIALIZING","2026-09-11T16:01:56.409Z"
"20260910T191246Z-1","C","JNJ","2","6","EHLERS_DOMINANT_CYCLE_PHASE","V0.1","MEDIAN_PRICE",,"False","INITIALIZING","2026-09-11T16:01:56.409Z"
"20260910T191246Z-1","C","JNJ","3","6","EHLERS_DOMINANT_CYCLE_PHASE","V0.1","MEDIAN_PRICE",,"False","INITIALIZING","2026-09-11T16:01:56.409Z"
"20260910T191246Z-1","C","JNJ","4","6","EHLERS_DOMINANT_CYCLE_PHASE","V0.1","MEDIAN_PRICE",,"False","INITIALIZING","2026-09-11T16:01:56.409Z"
"20260910T191246Z-1","C","JNJ","5","6","EHLERS_DOMINANT_CYCLE_PHASE","V0.1","MEDIAN_PRICE",,"False","INITIALIZING","2026-09-11T16:01:56.409Z"
"20260910T191246Z-1","C","JNJ","6","6","EHLERS_DOMINANT_CYCLE_PHASE","V0.1","MEDIAN_PRICE",,"False","INITIALIZING","2026-09-11T16:01:56.409Z"
"20260910T191246Z-1","C","JPM","1","6","EHLERS_DOMINANT_CYCLE_PHASE","V0.1","MEDIAN_PRICE",,"False","INITIALIZING","2026-09-11T16:01:56.412Z"
"20260910T191246Z-1","C","JPM","2","6","EHLERS_DOMINANT_CYCLE_PHASE","V0.1","MEDIAN_PRICE",,"False","INITIALIZING","2026-09-11T16:01:56.412Z"
"20260910T191246Z-1","C","JPM","3","6","EHLERS_DOMINANT_CYCLE_PHASE","V0.1","MEDIAN_PRICE",,"False","INITIALIZING","2026-09-11T16:01:56.412Z"
"20260910T191246Z-1","C","JPM","4","6","EHLERS_DOMINANT_CYCLE_PHASE","V0.1","MEDIAN_PRICE",,"False","INITIALIZING","2026-09-11T16:01:56.412Z"
"20260910T191246Z-1","C","JPM","5","6","EHLERS_DOMINANT_CYCLE_PHASE","V0.1","MEDIAN_PRICE",,"False","INITIALIZING","2026-09-11T16:01:56.412Z"
"20260910T191246Z-1","C","JPM","6","6","EHLERS_DOMINANT_CYCLE_PHASE","V0.1","MEDIAN_PRICE",,"False","INITIALIZING","2026-09-11T16:01:56.412Z"
"20260910T191246Z-1","C","MA","1","6","EHLERS_DOMINANT_CYCLE_PHASE","V0.1","MEDIAN_PRICE",,"False","INITIALIZING","2026-09-11T16:01:56.414Z"
"20260910T191246Z-1","C","MA","2","6","EHLERS_DOMINANT_CYCLE_PHASE","V0.1","MEDIAN_PRICE",,"False","INITIALIZING","2026-09-11T16:01:56.414Z"
"20260910T191246Z-1","C","MA","3","6","EHLERS_DOMINANT_CYCLE_PHASE","V0.1","MEDIAN_PRICE",,"False","INITIALIZING","2026-09-11T16:01:56.414Z"
"20260910T191246Z-1","C","MA","4","6","EHLERS_DOMINANT_CYCLE_PHASE","V0.1","MEDIAN_PRICE",,"False","INITIALIZING","2026-09-11T16:01:56.414Z"
"20260910T191246Z-1","C","MA","5","6","EHLERS_DOMINANT_CYCLE_PHASE","V0.1","MEDIAN_PRICE",,"False","INITIALIZING","2026-09-11T16:01:56.414Z"
"20260910T191246Z-1","C","MA","6","6","EHLERS_DOMINANT_CYCLE_PHASE","V0.1","MEDIAN_PRICE",,"False","INITIALIZING","2026-09-11T16:01:56.414Z"
"20260910T191246Z-1","C","UNH","1","6","EHLERS_DOMINANT_CYCLE_PHASE","V0.1","MEDIAN_PRICE",,"False","INITIALIZING","2026-09-11T16:01:56.417Z"
"20260910T191246Z-1","C","UNH","2","6","EHLERS_DOMINANT_CYCLE_PHASE","V0.1","MEDIAN_PRICE",,"False","INITIALIZING","2026-09-11T16:01:56.417Z"
"20260910T191246Z-1","C","UNH","3","6","EHLERS_DOMINANT_CYCLE_PHASE","V0.1","MEDIAN_PRICE",,"False","INITIALIZING","2026-09-11T16:01:56.417Z"
"20260910T191246Z-1","C","UNH","4","6","EHLERS_DOMINANT_CYCLE_PHASE","V0.1","MEDIAN_PRICE",,"False","INITIALIZING","2026-09-11T16:01:56.417Z"
"20260910T191246Z-1","C","UNH","5","6","EHLERS_DOMINANT_CYCLE_PHASE","V0.1","MEDIAN_PRICE",,"False","INITIALIZING","2026-09-11T16:01:56.417Z"
"20260910T191246Z-1","C","UNH","6","6","EHLERS_DOMINANT_CYCLE_PHASE","V0.1","MEDIAN_PRICE",,"False","INITIALIZING","2026-09-11T16:01:56.417Z"
"20260910T191246Z-1","C","V","1","6","EHLERS_DOMINANT_CYCLE_PHASE","V0.1","MEDIAN_PRICE",,"False","INITIALIZING","2026-09-11T16:01:56.419Z"
"20260910T191246Z-1","C","V","2","6","EHLERS_DOMINANT_CYCLE_PHASE","V0.1","MEDIAN_PRICE",,"False","INITIALIZING","2026-09-11T16:01:56.419Z"
"20260910T191246Z-1","C","V","3","6","EHLERS_DOMINANT_CYCLE_PHASE","V0.1","MEDIAN_PRICE",,"False","INITIALIZING","2026-09-11T16:01:56.419Z"
"20260910T191246Z-1","C","V","4","6","EHLERS_DOMINANT_CYCLE_PHASE","V0.1","MEDIAN_PRICE",,"False","INITIALIZING","2026-09-11T16:01:56.419Z"
"20260910T191246Z-1","C","V","5","6","EHLERS_DOMINANT_CYCLE_PHASE","V0.1","MEDIAN_PRICE",,"False","INITIALIZING","2026-09-11T16:01:56.419Z"
"20260910T191246Z-1","C","V","6","6","EHLERS_DOMINANT_CYCLE_PHASE","V0.1","MEDIAN_PRICE",,"False","INITIALIZING","2026-09-11T16:01:56.419Z"
"20260910T191246Z-1","C","WMT","1","6","EHLERS_DOMINANT_CYCLE_PHASE","V0.1","MEDIAN_PRICE",,"False","INITIALIZING","2026-09-11T16:01:56.422Z"
"20260910T191246Z-1","C","WMT","2","6","EHLERS_DOMINANT_CYCLE_PHASE","V0.1","MEDIAN_PRICE",,"False","INITIALIZING","2026-09-11T16:01:56.422Z"
"20260910T191246Z-1","C","WMT","3","6","EHLERS_DOMINANT_CYCLE_PHASE","V0.1","MEDIAN_PRICE",,"False","INITIALIZING","2026-09-11T16:01:56.422Z"
"20260910T191246Z-1","C","WMT","4","6","EHLERS_DOMINANT_CYCLE_PHASE","V0.1","MEDIAN_PRICE",,"False","INITIALIZING","2026-09-11T16:01:56.422Z"
"20260910T191246Z-1","C","WMT","5","6","EHLERS_DOMINANT_CYCLE_PHASE","V0.1","MEDIAN_PRICE",,"False","INITIALIZING","2026-09-11T16:01:56.422Z"
"20260910T191246Z-1","C","WMT","6","6","EHLERS_DOMINANT_CYCLE_PHASE","V0.1","MEDIAN_PRICE",,"False","INITIALIZING","2026-09-11T16:01:56.422Z"
"20260910T191246Z-1","C","XOM","1","6","EHLERS_DOMINANT_CYCLE_PHASE","V0.1","MEDIAN_PRICE",,"False","INITIALIZING","2026-09-11T16:01:56.425Z"
"20260910T191246Z-1","C","XOM","2","6","EHLERS_DOMINANT_CYCLE_PHASE","V0.1","MEDIAN_PRICE",,"False","INITIALIZING","2026-09-11T16:01:56.425Z"
"20260910T191246Z-1","C","XOM","3","6","EHLERS_DOMINANT_CYCLE_PHASE","V0.1","MEDIAN_PRICE",,"False","INITIALIZING","2026-09-11T16:01:56.425Z"
"20260910T191246Z-1","C","XOM","4","6","EHLERS_DOMINANT_CYCLE_PHASE","V0.1","MEDIAN_PRICE",,"False","INITIALIZING","2026-09-11T16:01:56.425Z"
"20260910T191246Z-1","C","XOM","5","6","EHLERS_DOMINANT_CYCLE_PHASE","V0.1","MEDIAN_PRICE",,"False","INITIALIZING","2026-09-11T16:01:56.425Z"
"20260910T191246Z-1","C","XOM","6","6","EHLERS_DOMINANT_CYCLE_PHASE","V0.1","MEDIAN_PRICE",,"False","INITIALIZING","2026-09-11T16:01:56.425Z"
"20260911T161623Z-1","A","AAPL","1","6","EHLERS_DOMINANT_CYCLE_PHASE","V0.1","MEDIAN_PRICE",,"False","INITIALIZING","2026-09-11T18:41:53.539Z"
"20260911T161623Z-1","A","AAPL","2","6","EHLERS_DOMINANT_CYCLE_PHASE","V0.1","MEDIAN_PRICE",,"False","INITIALIZING","2026-09-11T18:41:53.539Z"
"20260911T161623Z-1","A","AAPL","3","6","EHLERS_DOMINANT_CYCLE_PHASE","V0.1","MEDIAN_PRICE",,"False","INITIALIZING","2026-09-11T18:41:53.539Z"
"20260911T161623Z-1","A","AAPL","4","6","EHLERS_DOMINANT_CYCLE_PHASE","V0.1","MEDIAN_PRICE",,"False","INITIALIZING","2026-09-11T18:41:53.539Z"
"20260911T161623Z-1","A","AAPL","5","6","EHLERS_DOMINANT_CYCLE_PHASE","V0.1","MEDIAN_PRICE",,"False","INITIALIZING","2026-09-11T18:41:53.539Z"
"20260911T161623Z-1","A","AAPL","6","6","EHLERS_DOMINANT_CYCLE_PHASE","V0.1","MEDIAN_PRICE",,"False","INITIALIZING","2026-09-11T18:41:53.539Z"
"20260911T161623Z-1","A","AMD","1","6","EHLERS_DOMINANT_CYCLE_PHASE","V0.1","MEDIAN_PRICE",,"False","INITIALIZING","2026-09-11T18:41:53.542Z"
"20260911T161623Z-1","A","AMD","2","6","EHLERS_DOMINANT_CYCLE_PHASE","V0.1","MEDIAN_PRICE",,"False","INITIALIZING","2026-09-11T18:41:53.542Z"
"20260911T161623Z-1","A","AMD","3","6","EHLERS_DOMINANT_CYCLE_PHASE","V0.1","MEDIAN_PRICE",,"False","INITIALIZING","2026-09-11T18:41:53.542Z"
"20260911T161623Z-1","A","AMD","4","6","EHLERS_DOMINANT_CYCLE_PHASE","V0.1","MEDIAN_PRICE",,"False","INITIALIZING","2026-09-11T18:41:53.542Z"
"20260911T161623Z-1","A","AMD","5","6","EHLERS_DOMINANT_CYCLE_PHASE","V0.1","MEDIAN_PRICE",,"False","INITIALIZING","2026-09-11T18:41:53.542Z"
"20260911T161623Z-1","A","AMD","6","6","EHLERS_DOMINANT_CYCLE_PHASE","V0.1","MEDIAN_PRICE",,"False","INITIALIZING","2026-09-11T18:41:53.542Z"
"20260911T161623Z-1","A","AMZN","1","6","EHLERS_DOMINANT_CYCLE_PHASE","V0.1","MEDIAN_PRICE",,"False","INITIALIZING","2026-09-11T18:41:53.544Z"
"20260911T161623Z-1","A","AMZN","2","6","EHLERS_DOMINANT_CYCLE_PHASE","V0.1","MEDIAN_PRICE",,"False","INITIALIZING","2026-09-11T18:41:53.544Z"
"20260911T161623Z-1","A","AMZN","3","6","EHLERS_DOMINANT_CYCLE_PHASE","V0.1","MEDIAN_PRICE",,"False","INITIALIZING","2026-09-11T18:41:53.544Z"
"20260911T161623Z-1","A","AMZN","4","6","EHLERS_DOMINANT_CYCLE_PHASE","V0.1","MEDIAN_PRICE",,"False","INITIALIZING","2026-09-11T18:41:53.544Z"
"20260911T161623Z-1","A","AMZN","5","6","EHLERS_DOMINANT_CYCLE_PHASE","V0.1","MEDIAN_PRICE",,"False","INITIALIZING","2026-09-11T18:41:53.544Z"
"20260911T161623Z-1","A","AMZN","6","6","EHLERS_DOMINANT_CYCLE_PHASE","V0.1","MEDIAN_PRICE",,"False","INITIALIZING","2026-09-11T18:41:53.544Z"
"20260911T161623Z-1","A","AVGO","1","6","EHLERS_DOMINANT_CYCLE_PHASE","V0.1","MEDIAN_PRICE",,"False","INITIALIZING","2026-09-11T18:41:53.547Z"
"20260911T161623Z-1","A","AVGO","2","6","EHLERS_DOMINANT_CYCLE_PHASE","V0.1","MEDIAN_PRICE",,"False","INITIALIZING","2026-09-11T18:41:53.547Z"
"20260911T161623Z-1","A","AVGO","3","6","EHLERS_DOMINANT_CYCLE_PHASE","V0.1","MEDIAN_PRICE",,"False","INITIALIZING","2026-09-11T18:41:53.547Z"
"20260911T161623Z-1","A","AVGO","4","6","EHLERS_DOMINANT_CYCLE_PHASE","V0.1","MEDIAN_PRICE",,"False","INITIALIZING","2026-09-11T18:41:53.547Z"
"20260911T161623Z-1","A","AVGO","5","6","EHLERS_DOMINANT_CYCLE_PHASE","V0.1","MEDIAN_PRICE",,"False","INITIALIZING","2026-09-11T18:41:53.547Z"
"20260911T161623Z-1","A","AVGO","6","6","EHLERS_DOMINANT_CYCLE_PHASE","V0.1","MEDIAN_PRICE",,"False","INITIALIZING","2026-09-11T18:41:53.547Z"
"20260911T161623Z-1","A","GOOGL","1","6","EHLERS_DOMINANT_CYCLE_PHASE","V0.1","MEDIAN_PRICE",,"False","INITIALIZING","2026-09-11T18:41:53.549Z"
"20260911T161623Z-1","A","GOOGL","2","6","EHLERS_DOMINANT_CYCLE_PHASE","V0.1","MEDIAN_PRICE",,"False","INITIALIZING","2026-09-11T18:41:53.549Z"
"20260911T161623Z-1","A","GOOGL","3","6","EHLERS_DOMINANT_CYCLE_PHASE","V0.1","MEDIAN_PRICE",,"False","INITIALIZING","2026-09-11T18:41:53.549Z"
"20260911T161623Z-1","A","GOOGL","4","6","EHLERS_DOMINANT_CYCLE_PHASE","V0.1","MEDIAN_PRICE",,"False","INITIALIZING","2026-09-11T18:41:53.549Z"
"20260911T161623Z-1","A","GOOGL","5","6","EHLERS_DOMINANT_CYCLE_PHASE","V0.1","MEDIAN_PRICE",,"False","INITIALIZING","2026-09-11T18:41:53.549Z"
"20260911T161623Z-1","A","GOOGL","6","6","EHLERS_DOMINANT_CYCLE_PHASE","V0.1","MEDIAN_PRICE",,"False","INITIALIZING","2026-09-11T18:41:53.549Z"
"20260911T161623Z-1","A","META","1","6","EHLERS_DOMINANT_CYCLE_PHASE","V0.1","MEDIAN_PRICE",,"False","INITIALIZING","2026-09-11T18:41:53.552Z"
"20260911T161623Z-1","A","META","2","6","EHLERS_DOMINANT_CYCLE_PHASE","V0.1","MEDIAN_PRICE",,"False","INITIALIZING","2026-09-11T18:41:53.552Z"
"20260911T161623Z-1","A","META","3","6","EHLERS_DOMINANT_CYCLE_PHASE","V0.1","MEDIAN_PRICE",,"False","INITIALIZING","2026-09-11T18:41:53.552Z"
"20260911T161623Z-1","A","META","4","6","EHLERS_DOMINANT_CYCLE_PHASE","V0.1","MEDIAN_PRICE",,"False","INITIALIZING","2026-09-11T18:41:53.552Z"
"20260911T161623Z-1","A","META","5","6","EHLERS_DOMINANT_CYCLE_PHASE","V0.1","MEDIAN_PRICE",,"False","INITIALIZING","2026-09-11T18:41:53.552Z"
"20260911T161623Z-1","A","META","6","6","EHLERS_DOMINANT_CYCLE_PHASE","V0.1","MEDIAN_PRICE",,"False","INITIALIZING","2026-09-11T18:41:53.552Z"
"20260911T161623Z-1","A","MSFT","1","6","EHLERS_DOMINANT_CYCLE_PHASE","V0.1","MEDIAN_PRICE",,"False","INITIALIZING","2026-09-11T18:41:53.555Z"
"20260911T161623Z-1","A","MSFT","2","6","EHLERS_DOMINANT_CYCLE_PHASE","V0.1","MEDIAN_PRICE",,"False","INITIALIZING","2026-09-11T18:41:53.555Z"
"20260911T161623Z-1","A","MSFT","3","6","EHLERS_DOMINANT_CYCLE_PHASE","V0.1","MEDIAN_PRICE",,"False","INITIALIZING","2026-09-11T18:41:53.555Z"
"20260911T161623Z-1","A","MSFT","4","6","EHLERS_DOMINANT_CYCLE_PHASE","V0.1","MEDIAN_PRICE",,"False","INITIALIZING","2026-09-11T18:41:53.555Z"
"20260911T161623Z-1","A","MSFT","5","6","EHLERS_DOMINANT_CYCLE_PHASE","V0.1","MEDIAN_PRICE",,"False","INITIALIZING","2026-09-11T18:41:53.555Z"
"20260911T161623Z-1","A","MSFT","6","6","EHLERS_DOMINANT_CYCLE_PHASE","V0.1","MEDIAN_PRICE",,"False","INITIALIZING","2026-09-11T18:41:53.555Z"
"20260911T161623Z-1","A","NFLX","1","6","EHLERS_DOMINANT_CYCLE_PHASE","V0.1","MEDIAN_PRICE",,"False","INITIALIZING","2026-09-11T18:41:53.557Z"
"20260911T161623Z-1","A","NFLX","2","6","EHLERS_DOMINANT_CYCLE_PHASE","V0.1","MEDIAN_PRICE",,"False","INITIALIZING","2026-09-11T18:41:53.557Z"
"20260911T161623Z-1","A","NFLX","3","6","EHLERS_DOMINANT_CYCLE_PHASE","V0.1","MEDIAN_PRICE",,"False","INITIALIZING","2026-09-11T18:41:53.557Z"
"20260911T161623Z-1","A","NFLX","4","6","EHLERS_DOMINANT_CYCLE_PHASE","V0.1","MEDIAN_PRICE",,"False","INITIALIZING","2026-09-11T18:41:53.557Z"
"20260911T161623Z-1","A","NFLX","5","6","EHLERS_DOMINANT_CYCLE_PHASE","V0.1","MEDIAN_PRICE",,"False","INITIALIZING","2026-09-11T18:41:53.557Z"
"20260911T161623Z-1","A","NFLX","6","6","EHLERS_DOMINANT_CYCLE_PHASE","V0.1","MEDIAN_PRICE",,"False","INITIALIZING","2026-09-11T18:41:53.557Z"
"20260911T161623Z-1","A","NVDA","1","6","EHLERS_DOMINANT_CYCLE_PHASE","V0.1","MEDIAN_PRICE",,"False","INITIALIZING","2026-09-11T18:41:53.559Z"
"20260911T161623Z-1","A","NVDA","2","6","EHLERS_DOMINANT_CYCLE_PHASE","V0.1","MEDIAN_PRICE",,"False","INITIALIZING","2026-09-11T18:41:53.559Z"
"20260911T161623Z-1","A","NVDA","3","6","EHLERS_DOMINANT_CYCLE_PHASE","V0.1","MEDIAN_PRICE",,"False","INITIALIZING","2026-09-11T18:41:53.559Z"
"20260911T161623Z-1","A","NVDA","4","6","EHLERS_DOMINANT_CYCLE_PHASE","V0.1","MEDIAN_PRICE",,"False","INITIALIZING","2026-09-11T18:41:53.559Z"
"20260911T161623Z-1","A","NVDA","5","6","EHLERS_DOMINANT_CYCLE_PHASE","V0.1","MEDIAN_PRICE",,"False","INITIALIZING","2026-09-11T18:41:53.559Z"
"20260911T161623Z-1","A","NVDA","6","6","EHLERS_DOMINANT_CYCLE_PHASE","V0.1","MEDIAN_PRICE",,"False","INITIALIZING","2026-09-11T18:41:53.559Z"
"20260911T161623Z-1","A","TSLA","1","6","EHLERS_DOMINANT_CYCLE_PHASE","V0.1","MEDIAN_PRICE",,"False","INITIALIZING","2026-09-11T18:41:53.562Z"
"20260911T161623Z-1","A","TSLA","2","6","EHLERS_DOMINANT_CYCLE_PHASE","V0.1","MEDIAN_PRICE",,"False","INITIALIZING","2026-09-11T18:41:53.562Z"
"20260911T161623Z-1","A","TSLA","3","6","EHLERS_DOMINANT_CYCLE_PHASE","V0.1","MEDIAN_PRICE",,"False","INITIALIZING","2026-09-11T18:41:53.562Z"
"20260911T161623Z-1","A","TSLA","4","6","EHLERS_DOMINANT_CYCLE_PHASE","V0.1","MEDIAN_PRICE",,"False","INITIALIZING","2026-09-11T18:41:53.562Z"
"20260911T161623Z-1","A","TSLA","5","6","EHLERS_DOMINANT_CYCLE_PHASE","V0.1","MEDIAN_PRICE",,"False","INITIALIZING","2026-09-11T18:41:53.562Z"
"20260911T161623Z-1","A","TSLA","6","6","EHLERS_DOMINANT_CYCLE_PHASE","V0.1","MEDIAN_PRICE",,"False","INITIALIZING","2026-09-11T18:41:53.562Z"
"20260911T161623Z-1","B","DIA","1","6","EHLERS_DOMINANT_CYCLE_PHASE","V0.1","MEDIAN_PRICE",,"False","INITIALIZING","2026-09-11T18:41:53.565Z"
"20260911T161623Z-1","B","DIA","2","6","EHLERS_DOMINANT_CYCLE_PHASE","V0.1","MEDIAN_PRICE",,"False","INITIALIZING","2026-09-11T18:41:53.565Z"
"20260911T161623Z-1","B","DIA","3","6","EHLERS_DOMINANT_CYCLE_PHASE","V0.1","MEDIAN_PRICE",,"False","INITIALIZING","2026-09-11T18:41:53.565Z"
"20260911T161623Z-1","B","DIA","4","6","EHLERS_DOMINANT_CYCLE_PHASE","V0.1","MEDIAN_PRICE",,"False","INITIALIZING","2026-09-11T18:41:53.565Z"
"20260911T161623Z-1","B","DIA","5","6","EHLERS_DOMINANT_CYCLE_PHASE","V0.1","MEDIAN_PRICE",,"False","INITIALIZING","2026-09-11T18:41:53.565Z"
"20260911T161623Z-1","B","DIA","6","6","EHLERS_DOMINANT_CYCLE_PHASE","V0.1","MEDIAN_PRICE",,"False","INITIALIZING","2026-09-11T18:41:53.565Z"
"20260911T161623Z-1","B","EEM","1","6","EHLERS_DOMINANT_CYCLE_PHASE","V0.1","MEDIAN_PRICE",,"False","INITIALIZING","2026-09-11T18:41:53.568Z"
"20260911T161623Z-1","B","EEM","2","6","EHLERS_DOMINANT_CYCLE_PHASE","V0.1","MEDIAN_PRICE",,"False","INITIALIZING","2026-09-11T18:41:53.568Z"
"20260911T161623Z-1","B","EEM","3","6","EHLERS_DOMINANT_CYCLE_PHASE","V0.1","MEDIAN_PRICE",,"False","INITIALIZING","2026-09-11T18:41:53.568Z"
"20260911T161623Z-1","B","EEM","4","6","EHLERS_DOMINANT_CYCLE_PHASE","V0.1","MEDIAN_PRICE",,"False","INITIALIZING","2026-09-11T18:41:53.568Z"
"20260911T161623Z-1","B","EEM","5","6","EHLERS_DOMINANT_CYCLE_PHASE","V0.1","MEDIAN_PRICE",,"False","INITIALIZING","2026-09-11T18:41:53.568Z"
"20260911T161623Z-1","B","EEM","6","6","EHLERS_DOMINANT_CYCLE_PHASE","V0.1","MEDIAN_PRICE",,"False","INITIALIZING","2026-09-11T18:41:53.568Z"
"20260911T161623Z-1","B","GLD","1","6","EHLERS_DOMINANT_CYCLE_PHASE","V0.1","MEDIAN_PRICE",,"False","INITIALIZING","2026-09-11T18:41:53.570Z"
"20260911T161623Z-1","B","GLD","2","6","EHLERS_DOMINANT_CYCLE_PHASE","V0.1","MEDIAN_PRICE",,"False","INITIALIZING","2026-09-11T18:41:53.570Z"
"20260911T161623Z-1","B","GLD","3","6","EHLERS_DOMINANT_CYCLE_PHASE","V0.1","MEDIAN_PRICE",,"False","INITIALIZING","2026-09-11T18:41:53.570Z"
"20260911T161623Z-1","B","GLD","4","6","EHLERS_DOMINANT_CYCLE_PHASE","V0.1","MEDIAN_PRICE",,"False","INITIALIZING","2026-09-11T18:41:53.570Z"
"20260911T161623Z-1","B","GLD","5","6","EHLERS_DOMINANT_CYCLE_PHASE","V0.1","MEDIAN_PRICE",,"False","INITIALIZING","2026-09-11T18:41:53.570Z"
"20260911T161623Z-1","B","GLD","6","6","EHLERS_DOMINANT_CYCLE_PHASE","V0.1","MEDIAN_PRICE",,"False","INITIALIZING","2026-09-11T18:41:53.570Z"
"20260911T161623Z-1","B","IWM","1","6","EHLERS_DOMINANT_CYCLE_PHASE","V0.1","MEDIAN_PRICE",,"False","INITIALIZING","2026-09-11T18:41:53.573Z"
"20260911T161623Z-1","B","IWM","2","6","EHLERS_DOMINANT_CYCLE_PHASE","V0.1","MEDIAN_PRICE",,"False","INITIALIZING","2026-09-11T18:41:53.573Z"
"20260911T161623Z-1","B","IWM","3","6","EHLERS_DOMINANT_CYCLE_PHASE","V0.1","MEDIAN_PRICE",,"False","INITIALIZING","2026-09-11T18:41:53.573Z"
"20260911T161623Z-1","B","IWM","4","6","EHLERS_DOMINANT_CYCLE_PHASE","V0.1","MEDIAN_PRICE",,"False","INITIALIZING","2026-09-11T18:41:53.573Z"
"20260911T161623Z-1","B","IWM","5","6","EHLERS_DOMINANT_CYCLE_PHASE","V0.1","MEDIAN_PRICE",,"False","INITIALIZING","2026-09-11T18:41:53.573Z"
"20260911T161623Z-1","B","IWM","6","6","EHLERS_DOMINANT_CYCLE_PHASE","V0.1","MEDIAN_PRICE",,"False","INITIALIZING","2026-09-11T18:41:53.573Z"
"20260911T161623Z-1","B","QQQ","1","6","EHLERS_DOMINANT_CYCLE_PHASE","V0.1","MEDIAN_PRICE",,"False","INITIALIZING","2026-09-11T18:41:53.576Z"
"20260911T161623Z-1","B","QQQ","2","6","EHLERS_DOMINANT_CYCLE_PHASE","V0.1","MEDIAN_PRICE",,"False","INITIALIZING","2026-09-11T18:41:53.576Z"
"20260911T161623Z-1","B","QQQ","3","6","EHLERS_DOMINANT_CYCLE_PHASE","V0.1","MEDIAN_PRICE",,"False","INITIALIZING","2026-09-11T18:41:53.576Z"
"20260911T161623Z-1","B","QQQ","4","6","EHLERS_DOMINANT_CYCLE_PHASE","V0.1","MEDIAN_PRICE",,"False","INITIALIZING","2026-09-11T18:41:53.576Z"
"20260911T161623Z-1","B","QQQ","5","6","EHLERS_DOMINANT_CYCLE_PHASE","V0.1","MEDIAN_PRICE",,"False","INITIALIZING","2026-09-11T18:41:53.576Z"
"20260911T161623Z-1","B","QQQ","6","6","EHLERS_DOMINANT_CYCLE_PHASE","V0.1","MEDIAN_PRICE",,"False","INITIALIZING","2026-09-11T18:41:53.576Z"
"20260911T161623Z-1","B","SPY","1","6","EHLERS_DOMINANT_CYCLE_PHASE","V0.1","MEDIAN_PRICE",,"False","INITIALIZING","2026-09-11T18:41:53.578Z"
"20260911T161623Z-1","B","SPY","2","6","EHLERS_DOMINANT_CYCLE_PHASE","V0.1","MEDIAN_PRICE",,"False","INITIALIZING","2026-09-11T18:41:53.578Z"
"20260911T161623Z-1","B","SPY","3","6","EHLERS_DOMINANT_CYCLE_PHASE","V0.1","MEDIAN_PRICE",,"False","INITIALIZING","2026-09-11T18:41:53.578Z"
"20260911T161623Z-1","B","SPY","4","6","EHLERS_DOMINANT_CYCLE_PHASE","V0.1","MEDIAN_PRICE",,"False","INITIALIZING","2026-09-11T18:41:53.578Z"
"20260911T161623Z-1","B","SPY","5","6","EHLERS_DOMINANT_CYCLE_PHASE","V0.1","MEDIAN_PRICE",,"False","INITIALIZING","2026-09-11T18:41:53.578Z"
"20260911T161623Z-1","B","SPY","6","6","EHLERS_DOMINANT_CYCLE_PHASE","V0.1","MEDIAN_PRICE",,"False","INITIALIZING","2026-09-11T18:41:53.578Z"
"20260911T161623Z-1","B","TLT","1","6","EHLERS_DOMINANT_CYCLE_PHASE","V0.1","MEDIAN_PRICE",,"False","INITIALIZING","2026-09-11T18:41:53.580Z"
"20260911T161623Z-1","B","TLT","2","6","EHLERS_DOMINANT_CYCLE_PHASE","V0.1","MEDIAN_PRICE",,"False","INITIALIZING","2026-09-11T18:41:53.580Z"
"20260911T161623Z-1","B","TLT","3","6","EHLERS_DOMINANT_CYCLE_PHASE","V0.1","MEDIAN_PRICE",,"False","INITIALIZING","2026-09-11T18:41:53.580Z"
"20260911T161623Z-1","B","TLT","4","6","EHLERS_DOMINANT_CYCLE_PHASE","V0.1","MEDIAN_PRICE",,"False","INITIALIZING","2026-09-11T18:41:53.580Z"
"20260911T161623Z-1","B","TLT","5","6","EHLERS_DOMINANT_CYCLE_PHASE","V0.1","MEDIAN_PRICE",,"False","INITIALIZING","2026-09-11T18:41:53.580Z"
"20260911T161623Z-1","B","TLT","6","6","EHLERS_DOMINANT_CYCLE_PHASE","V0.1","MEDIAN_PRICE",,"False","INITIALIZING","2026-09-11T18:41:53.580Z"
"20260911T161623Z-1","B","VXX","1","6","EHLERS_DOMINANT_CYCLE_PHASE","V0.1","MEDIAN_PRICE",,"False","INITIALIZING","2026-09-11T18:41:53.583Z"
"20260911T161623Z-1","B","VXX","2","6","EHLERS_DOMINANT_CYCLE_PHASE","V0.1","MEDIAN_PRICE",,"False","INITIALIZING","2026-09-11T18:41:53.583Z"
"20260911T161623Z-1","B","VXX","3","6","EHLERS_DOMINANT_CYCLE_PHASE","V0.1","MEDIAN_PRICE",,"False","INITIALIZING","2026-09-11T18:41:53.583Z"
"20260911T161623Z-1","B","VXX","4","6","EHLERS_DOMINANT_CYCLE_PHASE","V0.1","MEDIAN_PRICE",,"False","INITIALIZING","2026-09-11T18:41:53.583Z"
"20260911T161623Z-1","B","VXX","5","6","EHLERS_DOMINANT_CYCLE_PHASE","V0.1","MEDIAN_PRICE",,"False","INITIALIZING","2026-09-11T18:41:53.583Z"
"20260911T161623Z-1","B","VXX","6","6","EHLERS_DOMINANT_CYCLE_PHASE","V0.1","MEDIAN_PRICE",,"False","INITIALIZING","2026-09-11T18:41:53.583Z"
"20260911T161623Z-1","B","XLF","1","6","EHLERS_DOMINANT_CYCLE_PHASE","V0.1","MEDIAN_PRICE",,"False","INITIALIZING","2026-09-11T18:41:53.585Z"
"20260911T161623Z-1","B","XLF","2","6","EHLERS_DOMINANT_CYCLE_PHASE","V0.1","MEDIAN_PRICE",,"False","INITIALIZING","2026-09-11T18:41:53.585Z"
"20260911T161623Z-1","B","XLF","3","6","EHLERS_DOMINANT_CYCLE_PHASE","V0.1","MEDIAN_PRICE",,"False","INITIALIZING","2026-09-11T18:41:53.585Z"
"20260911T161623Z-1","B","XLF","4","6","EHLERS_DOMINANT_CYCLE_PHASE","V0.1","MEDIAN_PRICE",,"False","INITIALIZING","2026-09-11T18:41:53.585Z"
"20260911T161623Z-1","B","XLF","5","6","EHLERS_DOMINANT_CYCLE_PHASE","V0.1","MEDIAN_PRICE",,"False","INITIALIZING","2026-09-11T18:41:53.585Z"
"20260911T161623Z-1","B","XLF","6","6","EHLERS_DOMINANT_CYCLE_PHASE","V0.1","MEDIAN_PRICE",,"False","INITIALIZING","2026-09-11T18:41:53.585Z"
"20260911T161623Z-1","B","XLK","1","6","EHLERS_DOMINANT_CYCLE_PHASE","V0.1","MEDIAN_PRICE",,"False","INITIALIZING","2026-09-11T18:41:53.587Z"
"20260911T161623Z-1","B","XLK","2","6","EHLERS_DOMINANT_CYCLE_PHASE","V0.1","MEDIAN_PRICE",,"False","INITIALIZING","2026-09-11T18:41:53.587Z"
"20260911T161623Z-1","B","XLK","3","6","EHLERS_DOMINANT_CYCLE_PHASE","V0.1","MEDIAN_PRICE",,"False","INITIALIZING","2026-09-11T18:41:53.587Z"
"20260911T161623Z-1","B","XLK","4","6","EHLERS_DOMINANT_CYCLE_PHASE","V0.1","MEDIAN_PRICE",,"False","INITIALIZING","2026-09-11T18:41:53.587Z"
"20260911T161623Z-1","B","XLK","5","6","EHLERS_DOMINANT_CYCLE_PHASE","V0.1","MEDIAN_PRICE",,"False","INITIALIZING","2026-09-11T18:41:53.587Z"
"20260911T161623Z-1","B","XLK","6","6","EHLERS_DOMINANT_CYCLE_PHASE","V0.1","MEDIAN_PRICE",,"False","INITIALIZING","2026-09-11T18:41:53.587Z"
"20260911T161623Z-1","C","BAC","1","6","EHLERS_DOMINANT_CYCLE_PHASE","V0.1","MEDIAN_PRICE",,"False","INITIALIZING","2026-09-11T18:41:53.591Z"
"20260911T161623Z-1","C","BAC","2","6","EHLERS_DOMINANT_CYCLE_PHASE","V0.1","MEDIAN_PRICE",,"False","INITIALIZING","2026-09-11T18:41:53.591Z"
"20260911T161623Z-1","C","BAC","3","6","EHLERS_DOMINANT_CYCLE_PHASE","V0.1","MEDIAN_PRICE",,"False","INITIALIZING","2026-09-11T18:41:53.591Z"
"20260911T161623Z-1","C","BAC","4","6","EHLERS_DOMINANT_CYCLE_PHASE","V0.1","MEDIAN_PRICE",,"False","INITIALIZING","2026-09-11T18:41:53.591Z"
"20260911T161623Z-1","C","BAC","5","6","EHLERS_DOMINANT_CYCLE_PHASE","V0.1","MEDIAN_PRICE",,"False","INITIALIZING","2026-09-11T18:41:53.591Z"
"20260911T161623Z-1","C","BAC","6","6","EHLERS_DOMINANT_CYCLE_PHASE","V0.1","MEDIAN_PRICE",,"False","INITIALIZING","2026-09-11T18:41:53.591Z"
"20260911T161623Z-1","C","COST","1","6","EHLERS_DOMINANT_CYCLE_PHASE","V0.1","MEDIAN_PRICE",,"False","INITIALIZING","2026-09-11T18:41:53.594Z"
"20260911T161623Z-1","C","COST","2","6","EHLERS_DOMINANT_CYCLE_PHASE","V0.1","MEDIAN_PRICE",,"False","INITIALIZING","2026-09-11T18:41:53.594Z"
"20260911T161623Z-1","C","COST","3","6","EHLERS_DOMINANT_CYCLE_PHASE","V0.1","MEDIAN_PRICE",,"False","INITIALIZING","2026-09-11T18:41:53.594Z"
"20260911T161623Z-1","C","COST","4","6","EHLERS_DOMINANT_CYCLE_PHASE","V0.1","MEDIAN_PRICE",,"False","INITIALIZING","2026-09-11T18:41:53.594Z"
"20260911T161623Z-1","C","COST","5","6","EHLERS_DOMINANT_CYCLE_PHASE","V0.1","MEDIAN_PRICE",,"False","INITIALIZING","2026-09-11T18:41:53.594Z"
"20260911T161623Z-1","C","COST","6","6","EHLERS_DOMINANT_CYCLE_PHASE","V0.1","MEDIAN_PRICE",,"False","INITIALIZING","2026-09-11T18:41:53.594Z"
"20260911T161623Z-1","C","HD","1","6","EHLERS_DOMINANT_CYCLE_PHASE","V0.1","MEDIAN_PRICE",,"False","INITIALIZING","2026-09-11T18:41:53.597Z"
"20260911T161623Z-1","C","HD","2","6","EHLERS_DOMINANT_CYCLE_PHASE","V0.1","MEDIAN_PRICE",,"False","INITIALIZING","2026-09-11T18:41:53.597Z"
"20260911T161623Z-1","C","HD","3","6","EHLERS_DOMINANT_CYCLE_PHASE","V0.1","MEDIAN_PRICE",,"False","INITIALIZING","2026-09-11T18:41:53.597Z"
"20260911T161623Z-1","C","HD","4","6","EHLERS_DOMINANT_CYCLE_PHASE","V0.1","MEDIAN_PRICE",,"False","INITIALIZING","2026-09-11T18:41:53.597Z"
"20260911T161623Z-1","C","HD","5","6","EHLERS_DOMINANT_CYCLE_PHASE","V0.1","MEDIAN_PRICE",,"False","INITIALIZING","2026-09-11T18:41:53.597Z"
"20260911T161623Z-1","C","HD","6","6","EHLERS_DOMINANT_CYCLE_PHASE","V0.1","MEDIAN_PRICE",,"False","INITIALIZING","2026-09-11T18:41:53.597Z"
"20260911T161623Z-1","C","JNJ","1","6","EHLERS_DOMINANT_CYCLE_PHASE","V0.1","MEDIAN_PRICE",,"False","INITIALIZING","2026-09-11T18:41:53.600Z"
"20260911T161623Z-1","C","JNJ","2","6","EHLERS_DOMINANT_CYCLE_PHASE","V0.1","MEDIAN_PRICE",,"False","INITIALIZING","2026-09-11T18:41:53.600Z"
"20260911T161623Z-1","C","JNJ","3","6","EHLERS_DOMINANT_CYCLE_PHASE","V0.1","MEDIAN_PRICE",,"False","INITIALIZING","2026-09-11T18:41:53.600Z"
"20260911T161623Z-1","C","JNJ","4","6","EHLERS_DOMINANT_CYCLE_PHASE","V0.1","MEDIAN_PRICE",,"False","INITIALIZING","2026-09-11T18:41:53.600Z"
"20260911T161623Z-1","C","JNJ","5","6","EHLERS_DOMINANT_CYCLE_PHASE","V0.1","MEDIAN_PRICE",,"False","INITIALIZING","2026-09-11T18:41:53.600Z"
"20260911T161623Z-1","C","JNJ","6","6","EHLERS_DOMINANT_CYCLE_PHASE","V0.1","MEDIAN_PRICE",,"False","INITIALIZING","2026-09-11T18:41:53.600Z"
"20260911T161623Z-1","C","JPM","1","6","EHLERS_DOMINANT_CYCLE_PHASE","V0.1","MEDIAN_PRICE",,"False","INITIALIZING","2026-09-11T18:41:53.604Z"
"20260911T161623Z-1","C","JPM","2","6","EHLERS_DOMINANT_CYCLE_PHASE","V0.1","MEDIAN_PRICE",,"False","INITIALIZING","2026-09-11T18:41:53.604Z"
"20260911T161623Z-1","C","JPM","3","6","EHLERS_DOMINANT_CYCLE_PHASE","V0.1","MEDIAN_PRICE",,"False","INITIALIZING","2026-09-11T18:41:53.604Z"
"20260911T161623Z-1","C","JPM","4","6","EHLERS_DOMINANT_CYCLE_PHASE","V0.1","MEDIAN_PRICE",,"False","INITIALIZING","2026-09-11T18:41:53.604Z"
"20260911T161623Z-1","C","JPM","5","6","EHLERS_DOMINANT_CYCLE_PHASE","V0.1","MEDIAN_PRICE",,"False","INITIALIZING","2026-09-11T18:41:53.604Z"
"20260911T161623Z-1","C","JPM","6","6","EHLERS_DOMINANT_CYCLE_PHASE","V0.1","MEDIAN_PRICE",,"False","INITIALIZING","2026-09-11T18:41:53.604Z"
"20260911T161623Z-1","C","MA","1","6","EHLERS_DOMINANT_CYCLE_PHASE","V0.1","MEDIAN_PRICE",,"False","INITIALIZING","2026-09-11T18:41:53.606Z"
"20260911T161623Z-1","C","MA","2","6","EHLERS_DOMINANT_CYCLE_PHASE","V0.1","MEDIAN_PRICE",,"False","INITIALIZING","2026-09-11T18:41:53.606Z"
"20260911T161623Z-1","C","MA","3","6","EHLERS_DOMINANT_CYCLE_PHASE","V0.1","MEDIAN_PRICE",,"False","INITIALIZING","2026-09-11T18:41:53.606Z"
"20260911T161623Z-1","C","MA","4","6","EHLERS_DOMINANT_CYCLE_PHASE","V0.1","MEDIAN_PRICE",,"False","INITIALIZING","2026-09-11T18:41:53.606Z"
"20260911T161623Z-1","C","MA","5","6","EHLERS_DOMINANT_CYCLE_PHASE","V0.1","MEDIAN_PRICE",,"False","INITIALIZING","2026-09-11T18:41:53.606Z"
"20260911T161623Z-1","C","MA","6","6","EHLERS_DOMINANT_CYCLE_PHASE","V0.1","MEDIAN_PRICE",,"False","INITIALIZING","2026-09-11T18:41:53.606Z"
"20260911T161623Z-1","C","UNH","1","6","EHLERS_DOMINANT_CYCLE_PHASE","V0.1","MEDIAN_PRICE",,"False","INITIALIZING","2026-09-11T18:41:53.609Z"
"20260911T161623Z-1","C","UNH","2","6","EHLERS_DOMINANT_CYCLE_PHASE","V0.1","MEDIAN_PRICE",,"False","INITIALIZING","2026-09-11T18:41:53.609Z"
"20260911T161623Z-1","C","UNH","3","6","EHLERS_DOMINANT_CYCLE_PHASE","V0.1","MEDIAN_PRICE",,"False","INITIALIZING","2026-09-11T18:41:53.609Z"
"20260911T161623Z-1","C","UNH","4","6","EHLERS_DOMINANT_CYCLE_PHASE","V0.1","MEDIAN_PRICE",,"False","INITIALIZING","2026-09-11T18:41:53.609Z"
"20260911T161623Z-1","C","UNH","5","6","EHLERS_DOMINANT_CYCLE_PHASE","V0.1","MEDIAN_PRICE",,"False","INITIALIZING","2026-09-11T18:41:53.609Z"
"20260911T161623Z-1","C","UNH","6","6","EHLERS_DOMINANT_CYCLE_PHASE","V0.1","MEDIAN_PRICE",,"False","INITIALIZING","2026-09-11T18:41:53.609Z"
"20260911T161623Z-1","C","V","1","6","EHLERS_DOMINANT_CYCLE_PHASE","V0.1","MEDIAN_PRICE",,"False","INITIALIZING","2026-09-11T18:41:53.612Z"
"20260911T161623Z-1","C","V","2","6","EHLERS_DOMINANT_CYCLE_PHASE","V0.1","MEDIAN_PRICE",,"False","INITIALIZING","2026-09-11T18:41:53.612Z"
"20260911T161623Z-1","C","V","3","6","EHLERS_DOMINANT_CYCLE_PHASE","V0.1","MEDIAN_PRICE",,"False","INITIALIZING","2026-09-11T18:41:53.612Z"
"20260911T161623Z-1","C","V","4","6","EHLERS_DOMINANT_CYCLE_PHASE","V0.1","MEDIAN_PRICE",,"False","INITIALIZING","2026-09-11T18:41:53.612Z"
"20260911T161623Z-1","C","V","5","6","EHLERS_DOMINANT_CYCLE_PHASE","V0.1","MEDIAN_PRICE",,"False","INITIALIZING","2026-09-11T18:41:53.612Z"
"20260911T161623Z-1","C","V","6","6","EHLERS_DOMINANT_CYCLE_PHASE","V0.1","MEDIAN_PRICE",,"False","INITIALIZING","2026-09-11T18:41:53.612Z"
"20260911T161623Z-1","C","WMT","1","6","EHLERS_DOMINANT_CYCLE_PHASE","V0.1","MEDIAN_PRICE",,"False","INITIALIZING","2026-09-11T18:41:53.614Z"
"20260911T161623Z-1","C","WMT","2","6","EHLERS_DOMINANT_CYCLE_PHASE","V0.1","MEDIAN_PRICE",,"False","INITIALIZING","2026-09-11T18:41:53.614Z"
"20260911T161623Z-1","C","WMT","3","6","EHLERS_DOMINANT_CYCLE_PHASE","V0.1","MEDIAN_PRICE",,"False","INITIALIZING","2026-09-11T18:41:53.614Z"
"20260911T161623Z-1","C","WMT","4","6","EHLERS_DOMINANT_CYCLE_PHASE","V0.1","MEDIAN_PRICE",,"False","INITIALIZING","2026-09-11T18:41:53.614Z"
"20260911T161623Z-1","C","WMT","5","6","EHLERS_DOMINANT_CYCLE_PHASE","V0.1","MEDIAN_PRICE",,"False","INITIALIZING","2026-09-11T18:41:53.614Z"
"20260911T161623Z-1","C","WMT","6","6","EHLERS_DOMINANT_CYCLE_PHASE","V0.1","MEDIAN_PRICE",,"False","INITIALIZING","2026-09-11T18:41:53.614Z"
"20260911T161623Z-1","C","XOM","1","6","EHLERS_DOMINANT_CYCLE_PHASE","V0.1","MEDIAN_PRICE",,"False","INITIALIZING","2026-09-11T18:41:53.617Z"
"20260911T161623Z-1","C","XOM","2","6","EHLERS_DOMINANT_CYCLE_PHASE","V0.1","MEDIAN_PRICE",,"False","INITIALIZING","2026-09-11T18:41:53.617Z"
"20260911T161623Z-1","C","XOM","3","6","EHLERS_DOMINANT_CYCLE_PHASE","V0.1","MEDIAN_PRICE",,"False","INITIALIZING","2026-09-11T18:41:53.617Z"
"20260911T161623Z-1","C","XOM","4","6","EHLERS_DOMINANT_CYCLE_PHASE","V0.1","MEDIAN_PRICE",,"False","INITIALIZING","2026-09-11T18:41:53.617Z"
"20260911T161623Z-1","C","XOM","5","6","EHLERS_DOMINANT_CYCLE_PHASE","V0.1","MEDIAN_PRICE",,"False","INITIALIZING","2026-09-11T18:41:53.617Z"
"20260911T161623Z-1","C","XOM","6","6","EHLERS_DOMINANT_CYCLE_PHASE","V0.1","MEDIAN_PRICE",,"False","INITIALIZING","2026-09-11T18:41:53.617Z"
"20260911T161623Z-1","A","AAPL","1","120","EHLERS_DOMINANT_CYCLE_PHASE","V0.1","MEDIAN_PRICE",,"False","INITIALIZING","2026-09-11T18:50:12.037Z"
"20260911T161623Z-1","A","AAPL","2","120","EHLERS_DOMINANT_CYCLE_PHASE","V0.1","MEDIAN_PRICE",,"False","INITIALIZING","2026-09-11T18:50:12.037Z"
"20260911T161623Z-1","A","AAPL","3","120","EHLERS_DOMINANT_CYCLE_PHASE","V0.1","MEDIAN_PRICE",,"False","INITIALIZING","2026-09-11T18:50:12.037Z"
"20260911T161623Z-1","A","AAPL","4","120","EHLERS_DOMINANT_CYCLE_PHASE","V0.1","MEDIAN_PRICE",,"False","INITIALIZING","2026-09-11T18:50:12.037Z"
"20260911T161623Z-1","A","AAPL","5","120","EHLERS_DOMINANT_CYCLE_PHASE","V0.1","MEDIAN_PRICE",,"False","INITIALIZING","2026-09-11T18:50:12.037Z"
"20260911T161623Z-1","A","AAPL","6","120","EHLERS_DOMINANT_CYCLE_PHASE","V0.1","MEDIAN_PRICE",,"False","INITIALIZING","2026-09-11T18:50:12.037Z"
"20260911T161623Z-1","A","AAPL","7","120","EHLERS_DOMINANT_CYCLE_PHASE","V0.1","MEDIAN_PRICE",,"False","INITIALIZING","2026-09-11T18:50:12.037Z"
"20260911T161623Z-1","A","AAPL","8","120","EHLERS_DOMINANT_CYCLE_PHASE","V0.1","MEDIAN_PRICE",,"False","INITIALIZING","2026-09-11T18:50:12.037Z"
"20260911T161623Z-1","A","AAPL","9","120","EHLERS_DOMINANT_CYCLE_PHASE","V0.1","MEDIAN_PRICE",,"False","INITIALIZING","2026-09-11T18:50:12.037Z"
"20260911T161623Z-1","A","AAPL","10","120","EHLERS_DOMINANT_CYCLE_PHASE","V0.1","MEDIAN_PRICE",,"False","INITIALIZING","2026-09-11T18:50:12.037Z"
"20260911T161623Z-1","A","AAPL","11","120","EHLERS_DOMINANT_CYCLE_PHASE","V0.1","MEDIAN_PRICE",,"False","INITIALIZING","2026-09-11T18:50:12.037Z"
"20260911T161623Z-1","A","AAPL","12","120","EHLERS_DOMINANT_CYCLE_PHASE","V0.1","MEDIAN_PRICE",,"False","INITIALIZING","2026-09-11T18:50:12.037Z"
"20260911T161623Z-1","A","AAPL","13","120","EHLERS_DOMINANT_CYCLE_PHASE","V0.1","MEDIAN_PRICE",,"False","INITIALIZING","2026-09-11T18:50:12.037Z"
"20260911T161623Z-1","A","AAPL","14","120","EHLERS_DOMINANT_CYCLE_PHASE","V0.1","MEDIAN_PRICE",,"False","INITIALIZING","2026-09-11T18:50:12.037Z"
"20260911T161623Z-1","A","AAPL","15","120","EHLERS_DOMINANT_CYCLE_PHASE","V0.1","MEDIAN_PRICE",,"False","INITIALIZING","2026-09-11T18:50:12.037Z"
"20260911T161623Z-1","A","AAPL","16","120","EHLERS_DOMINANT_CYCLE_PHASE","V0.1","MEDIAN_PRICE",,"False","INITIALIZING","2026-09-11T18:50:12.037Z"
"20260911T161623Z-1","A","AAPL","17","120","EHLERS_DOMINANT_CYCLE_PHASE","V0.1","MEDIAN_PRICE",,"False","INITIALIZING","2026-09-11T18:50:12.037Z"
"20260911T161623Z-1","A","AAPL","18","120","EHLERS_DOMINANT_CYCLE_PHASE","V0.1","MEDIAN_PRICE",,"False","INITIALIZING","2026-09-11T18:50:12.037Z"
"20260911T161623Z-1","A","AAPL","19","120","EHLERS_DOMINANT_CYCLE_PHASE","V0.1","MEDIAN_PRICE",,"False","INITIALIZING","2026-09-11T18:50:12.037Z"
"20260911T161623Z-1","A","AAPL","20","120","EHLERS_DOMINANT_CYCLE_PHASE","V0.1","MEDIAN_PRICE",,"False","INITIALIZING","2026-09-11T18:50:12.037Z"
"20260911T161623Z-1","A","AAPL","21","120","EHLERS_DOMINANT_CYCLE_PHASE","V0.1","MEDIAN_PRICE",,"False","INITIALIZING","2026-09-11T18:50:12.037Z"
"20260911T161623Z-1","A","AAPL","22","120","EHLERS_DOMINANT_CYCLE_PHASE","V0.1","MEDIAN_PRICE",,"False","INITIALIZING","2026-09-11T18:50:12.037Z"
"20260911T161623Z-1","A","AAPL","23","120","EHLERS_DOMINANT_CYCLE_PHASE","V0.1","MEDIAN_PRICE",,"False","INITIALIZING","2026-09-11T18:50:12.037Z"
"20260911T161623Z-1","A","AAPL","24","120","EHLERS_DOMINANT_CYCLE_PHASE","V0.1","MEDIAN_PRICE",,"False","INITIALIZING","2026-09-11T18:50:12.037Z"
"20260911T161623Z-1","A","AAPL","25","120","EHLERS_DOMINANT_CYCLE_PHASE","V0.1","MEDIAN_PRICE",,"False","INITIALIZING","2026-09-11T18:50:12.037Z"
"20260911T161623Z-1","A","AAPL","26","120","EHLERS_DOMINANT_CYCLE_PHASE","V0.1","MEDIAN_PRICE",,"False","INITIALIZING","2026-09-11T18:50:12.037Z"
"20260911T161623Z-1","A","AAPL","27","120","EHLERS_DOMINANT_CYCLE_PHASE","V0.1","MEDIAN_PRICE",,"False","INITIALIZING","2026-09-11T18:50:12.037Z"
"20260911T161623Z-1","A","AAPL","28","120","EHLERS_DOMINANT_CYCLE_PHASE","V0.1","MEDIAN_PRICE",,"False","INITIALIZING","2026-09-11T18:50:12.037Z"
"20260911T161623Z-1","A","AAPL","29","120","EHLERS_DOMINANT_CYCLE_PHASE","V0.1","MEDIAN_PRICE",,"False","INITIALIZING","2026-09-11T18:50:12.037Z"
"20260911T161623Z-1","A","AAPL","30","120","EHLERS_DOMINANT_CYCLE_PHASE","V0.1","MEDIAN_PRICE",,"False","INITIALIZING","2026-09-11T18:50:12.037Z"
"20260911T161623Z-1","A","AAPL","31","120","EHLERS_DOMINANT_CYCLE_PHASE","V0.1","MEDIAN_PRICE",,"False","INITIALIZING","2026-09-11T18:50:12.037Z"
"20260911T161623Z-1","A","AAPL","32","120","EHLERS_DOMINANT_CYCLE_PHASE","V0.1","MEDIAN_PRICE",,"False","INITIALIZING","2026-09-11T18:50:12.037Z"
"20260911T161623Z-1","A","AAPL","33","120","EHLERS_DOMINANT_CYCLE_PHASE","V0.1","MEDIAN_PRICE",,"False","INITIALIZING","2026-09-11T18:50:12.037Z"
"20260911T161623Z-1","A","AAPL","34","120","EHLERS_DOMINANT_CYCLE_PHASE","V0.1","MEDIAN_PRICE",,"False","INITIALIZING","2026-09-11T18:50:12.037Z"
"20260911T161623Z-1","A","AAPL","35","120","EHLERS_DOMINANT_CYCLE_PHASE","V0.1","MEDIAN_PRICE",,"False","INITIALIZING","2026-09-11T18:50:12.037Z"
"20260911T161623Z-1","A","AAPL","36","120","EHLERS_DOMINANT_CYCLE_PHASE","V0.1","MEDIAN_PRICE",,"False","INITIALIZING","2026-09-11T18:50:12.037Z"
"20260911T161623Z-1","A","AAPL","37","120","EHLERS_DOMINANT_CYCLE_PHASE","V0.1","MEDIAN_PRICE",,"False","INITIALIZING","2026-09-11T18:50:12.037Z"
"20260911T161623Z-1","A","AAPL","38","120","EHLERS_DOMINANT_CYCLE_PHASE","V0.1","MEDIAN_PRICE",,"False","INITIALIZING","2026-09-11T18:50:12.037Z"
"20260911T161623Z-1","A","AAPL","39","120","EHLERS_DOMINANT_CYCLE_PHASE","V0.1","MEDIAN_PRICE",,"False","INITIALIZING","2026-09-11T18:50:12.037Z"
"20260911T161623Z-1","A","AAPL","40","120","EHLERS_DOMINANT_CYCLE_PHASE","V0.1","MEDIAN_PRICE",,"False","INITIALIZING","2026-09-11T18:50:12.037Z"
"20260911T161623Z-1","A","AAPL","41","120","EHLERS_DOMINANT_CYCLE_PHASE","V0.1","MEDIAN_PRICE",,"False","INITIALIZING","2026-09-11T18:50:12.037Z"
"20260911T161623Z-1","A","AAPL","42","120","EHLERS_DOMINANT_CYCLE_PHASE","V0.1","MEDIAN_PRICE",,"False","INITIALIZING","2026-09-11T18:50:12.037Z"
"20260911T161623Z-1","A","AAPL","43","120","EHLERS_DOMINANT_CYCLE_PHASE","V0.1","MEDIAN_PRICE",,"False","INITIALIZING","2026-09-11T18:50:12.037Z"
"20260911T161623Z-1","A","AAPL","44","120","EHLERS_DOMINANT_CYCLE_PHASE","V0.1","MEDIAN_PRICE",,"False","INITIALIZING","2026-09-11T18:50:12.037Z"
"20260911T161623Z-1","A","AAPL","45","120","EHLERS_DOMINANT_CYCLE_PHASE","V0.1","MEDIAN_PRICE",,"False","INITIALIZING","2026-09-11T18:50:12.037Z"
"20260911T161623Z-1","A","AAPL","46","120","EHLERS_DOMINANT_CYCLE_PHASE","V0.1","MEDIAN_PRICE",,"False","INITIALIZING","2026-09-11T18:50:12.037Z"
"20260911T161623Z-1","A","AAPL","47","120","EHLERS_DOMINANT_CYCLE_PHASE","V0.1","MEDIAN_PRICE",,"False","INITIALIZING","2026-09-11T18:50:12.037Z"
"20260911T161623Z-1","A","AAPL","48","120","EHLERS_DOMINANT_CYCLE_PHASE","V0.1","MEDIAN_PRICE",,"False","INITIALIZING","2026-09-11T18:50:12.037Z"
"20260911T161623Z-1","A","AAPL","49","120","EHLERS_DOMINANT_CYCLE_PHASE","V0.1","MEDIAN_PRICE",,"False","INITIALIZING","2026-09-11T18:50:12.037Z"
"20260911T161623Z-1","A","AAPL","50","120","EHLERS_DOMINANT_CYCLE_PHASE","V0.1","MEDIAN_PRICE",,"False","INITIALIZING","2026-09-11T18:50:12.037Z"
"20260911T161623Z-1","A","AAPL","51","120","EHLERS_DOMINANT_CYCLE_PHASE","V0.1","MEDIAN_PRICE",,"False","INITIALIZING","2026-09-11T18:50:12.037Z"
"20260911T161623Z-1","A","AAPL","52","120","EHLERS_DOMINANT_CYCLE_PHASE","V0.1","MEDIAN_PRICE",,"False","INITIALIZING","2026-09-11T18:50:12.037Z"
"20260911T161623Z-1","A","AAPL","53","120","EHLERS_DOMINANT_CYCLE_PHASE","V0.1","MEDIAN_PRICE",,"False","INITIALIZING","2026-09-11T18:50:12.037Z"
"20260911T161623Z-1","A","AAPL","54","120","EHLERS_DOMINANT_CYCLE_PHASE","V0.1","MEDIAN_PRICE",,"False","INITIALIZING","2026-09-11T18:50:12.037Z"
"20260911T161623Z-1","A","AAPL","55","120","EHLERS_DOMINANT_CYCLE_PHASE","V0.1","MEDIAN_PRICE",,"False","INITIALIZING","2026-09-11T18:50:12.037Z"
"20260911T161623Z-1","A","AAPL","56","120","EHLERS_DOMINANT_CYCLE_PHASE","V0.1","MEDIAN_PRICE",,"False","INITIALIZING","2026-09-11T18:50:12.037Z"
"20260911T161623Z-1","A","AAPL","57","120","EHLERS_DOMINANT_CYCLE_PHASE","V0.1","MEDIAN_PRICE",,"False","INITIALIZING","2026-09-11T18:50:12.037Z"
"20260911T161623Z-1","A","AAPL","58","120","EHLERS_DOMINANT_CYCLE_PHASE","V0.1","MEDIAN_PRICE",,"False","INITIALIZING","2026-09-11T18:50:12.037Z"
"20260911T161623Z-1","A","AAPL","59","120","EHLERS_DOMINANT_CYCLE_PHASE","V0.1","MEDIAN_PRICE",,"False","INITIALIZING","2026-09-11T18:50:12.037Z"
"20260911T161623Z-1","A","AAPL","60","120","EHLERS_DOMINANT_CYCLE_PHASE","V0.1","MEDIAN_PRICE",,"False","INITIALIZING","2026-09-11T18:50:12.037Z"
"20260911T161623Z-1","A","AAPL","61","120","EHLERS_DOMINANT_CYCLE_PHASE","V0.1","MEDIAN_PRICE",,"False","INITIALIZING","2026-09-11T18:50:12.037Z"
"20260911T161623Z-1","A","AAPL","62","120","EHLERS_DOMINANT_CYCLE_PHASE","V0.1","MEDIAN_PRICE",,"False","INITIALIZING","2026-09-11T18:50:12.037Z"
"20260911T161623Z-1","A","AAPL","63","120","EHLERS_DOMINANT_CYCLE_PHASE","V0.1","MEDIAN_PRICE",,"False","INITIALIZING","2026-09-11T18:50:12.037Z"
"20260911T161623Z-1","A","AAPL","64","120","EHLERS_DOMINANT_CYCLE_PHASE","V0.1","MEDIAN_PRICE","7.046637696916889","True","OBSERVABLE","2026-09-11T18:50:12.037Z"
"20260911T161623Z-1","A","AAPL","65","120","EHLERS_DOMINANT_CYCLE_PHASE","V0.1","MEDIAN_PRICE","1.5002680718365013","True","OBSERVABLE","2026-09-11T18:50:12.037Z"
"20260911T161623Z-1","A","AAPL","66","120","EHLERS_DOMINANT_CYCLE_PHASE","V0.1","MEDIAN_PRICE","356.33871138656605","True","OBSERVABLE","2026-09-11T18:50:12.037Z"
"20260911T161623Z-1","A","AAPL","67","120","EHLERS_DOMINANT_CYCLE_PHASE","V0.1","MEDIAN_PRICE","357.3393021282873","True","OBSERVABLE","2026-09-11T18:50:12.037Z"
"20260911T161623Z-1","A","AAPL","68","120","EHLERS_DOMINANT_CYCLE_PHASE","V0.1","MEDIAN_PRICE","355.3478182940896","True","OBSERVABLE","2026-09-11T18:50:12.037Z"
"20260911T161623Z-1","A","AAPL","69","120","EHLERS_DOMINANT_CYCLE_PHASE","V0.1","MEDIAN_PRICE","355.8981565911721","True","OBSERVABLE","2026-09-11T18:50:12.037Z"
"20260911T161623Z-1","A","AAPL","70","120","EHLERS_DOMINANT_CYCLE_PHASE","V0.1","MEDIAN_PRICE","1.9502222209686124","True","OBSERVABLE","2026-09-11T18:50:12.037Z"
"20260911T161623Z-1","A","AAPL","71","120","EHLERS_DOMINANT_CYCLE_PHASE","V0.1","MEDIAN_PRICE","7.897411900241536","True","OBSERVABLE","2026-09-11T18:50:12.037Z"
"20260911T161623Z-1","A","AAPL","72","120","EHLERS_DOMINANT_CYCLE_PHASE","V0.1","MEDIAN_PRICE","10.777279577972877","True","OBSERVABLE","2026-09-11T18:50:12.037Z"
"20260911T161623Z-1","A","AAPL","73","120","EHLERS_DOMINANT_CYCLE_PHASE","V0.1","MEDIAN_PRICE","13.883339061589297","True","OBSERVABLE","2026-09-11T18:50:12.037Z"
"20260911T161623Z-1","A","AAPL","74","120","EHLERS_DOMINANT_CYCLE_PHASE","V0.1","MEDIAN_PRICE","12.671636056343942","True","OBSERVABLE","2026-09-11T18:50:12.037Z"
"20260911T161623Z-1","A","AAPL","75","120","EHLERS_DOMINANT_CYCLE_PHASE","V0.1","MEDIAN_PRICE","7.533786211304687","True","OBSERVABLE","2026-09-11T18:50:12.037Z"
"20260911T161623Z-1","A","AAPL","76","120","EHLERS_DOMINANT_CYCLE_PHASE","V0.1","MEDIAN_PRICE","2.800158000928434","True","OBSERVABLE","2026-09-11T18:50:12.037Z"
"20260911T161623Z-1","A","AAPL","77","120","EHLERS_DOMINANT_CYCLE_PHASE","V0.1","MEDIAN_PRICE","2.2755145777254597","True","OBSERVABLE","2026-09-11T18:50:12.037Z"
"20260911T161623Z-1","A","AAPL","78","120","EHLERS_DOMINANT_CYCLE_PHASE","V0.1","MEDIAN_PRICE","5.234888102795367","True","OBSERVABLE","2026-09-11T18:50:12.037Z"
"20260911T161623Z-1","A","AAPL","79","120","EHLERS_DOMINANT_CYCLE_PHASE","V0.1","MEDIAN_PRICE","9.367829390357429","True","OBSERVABLE","2026-09-11T18:50:12.037Z"
"20260911T161623Z-1","A","AAPL","80","120","EHLERS_DOMINANT_CYCLE_PHASE","V0.1","MEDIAN_PRICE","10.099697626084946","True","OBSERVABLE","2026-09-11T18:50:12.037Z"
"20260911T161623Z-1","A","AAPL","81","120","EHLERS_DOMINANT_CYCLE_PHASE","V0.1","MEDIAN_PRICE","6.382056528900705","True","OBSERVABLE","2026-09-11T18:50:12.037Z"
"20260911T161623Z-1","A","AAPL","82","120","EHLERS_DOMINANT_CYCLE_PHASE","V0.1","MEDIAN_PRICE","359.41111294832695","True","OBSERVABLE","2026-09-11T18:50:12.037Z"
"20260911T161623Z-1","A","AAPL","83","120","EHLERS_DOMINANT_CYCLE_PHASE","V0.1","MEDIAN_PRICE","351.3789323381941","True","OBSERVABLE","2026-09-11T18:50:12.037Z"
"20260911T161623Z-1","A","AAPL","84","120","EHLERS_DOMINANT_CYCLE_PHASE","V0.1","MEDIAN_PRICE","344.6395548745702","True","OBSERVABLE","2026-09-11T18:50:12.037Z"
"20260911T161623Z-1","A","AAPL","85","120","EHLERS_DOMINANT_CYCLE_PHASE","V0.1","MEDIAN_PRICE","341.21597860704605","True","OBSERVABLE","2026-09-11T18:50:12.037Z"
"20260911T161623Z-1","A","AAPL","86","120","EHLERS_DOMINANT_CYCLE_PHASE","V0.1","MEDIAN_PRICE","339.75533141686276","True","OBSERVABLE","2026-09-11T18:50:12.037Z"
"20260911T161623Z-1","A","AAPL","87","120","EHLERS_DOMINANT_CYCLE_PHASE","V0.1","MEDIAN_PRICE","338.69713757410324","True","OBSERVABLE","2026-09-11T18:50:12.037Z"
"20260911T161623Z-1","A","AAPL","88","120","EHLERS_DOMINANT_CYCLE_PHASE","V0.1","MEDIAN_PRICE","338.4646670622776","True","OBSERVABLE","2026-09-11T18:50:12.037Z"
"20260911T161623Z-1","A","AAPL","89","120","EHLERS_DOMINANT_CYCLE_PHASE","V0.1","MEDIAN_PRICE","338.8067880275549","True","OBSERVABLE","2026-09-11T18:50:12.037Z"
"20260911T161623Z-1","A","AAPL","90","120","EHLERS_DOMINANT_CYCLE_PHASE","V0.1","MEDIAN_PRICE","340.46642127620373","True","OBSERVABLE","2026-09-11T18:50:12.037Z"
"20260911T161623Z-1","A","AAPL","91","120","EHLERS_DOMINANT_CYCLE_PHASE","V0.1","MEDIAN_PRICE","342.0274579308334","True","OBSERVABLE","2026-09-11T18:50:12.037Z"
"20260911T161623Z-1","A","AAPL","92","120","EHLERS_DOMINANT_CYCLE_PHASE","V0.1","MEDIAN_PRICE","343.79406999734016","True","OBSERVABLE","2026-09-11T18:50:12.037Z"
"20260911T161623Z-1","A","AAPL","93","120","EHLERS_DOMINANT_CYCLE_PHASE","V0.1","MEDIAN_PRICE","346.81823555527643","True","OBSERVABLE","2026-09-11T18:50:12.037Z"
"20260911T161623Z-1","A","AAPL","94","120","EHLERS_DOMINANT_CYCLE_PHASE","V0.1","MEDIAN_PRICE","353.0950493725759","True","OBSERVABLE","2026-09-11T18:50:12.037Z"
"20260911T161623Z-1","A","AAPL","95","120","EHLERS_DOMINANT_CYCLE_PHASE","V0.1","MEDIAN_PRICE","357.5573131083589","True","OBSERVABLE","2026-09-11T18:50:12.037Z"
"20260911T161623Z-1","A","AAPL","96","120","EHLERS_DOMINANT_CYCLE_PHASE","V0.1","MEDIAN_PRICE","1.164783161416949","True","OBSERVABLE","2026-09-11T18:50:12.037Z"
"20260911T161623Z-1","A","AAPL","97","120","EHLERS_DOMINANT_CYCLE_PHASE","V0.1","MEDIAN_PRICE","3.932617401939069","True","OBSERVABLE","2026-09-11T18:50:12.037Z"
"20260911T161623Z-1","A","AAPL","98","120","EHLERS_DOMINANT_CYCLE_PHASE","V0.1","MEDIAN_PRICE","4.25063772712042","True","OBSERVABLE","2026-09-11T18:50:12.037Z"
"20260911T161623Z-1","A","AAPL","99","120","EHLERS_DOMINANT_CYCLE_PHASE","V0.1","MEDIAN_PRICE","4.896568083004922","True","OBSERVABLE","2026-09-11T18:50:12.037Z"
"20260911T161623Z-1","A","AAPL","100","120","EHLERS_DOMINANT_CYCLE_PHASE","V0.1","MEDIAN_PRICE","7.99051144964659","True","OBSERVABLE","2026-09-11T18:50:12.037Z"
"20260911T161623Z-1","A","AAPL","101","120","EHLERS_DOMINANT_CYCLE_PHASE","V0.1","MEDIAN_PRICE","11.243064007895043","True","OBSERVABLE","2026-09-11T18:50:12.037Z"
"20260911T161623Z-1","A","AAPL","102","120","EHLERS_DOMINANT_CYCLE_PHASE","V0.1","MEDIAN_PRICE","15.218949218119022","True","OBSERVABLE","2026-09-11T18:50:12.037Z"
"20260911T161623Z-1","A","AAPL","103","120","EHLERS_DOMINANT_CYCLE_PHASE","V0.1","MEDIAN_PRICE","20.0670632948856","True","OBSERVABLE","2026-09-11T18:50:12.037Z"
"20260911T161623Z-1","A","AAPL","104","120","EHLERS_DOMINANT_CYCLE_PHASE","V0.1","MEDIAN_PRICE","25.903985230546766","True","OBSERVABLE","2026-09-11T18:50:12.037Z"
"20260911T161623Z-1","A","AAPL","105","120","EHLERS_DOMINANT_CYCLE_PHASE","V0.1","MEDIAN_PRICE","32.67555353321674","True","OBSERVABLE","2026-09-11T18:50:12.037Z"
"20260911T161623Z-1","A","AAPL","106","120","EHLERS_DOMINANT_CYCLE_PHASE","V0.1","MEDIAN_PRICE","40.530953096111496","True","OBSERVABLE","2026-09-11T18:50:12.037Z"
"20260911T161623Z-1","A","AAPL","107","120","EHLERS_DOMINANT_CYCLE_PHASE","V0.1","MEDIAN_PRICE","49.49030988887844","True","OBSERVABLE","2026-09-11T18:50:12.037Z"
"20260911T161623Z-1","A","AAPL","108","120","EHLERS_DOMINANT_CYCLE_PHASE","V0.1","MEDIAN_PRICE","61.44430200735218","True","OBSERVABLE","2026-09-11T18:50:12.037Z"
"20260911T161623Z-1","A","AAPL","109","120","EHLERS_DOMINANT_CYCLE_PHASE","V0.1","MEDIAN_PRICE","74.78239700588281","True","OBSERVABLE","2026-09-11T18:50:12.037Z"
"20260911T161623Z-1","A","AAPL","110","120","EHLERS_DOMINANT_CYCLE_PHASE","V0.1","MEDIAN_PRICE","91.99843117817746","True","OBSERVABLE","2026-09-11T18:50:12.037Z"
"20260911T161623Z-1","A","AAPL","111","120","EHLERS_DOMINANT_CYCLE_PHASE","V0.1","MEDIAN_PRICE","112.28160766884692","True","OBSERVABLE","2026-09-11T18:50:12.037Z"
"20260911T161623Z-1","A","AAPL","112","120","EHLERS_DOMINANT_CYCLE_PHASE","V0.1","MEDIAN_PRICE","137.65025957415213","True","OBSERVABLE","2026-09-11T18:50:12.037Z"
"20260911T161623Z-1","A","AAPL","113","120","EHLERS_DOMINANT_CYCLE_PHASE","V0.1","MEDIAN_PRICE","167.4737489918129","True","OBSERVABLE","2026-09-11T18:50:12.037Z"
"20260911T161623Z-1","A","AAPL","114","120","EHLERS_DOMINANT_CYCLE_PHASE","V0.1","MEDIAN_PRICE","200.67530922253366","True","OBSERVABLE","2026-09-11T18:50:12.037Z"
"20260911T161623Z-1","A","AAPL","115","120","EHLERS_DOMINANT_CYCLE_PHASE","V0.1","MEDIAN_PRICE","232.8904925123904","True","OBSERVABLE","2026-09-11T18:50:12.037Z"
"20260911T161623Z-1","A","AAPL","116","120","EHLERS_DOMINANT_CYCLE_PHASE","V0.1","MEDIAN_PRICE","259.77584685660264","True","OBSERVABLE","2026-09-11T18:50:12.037Z"
"20260911T161623Z-1","A","AAPL","117","120","EHLERS_DOMINANT_CYCLE_PHASE","V0.1","MEDIAN_PRICE","277.2012086592581","True","OBSERVABLE","2026-09-11T18:50:12.037Z"
"20260911T161623Z-1","A","AAPL","118","120","EHLERS_DOMINANT_CYCLE_PHASE","V0.1","MEDIAN_PRICE","293.4267198018577","True","OBSERVABLE","2026-09-11T18:50:12.037Z"
"20260911T161623Z-1","A","AAPL","119","120","EHLERS_DOMINANT_CYCLE_PHASE","V0.1","MEDIAN_PRICE","317.67860442185804","True","OBSERVABLE","2026-09-11T18:50:12.037Z"
"20260911T161623Z-1","A","AAPL","120","120","EHLERS_DOMINANT_CYCLE_PHASE","V0.1","MEDIAN_PRICE","334.29432830251386","True","OBSERVABLE","2026-09-11T18:50:12.037Z"
"20260911T161623Z-1","A","AMD","1","120","EHLERS_DOMINANT_CYCLE_PHASE","V0.1","MEDIAN_PRICE",,"False","INITIALIZING","2026-09-11T18:50:12.079Z"
"20260911T161623Z-1","A","AMD","2","120","EHLERS_DOMINANT_CYCLE_PHASE","V0.1","MEDIAN_PRICE",,"False","INITIALIZING","2026-09-11T18:50:12.079Z"
"20260911T161623Z-1","A","AMD","3","120","EHLERS_DOMINANT_CYCLE_PHASE","V0.1","MEDIAN_PRICE",,"False","INITIALIZING","2026-09-11T18:50:12.079Z"
"20260911T161623Z-1","A","AMD","4","120","EHLERS_DOMINANT_CYCLE_PHASE","V0.1","MEDIAN_PRICE",,"False","INITIALIZING","2026-09-11T18:50:12.079Z"
"20260911T161623Z-1","A","AMD","5","120","EHLERS_DOMINANT_CYCLE_PHASE","V0.1","MEDIAN_PRICE",,"False","INITIALIZING","2026-09-11T18:50:12.079Z"
"20260911T161623Z-1","A","AMD","6","120","EHLERS_DOMINANT_CYCLE_PHASE","V0.1","MEDIAN_PRICE",,"False","INITIALIZING","2026-09-11T18:50:12.079Z"
"20260911T161623Z-1","A","AMD","7","120","EHLERS_DOMINANT_CYCLE_PHASE","V0.1","MEDIAN_PRICE",,"False","INITIALIZING","2026-09-11T18:50:12.079Z"
"20260911T161623Z-1","A","AMD","8","120","EHLERS_DOMINANT_CYCLE_PHASE","V0.1","MEDIAN_PRICE",,"False","INITIALIZING","2026-09-11T18:50:12.079Z"
"20260911T161623Z-1","A","AMD","9","120","EHLERS_DOMINANT_CYCLE_PHASE","V0.1","MEDIAN_PRICE",,"False","INITIALIZING","2026-09-11T18:50:12.079Z"
"20260911T161623Z-1","A","AMD","10","120","EHLERS_DOMINANT_CYCLE_PHASE","V0.1","MEDIAN_PRICE",,"False","INITIALIZING","2026-09-11T18:50:12.079Z"
"20260911T161623Z-1","A","AMD","11","120","EHLERS_DOMINANT_CYCLE_PHASE","V0.1","MEDIAN_PRICE",,"False","INITIALIZING","2026-09-11T18:50:12.079Z"
"20260911T161623Z-1","A","AMD","12","120","EHLERS_DOMINANT_CYCLE_PHASE","V0.1","MEDIAN_PRICE",,"False","INITIALIZING","2026-09-11T18:50:12.079Z"
"20260911T161623Z-1","A","AMD","13","120","EHLERS_DOMINANT_CYCLE_PHASE","V0.1","MEDIAN_PRICE",,"False","INITIALIZING","2026-09-11T18:50:12.079Z"
"20260911T161623Z-1","A","AMD","14","120","EHLERS_DOMINANT_CYCLE_PHASE","V0.1","MEDIAN_PRICE",,"False","INITIALIZING","2026-09-11T18:50:12.079Z"
"20260911T161623Z-1","A","AMD","15","120","EHLERS_DOMINANT_CYCLE_PHASE","V0.1","MEDIAN_PRICE",,"False","INITIALIZING","2026-09-11T18:50:12.079Z"
"20260911T161623Z-1","A","AMD","16","120","EHLERS_DOMINANT_CYCLE_PHASE","V0.1","MEDIAN_PRICE",,"False","INITIALIZING","2026-09-11T18:50:12.079Z"
"20260911T161623Z-1","A","AMD","17","120","EHLERS_DOMINANT_CYCLE_PHASE","V0.1","MEDIAN_PRICE",,"False","INITIALIZING","2026-09-11T18:50:12.079Z"
"20260911T161623Z-1","A","AMD","18","120","EHLERS_DOMINANT_CYCLE_PHASE","V0.1","MEDIAN_PRICE",,"False","INITIALIZING","2026-09-11T18:50:12.079Z"
"20260911T161623Z-1","A","AMD","19","120","EHLERS_DOMINANT_CYCLE_PHASE","V0.1","MEDIAN_PRICE",,"False","INITIALIZING","2026-09-11T18:50:12.079Z"
"20260911T161623Z-1","A","AMD","20","120","EHLERS_DOMINANT_CYCLE_PHASE","V0.1","MEDIAN_PRICE",,"False","INITIALIZING","2026-09-11T18:50:12.079Z"
"20260911T161623Z-1","A","AMD","21","120","EHLERS_DOMINANT_CYCLE_PHASE","V0.1","MEDIAN_PRICE",,"False","INITIALIZING","2026-09-11T18:50:12.079Z"
"20260911T161623Z-1","A","AMD","22","120","EHLERS_DOMINANT_CYCLE_PHASE","V0.1","MEDIAN_PRICE",,"False","INITIALIZING","2026-09-11T18:50:12.079Z"
"20260911T161623Z-1","A","AMD","23","120","EHLERS_DOMINANT_CYCLE_PHASE","V0.1","MEDIAN_PRICE",,"False","INITIALIZING","2026-09-11T18:50:12.079Z"
"20260911T161623Z-1","A","AMD","24","120","EHLERS_DOMINANT_CYCLE_PHASE","V0.1","MEDIAN_PRICE",,"False","INITIALIZING","2026-09-11T18:50:12.079Z"
"20260911T161623Z-1","A","AMD","25","120","EHLERS_DOMINANT_CYCLE_PHASE","V0.1","MEDIAN_PRICE",,"False","INITIALIZING","2026-09-11T18:50:12.079Z"
"20260911T161623Z-1","A","AMD","26","120","EHLERS_DOMINANT_CYCLE_PHASE","V0.1","MEDIAN_PRICE",,"False","INITIALIZING","2026-09-11T18:50:12.079Z"
"20260911T161623Z-1","A","AMD","27","120","EHLERS_DOMINANT_CYCLE_PHASE","V0.1","MEDIAN_PRICE",,"False","INITIALIZING","2026-09-11T18:50:12.079Z"
"20260911T161623Z-1","A","AMD","28","120","EHLERS_DOMINANT_CYCLE_PHASE","V0.1","MEDIAN_PRICE",,"False","INITIALIZING","2026-09-11T18:50:12.079Z"
"20260911T161623Z-1","A","AMD","29","120","EHLERS_DOMINANT_CYCLE_PHASE","V0.1","MEDIAN_PRICE",,"False","INITIALIZING","2026-09-11T18:50:12.079Z"
"20260911T161623Z-1","A","AMD","30","120","EHLERS_DOMINANT_CYCLE_PHASE","V0.1","MEDIAN_PRICE",,"False","INITIALIZING","2026-09-11T18:50:12.079Z"
"20260911T161623Z-1","A","AMD","31","120","EHLERS_DOMINANT_CYCLE_PHASE","V0.1","MEDIAN_PRICE",,"False","INITIALIZING","2026-09-11T18:50:12.079Z"
"20260911T161623Z-1","A","AMD","32","120","EHLERS_DOMINANT_CYCLE_PHASE","V0.1","MEDIAN_PRICE",,"False","INITIALIZING","2026-09-11T18:50:12.079Z"
"20260911T161623Z-1","A","AMD","33","120","EHLERS_DOMINANT_CYCLE_PHASE","V0.1","MEDIAN_PRICE",,"False","INITIALIZING","2026-09-11T18:50:12.079Z"
"20260911T161623Z-1","A","AMD","34","120","EHLERS_DOMINANT_CYCLE_PHASE","V0.1","MEDIAN_PRICE",,"False","INITIALIZING","2026-09-11T18:50:12.079Z"
"20260911T161623Z-1","A","AMD","35","120","EHLERS_DOMINANT_CYCLE_PHASE","V0.1","MEDIAN_PRICE",,"False","INITIALIZING","2026-09-11T18:50:12.079Z"
"20260911T161623Z-1","A","AMD","36","120","EHLERS_DOMINANT_CYCLE_PHASE","V0.1","MEDIAN_PRICE",,"False","INITIALIZING","2026-09-11T18:50:12.079Z"
"20260911T161623Z-1","A","AMD","37","120","EHLERS_DOMINANT_CYCLE_PHASE","V0.1","MEDIAN_PRICE",,"False","INITIALIZING","2026-09-11T18:50:12.079Z"
"20260911T161623Z-1","A","AMD","38","120","EHLERS_DOMINANT_CYCLE_PHASE","V0.1","MEDIAN_PRICE",,"False","INITIALIZING","2026-09-11T18:50:12.079Z"
"20260911T161623Z-1","A","AMD","39","120","EHLERS_DOMINANT_CYCLE_PHASE","V0.1","MEDIAN_PRICE",,"False","INITIALIZING","2026-09-11T18:50:12.079Z"
"20260911T161623Z-1","A","AMD","40","120","EHLERS_DOMINANT_CYCLE_PHASE","V0.1","MEDIAN_PRICE",,"False","INITIALIZING","2026-09-11T18:50:12.079Z"
"20260911T161623Z-1","A","AMD","41","120","EHLERS_DOMINANT_CYCLE_PHASE","V0.1","MEDIAN_PRICE",,"False","INITIALIZING","2026-09-11T18:50:12.079Z"
"20260911T161623Z-1","A","AMD","42","120","EHLERS_DOMINANT_CYCLE_PHASE","V0.1","MEDIAN_PRICE",,"False","INITIALIZING","2026-09-11T18:50:12.079Z"
"20260911T161623Z-1","A","AMD","43","120","EHLERS_DOMINANT_CYCLE_PHASE","V0.1","MEDIAN_PRICE",,"False","INITIALIZING","2026-09-11T18:50:12.079Z"
"20260911T161623Z-1","A","AMD","44","120","EHLERS_DOMINANT_CYCLE_PHASE","V0.1","MEDIAN_PRICE",,"False","INITIALIZING","2026-09-11T18:50:12.079Z"
"20260911T161623Z-1","A","AMD","45","120","EHLERS_DOMINANT_CYCLE_PHASE","V0.1","MEDIAN_PRICE",,"False","INITIALIZING","2026-09-11T18:50:12.079Z"
"20260911T161623Z-1","A","AMD","46","120","EHLERS_DOMINANT_CYCLE_PHASE","V0.1","MEDIAN_PRICE",,"False","INITIALIZING","2026-09-11T18:50:12.079Z"
"20260911T161623Z-1","A","AMD","47","120","EHLERS_DOMINANT_CYCLE_PHASE","V0.1","MEDIAN_PRICE",,"False","INITIALIZING","2026-09-11T18:50:12.079Z"
"20260911T161623Z-1","A","AMD","48","120","EHLERS_DOMINANT_CYCLE_PHASE","V0.1","MEDIAN_PRICE",,"False","INITIALIZING","2026-09-11T18:50:12.079Z"
"20260911T161623Z-1","A","AMD","49","120","EHLERS_DOMINANT_CYCLE_PHASE","V0.1","MEDIAN_PRICE",,"False","INITIALIZING","2026-09-11T18:50:12.079Z"
"20260911T161623Z-1","A","AMD","50","120","EHLERS_DOMINANT_CYCLE_PHASE","V0.1","MEDIAN_PRICE",,"False","INITIALIZING","2026-09-11T18:50:12.079Z"
"20260911T161623Z-1","A","AMD","51","120","EHLERS_DOMINANT_CYCLE_PHASE","V0.1","MEDIAN_PRICE",,"False","INITIALIZING","2026-09-11T18:50:12.079Z"
"20260911T161623Z-1","A","AMD","52","120","EHLERS_DOMINANT_CYCLE_PHASE","V0.1","MEDIAN_PRICE",,"False","INITIALIZING","2026-09-11T18:50:12.079Z"
"20260911T161623Z-1","A","AMD","53","120","EHLERS_DOMINANT_CYCLE_PHASE","V0.1","MEDIAN_PRICE",,"False","INITIALIZING","2026-09-11T18:50:12.079Z"
"20260911T161623Z-1","A","AMD","54","120","EHLERS_DOMINANT_CYCLE_PHASE","V0.1","MEDIAN_PRICE",,"False","INITIALIZING","2026-09-11T18:50:12.079Z"
"20260911T161623Z-1","A","AMD","55","120","EHLERS_DOMINANT_CYCLE_PHASE","V0.1","MEDIAN_PRICE",,"False","INITIALIZING","2026-09-11T18:50:12.079Z"
"20260911T161623Z-1","A","AMD","56","120","EHLERS_DOMINANT_CYCLE_PHASE","V0.1","MEDIAN_PRICE",,"False","INITIALIZING","2026-09-11T18:50:12.079Z"
"20260911T161623Z-1","A","AMD","57","120","EHLERS_DOMINANT_CYCLE_PHASE","V0.1","MEDIAN_PRICE",,"False","INITIALIZING","2026-09-11T18:50:12.079Z"
"20260911T161623Z-1","A","AMD","58","120","EHLERS_DOMINANT_CYCLE_PHASE","V0.1","MEDIAN_PRICE",,"False","INITIALIZING","2026-09-11T18:50:12.079Z"
"20260911T161623Z-1","A","AMD","59","120","EHLERS_DOMINANT_CYCLE_PHASE","V0.1","MEDIAN_PRICE",,"False","INITIALIZING","2026-09-11T18:50:12.079Z"
"20260911T161623Z-1","A","AMD","60","120","EHLERS_DOMINANT_CYCLE_PHASE","V0.1","MEDIAN_PRICE",,"False","INITIALIZING","2026-09-11T18:50:12.079Z"
"20260911T161623Z-1","A","AMD","61","120","EHLERS_DOMINANT_CYCLE_PHASE","V0.1","MEDIAN_PRICE",,"False","INITIALIZING","2026-09-11T18:50:12.079Z"
"20260911T161623Z-1","A","AMD","62","120","EHLERS_DOMINANT_CYCLE_PHASE","V0.1","MEDIAN_PRICE",,"False","INITIALIZING","2026-09-11T18:50:12.079Z"
"20260911T161623Z-1","A","AMD","63","120","EHLERS_DOMINANT_CYCLE_PHASE","V0.1","MEDIAN_PRICE",,"False","INITIALIZING","2026-09-11T18:50:12.079Z"
"20260911T161623Z-1","A","AMD","64","120","EHLERS_DOMINANT_CYCLE_PHASE","V0.1","MEDIAN_PRICE","81.6778908871149","True","OBSERVABLE","2026-09-11T18:50:12.079Z"
"20260911T161623Z-1","A","AMD","65","120","EHLERS_DOMINANT_CYCLE_PHASE","V0.1","MEDIAN_PRICE","93.41715592770893","True","OBSERVABLE","2026-09-11T18:50:12.079Z"
"20260911T161623Z-1","A","AMD","66","120","EHLERS_DOMINANT_CYCLE_PHASE","V0.1","MEDIAN_PRICE","106.22437225404668","True","OBSERVABLE","2026-09-11T18:50:12.079Z"
"20260911T161623Z-1","A","AMD","67","120","EHLERS_DOMINANT_CYCLE_PHASE","V0.1","MEDIAN_PRICE","113.99956384790602","True","OBSERVABLE","2026-09-11T18:50:12.079Z"
"20260911T161623Z-1","A","AMD","68","120","EHLERS_DOMINANT_CYCLE_PHASE","V0.1","MEDIAN_PRICE","120.82675951452251","True","OBSERVABLE","2026-09-11T18:50:12.079Z"
"20260911T161623Z-1","A","AMD","69","120","EHLERS_DOMINANT_CYCLE_PHASE","V0.1","MEDIAN_PRICE","129.77539484115684","True","OBSERVABLE","2026-09-11T18:50:12.079Z"
"20260911T161623Z-1","A","AMD","70","120","EHLERS_DOMINANT_CYCLE_PHASE","V0.1","MEDIAN_PRICE","135.12938002569402","True","OBSERVABLE","2026-09-11T18:50:12.079Z"
"20260911T161623Z-1","A","AMD","71","120","EHLERS_DOMINANT_CYCLE_PHASE","V0.1","MEDIAN_PRICE","143.1603300325032","True","OBSERVABLE","2026-09-11T18:50:12.079Z"
"20260911T161623Z-1","A","AMD","72","120","EHLERS_DOMINANT_CYCLE_PHASE","V0.1","MEDIAN_PRICE","151.2718852829262","True","OBSERVABLE","2026-09-11T18:50:12.079Z"
"20260911T161623Z-1","A","AMD","73","120","EHLERS_DOMINANT_CYCLE_PHASE","V0.1","MEDIAN_PRICE","155.4979876957931","True","OBSERVABLE","2026-09-11T18:50:12.079Z"
"20260911T161623Z-1","A","AMD","74","120","EHLERS_DOMINANT_CYCLE_PHASE","V0.1","MEDIAN_PRICE","163.19256757233188","True","OBSERVABLE","2026-09-11T18:50:12.079Z"
"20260911T161623Z-1","A","AMD","75","120","EHLERS_DOMINANT_CYCLE_PHASE","V0.1","MEDIAN_PRICE","170.85053296892633","True","OBSERVABLE","2026-09-11T18:50:12.079Z"
"20260911T161623Z-1","A","AMD","76","120","EHLERS_DOMINANT_CYCLE_PHASE","V0.1","MEDIAN_PRICE","174.2216041622534","True","OBSERVABLE","2026-09-11T18:50:12.079Z"
"20260911T161623Z-1","A","AMD","77","120","EHLERS_DOMINANT_CYCLE_PHASE","V0.1","MEDIAN_PRICE","181.85069059980276","True","OBSERVABLE","2026-09-11T18:50:12.079Z"
"20260911T161623Z-1","A","AMD","78","120","EHLERS_DOMINANT_CYCLE_PHASE","V0.1","MEDIAN_PRICE","189.5053725398853","True","OBSERVABLE","2026-09-11T18:50:12.079Z"
"20260911T161623Z-1","A","AMD","79","120","EHLERS_DOMINANT_CYCLE_PHASE","V0.1","MEDIAN_PRICE","196.32190911691737","True","OBSERVABLE","2026-09-11T18:50:12.079Z"
"20260911T161623Z-1","A","AMD","80","120","EHLERS_DOMINANT_CYCLE_PHASE","V0.1","MEDIAN_PRICE","202.7384394588932","True","OBSERVABLE","2026-09-11T18:50:12.079Z"
"20260911T161623Z-1","A","AMD","81","120","EHLERS_DOMINANT_CYCLE_PHASE","V0.1","MEDIAN_PRICE","208.47130239335576","True","OBSERVABLE","2026-09-11T18:50:12.079Z"
"20260911T161623Z-1","A","AMD","82","120","EHLERS_DOMINANT_CYCLE_PHASE","V0.1","MEDIAN_PRICE","213.2963936679064","True","OBSERVABLE","2026-09-11T18:50:12.079Z"
"20260911T161623Z-1","A","AMD","83","120","EHLERS_DOMINANT_CYCLE_PHASE","V0.1","MEDIAN_PRICE","217.43287712810775","True","OBSERVABLE","2026-09-11T18:50:12.079Z"
"20260911T161623Z-1","A","AMD","84","120","EHLERS_DOMINANT_CYCLE_PHASE","V0.1","MEDIAN_PRICE","220.77704870064863","True","OBSERVABLE","2026-09-11T18:50:12.079Z"
"20260911T161623Z-1","A","AMD","85","120","EHLERS_DOMINANT_CYCLE_PHASE","V0.1","MEDIAN_PRICE","223.22417158828975","True","OBSERVABLE","2026-09-11T18:50:12.079Z"
"20260911T161623Z-1","A","AMD","86","120","EHLERS_DOMINANT_CYCLE_PHASE","V0.1","MEDIAN_PRICE","224.76017517598774","True","OBSERVABLE","2026-09-11T18:50:12.079Z"
"20260911T161623Z-1","A","AMD","87","120","EHLERS_DOMINANT_CYCLE_PHASE","V0.1","MEDIAN_PRICE","225.4465928424965","True","OBSERVABLE","2026-09-11T18:50:12.079Z"
"20260911T161623Z-1","A","AMD","88","120","EHLERS_DOMINANT_CYCLE_PHASE","V0.1","MEDIAN_PRICE","225.5278977911467","True","OBSERVABLE","2026-09-11T18:50:12.079Z"
"20260911T161623Z-1","A","AMD","89","120","EHLERS_DOMINANT_CYCLE_PHASE","V0.1","MEDIAN_PRICE","222.76812751700987","True","OBSERVABLE","2026-09-11T18:50:12.079Z"
"20260911T161623Z-1","A","AMD","90","120","EHLERS_DOMINANT_CYCLE_PHASE","V0.1","MEDIAN_PRICE","210.4058189721125","True","OBSERVABLE","2026-09-11T18:50:12.079Z"
"20260911T161623Z-1","A","AMD","91","120","EHLERS_DOMINANT_CYCLE_PHASE","V0.1","MEDIAN_PRICE","182.43928141094847","True","OBSERVABLE","2026-09-11T18:50:12.079Z"
"20260911T161623Z-1","A","AMD","92","120","EHLERS_DOMINANT_CYCLE_PHASE","V0.1","MEDIAN_PRICE","167.15015408006556","True","OBSERVABLE","2026-09-11T18:50:12.079Z"
"20260911T161623Z-1","A","AMD","93","120","EHLERS_DOMINANT_CYCLE_PHASE","V0.1","MEDIAN_PRICE","159.20969118388155","True","OBSERVABLE","2026-09-11T18:50:12.079Z"
"20260911T161623Z-1","A","AMD","94","120","EHLERS_DOMINANT_CYCLE_PHASE","V0.1","MEDIAN_PRICE","156.16444946415845","True","OBSERVABLE","2026-09-11T18:50:12.079Z"
"20260911T161623Z-1","A","AMD","95","120","EHLERS_DOMINANT_CYCLE_PHASE","V0.1","MEDIAN_PRICE","158.2163203201241","True","OBSERVABLE","2026-09-11T18:50:12.079Z"
"20260911T161623Z-1","A","AMD","96","120","EHLERS_DOMINANT_CYCLE_PHASE","V0.1","MEDIAN_PRICE","162.67292059778777","True","OBSERVABLE","2026-09-11T18:50:12.079Z"
"20260911T161623Z-1","A","AMD","97","120","EHLERS_DOMINANT_CYCLE_PHASE","V0.1","MEDIAN_PRICE","168.42484633335633","True","OBSERVABLE","2026-09-11T18:50:12.079Z"
"20260911T161623Z-1","A","AMD","98","120","EHLERS_DOMINANT_CYCLE_PHASE","V0.1","MEDIAN_PRICE","176.24609219814957","True","OBSERVABLE","2026-09-11T18:50:12.079Z"
"20260911T161623Z-1","A","AMD","99","120","EHLERS_DOMINANT_CYCLE_PHASE","V0.1","MEDIAN_PRICE","183.71594231022436","True","OBSERVABLE","2026-09-11T18:50:12.079Z"
"20260911T161623Z-1","A","AMD","100","120","EHLERS_DOMINANT_CYCLE_PHASE","V0.1","MEDIAN_PRICE","191.23463140590866","True","OBSERVABLE","2026-09-11T18:50:12.079Z"
"20260911T161623Z-1","A","AMD","101","120","EHLERS_DOMINANT_CYCLE_PHASE","V0.1","MEDIAN_PRICE","203.08841115307484","True","OBSERVABLE","2026-09-11T18:50:12.079Z"
"20260911T161623Z-1","A","AMD","102","120","EHLERS_DOMINANT_CYCLE_PHASE","V0.1","MEDIAN_PRICE","224.717122567411","True","OBSERVABLE","2026-09-11T18:50:12.079Z"
"20260911T161623Z-1","A","AMD","103","120","EHLERS_DOMINANT_CYCLE_PHASE","V0.1","MEDIAN_PRICE","253.6171793229696","True","OBSERVABLE","2026-09-11T18:50:12.079Z"
"20260911T161623Z-1","A","AMD","104","120","EHLERS_DOMINANT_CYCLE_PHASE","V0.1","MEDIAN_PRICE","273.02809122525366","True","OBSERVABLE","2026-09-11T18:50:12.079Z"
"20260911T161623Z-1","A","AMD","105","120","EHLERS_DOMINANT_CYCLE_PHASE","V0.1","MEDIAN_PRICE","309.7597592243455","True","OBSERVABLE","2026-09-11T18:50:12.079Z"
"20260911T161623Z-1","A","AMD","106","120","EHLERS_DOMINANT_CYCLE_PHASE","V0.1","MEDIAN_PRICE","336.08251228037955","True","OBSERVABLE","2026-09-11T18:50:12.079Z"
"20260911T161623Z-1","A","AMD","107","120","EHLERS_DOMINANT_CYCLE_PHASE","V0.1","MEDIAN_PRICE","6.1538310378648475","True","OBSERVABLE","2026-09-11T18:50:12.079Z"
"20260911T161623Z-1","A","AMD","108","120","EHLERS_DOMINANT_CYCLE_PHASE","V0.1","MEDIAN_PRICE","43.173889957282015","True","OBSERVABLE","2026-09-11T18:50:12.079Z"
"20260911T161623Z-1","A","AMD","109","120","EHLERS_DOMINANT_CYCLE_PHASE","V0.1","MEDIAN_PRICE","59.65521918184088","True","OBSERVABLE","2026-09-11T18:50:12.079Z"
"20260911T161623Z-1","A","AMD","110","120","EHLERS_DOMINANT_CYCLE_PHASE","V0.1","MEDIAN_PRICE","75.09301371820938","True","OBSERVABLE","2026-09-11T18:50:12.079Z"
"20260911T161623Z-1","A","AMD","111","120","EHLERS_DOMINANT_CYCLE_PHASE","V0.1","MEDIAN_PRICE","92.62287789889976","True","OBSERVABLE","2026-09-11T18:50:12.079Z"
"20260911T161623Z-1","A","AMD","112","120","EHLERS_DOMINANT_CYCLE_PHASE","V0.1","MEDIAN_PRICE","117.17032844796918","True","OBSERVABLE","2026-09-11T18:50:12.079Z"
"20260911T161623Z-1","A","AMD","113","120","EHLERS_DOMINANT_CYCLE_PHASE","V0.1","MEDIAN_PRICE","173.38937876679603","True","OBSERVABLE","2026-09-11T18:50:12.079Z"
"20260911T161623Z-1","A","AMZN","1","120","EHLERS_DOMINANT_CYCLE_PHASE","V0.1","MEDIAN_PRICE",,"False","INITIALIZING","2026-09-11T18:50:12.106Z"
"20260911T161623Z-1","A","AMZN","2","120","EHLERS_DOMINANT_CYCLE_PHASE","V0.1","MEDIAN_PRICE",,"False","INITIALIZING","2026-09-11T18:50:12.106Z"
"20260911T161623Z-1","A","AMZN","3","120","EHLERS_DOMINANT_CYCLE_PHASE","V0.1","MEDIAN_PRICE",,"False","INITIALIZING","2026-09-11T18:50:12.106Z"
"20260911T161623Z-1","A","AMZN","4","120","EHLERS_DOMINANT_CYCLE_PHASE","V0.1","MEDIAN_PRICE",,"False","INITIALIZING","2026-09-11T18:50:12.106Z"
"20260911T161623Z-1","A","AMZN","5","120","EHLERS_DOMINANT_CYCLE_PHASE","V0.1","MEDIAN_PRICE",,"False","INITIALIZING","2026-09-11T18:50:12.106Z"
"20260911T161623Z-1","A","AMZN","6","120","EHLERS_DOMINANT_CYCLE_PHASE","V0.1","MEDIAN_PRICE",,"False","INITIALIZING","2026-09-11T18:50:12.106Z"
"20260911T161623Z-1","A","AMZN","7","120","EHLERS_DOMINANT_CYCLE_PHASE","V0.1","MEDIAN_PRICE",,"False","INITIALIZING","2026-09-11T18:50:12.106Z"
"20260911T161623Z-1","A","AMZN","8","120","EHLERS_DOMINANT_CYCLE_PHASE","V0.1","MEDIAN_PRICE",,"False","INITIALIZING","2026-09-11T18:50:12.106Z"
"20260911T161623Z-1","A","AMZN","9","120","EHLERS_DOMINANT_CYCLE_PHASE","V0.1","MEDIAN_PRICE",,"False","INITIALIZING","2026-09-11T18:50:12.106Z"
"20260911T161623Z-1","A","AMZN","10","120","EHLERS_DOMINANT_CYCLE_PHASE","V0.1","MEDIAN_PRICE",,"False","INITIALIZING","2026-09-11T18:50:12.106Z"
"20260911T161623Z-1","A","AMZN","11","120","EHLERS_DOMINANT_CYCLE_PHASE","V0.1","MEDIAN_PRICE",,"False","INITIALIZING","2026-09-11T18:50:12.106Z"
"20260911T161623Z-1","A","AMZN","12","120","EHLERS_DOMINANT_CYCLE_PHASE","V0.1","MEDIAN_PRICE",,"False","INITIALIZING","2026-09-11T18:50:12.106Z"
"20260911T161623Z-1","A","AMZN","13","120","EHLERS_DOMINANT_CYCLE_PHASE","V0.1","MEDIAN_PRICE",,"False","INITIALIZING","2026-09-11T18:50:12.106Z"
"20260911T161623Z-1","A","AMZN","14","120","EHLERS_DOMINANT_CYCLE_PHASE","V0.1","MEDIAN_PRICE",,"False","INITIALIZING","2026-09-11T18:50:12.106Z"
"20260911T161623Z-1","A","AMZN","15","120","EHLERS_DOMINANT_CYCLE_PHASE","V0.1","MEDIAN_PRICE",,"False","INITIALIZING","2026-09-11T18:50:12.106Z"
"20260911T161623Z-1","A","AMZN","16","120","EHLERS_DOMINANT_CYCLE_PHASE","V0.1","MEDIAN_PRICE",,"False","INITIALIZING","2026-09-11T18:50:12.106Z"
"20260911T161623Z-1","A","AMZN","17","120","EHLERS_DOMINANT_CYCLE_PHASE","V0.1","MEDIAN_PRICE",,"False","INITIALIZING","2026-09-11T18:50:12.106Z"
"20260911T161623Z-1","A","AMZN","18","120","EHLERS_DOMINANT_CYCLE_PHASE","V0.1","MEDIAN_PRICE",,"False","INITIALIZING","2026-09-11T18:50:12.106Z"
"20260911T161623Z-1","A","AMZN","19","120","EHLERS_DOMINANT_CYCLE_PHASE","V0.1","MEDIAN_PRICE",,"False","INITIALIZING","2026-09-11T18:50:12.106Z"
"20260911T161623Z-1","A","AMZN","20","120","EHLERS_DOMINANT_CYCLE_PHASE","V0.1","MEDIAN_PRICE",,"False","INITIALIZING","2026-09-11T18:50:12.106Z"
"20260911T161623Z-1","A","AMZN","21","120","EHLERS_DOMINANT_CYCLE_PHASE","V0.1","MEDIAN_PRICE",,"False","INITIALIZING","2026-09-11T18:50:12.106Z"
"20260911T161623Z-1","A","AMZN","22","120","EHLERS_DOMINANT_CYCLE_PHASE","V0.1","MEDIAN_PRICE",,"False","INITIALIZING","2026-09-11T18:50:12.106Z"
"20260911T161623Z-1","A","AMZN","23","120","EHLERS_DOMINANT_CYCLE_PHASE","V0.1","MEDIAN_PRICE",,"False","INITIALIZING","2026-09-11T18:50:12.106Z"
"20260911T161623Z-1","A","AMZN","24","120","EHLERS_DOMINANT_CYCLE_PHASE","V0.1","MEDIAN_PRICE",,"False","INITIALIZING","2026-09-11T18:50:12.106Z"
"20260911T161623Z-1","A","AMZN","25","120","EHLERS_DOMINANT_CYCLE_PHASE","V0.1","MEDIAN_PRICE",,"False","INITIALIZING","2026-09-11T18:50:12.106Z"
"20260911T161623Z-1","A","AMZN","26","120","EHLERS_DOMINANT_CYCLE_PHASE","V0.1","MEDIAN_PRICE",,"False","INITIALIZING","2026-09-11T18:50:12.106Z"
"20260911T161623Z-1","A","AMZN","27","120","EHLERS_DOMINANT_CYCLE_PHASE","V0.1","MEDIAN_PRICE",,"False","INITIALIZING","2026-09-11T18:50:12.106Z"
"20260911T161623Z-1","A","AMZN","28","120","EHLERS_DOMINANT_CYCLE_PHASE","V0.1","MEDIAN_PRICE",,"False","INITIALIZING","2026-09-11T18:50:12.106Z"
"20260911T161623Z-1","A","AMZN","29","120","EHLERS_DOMINANT_CYCLE_PHASE","V0.1","MEDIAN_PRICE",,"False","INITIALIZING","2026-09-11T18:50:12.106Z"
"20260911T161623Z-1","A","AMZN","30","120","EHLERS_DOMINANT_CYCLE_PHASE","V0.1","MEDIAN_PRICE",,"False","INITIALIZING","2026-09-11T18:50:12.106Z"
"20260911T161623Z-1","A","AMZN","31","120","EHLERS_DOMINANT_CYCLE_PHASE","V0.1","MEDIAN_PRICE",,"False","INITIALIZING","2026-09-11T18:50:12.106Z"
"20260911T161623Z-1","A","AMZN","32","120","EHLERS_DOMINANT_CYCLE_PHASE","V0.1","MEDIAN_PRICE",,"False","INITIALIZING","2026-09-11T18:50:12.106Z"
"20260911T161623Z-1","A","AMZN","33","120","EHLERS_DOMINANT_CYCLE_PHASE","V0.1","MEDIAN_PRICE",,"False","INITIALIZING","2026-09-11T18:50:12.106Z"
"20260911T161623Z-1","A","AMZN","34","120","EHLERS_DOMINANT_CYCLE_PHASE","V0.1","MEDIAN_PRICE",,"False","INITIALIZING","2026-09-11T18:50:12.106Z"
"20260911T161623Z-1","A","AMZN","35","120","EHLERS_DOMINANT_CYCLE_PHASE","V0.1","MEDIAN_PRICE",,"False","INITIALIZING","2026-09-11T18:50:12.106Z"
"20260911T161623Z-1","A","AMZN","36","120","EHLERS_DOMINANT_CYCLE_PHASE","V0.1","MEDIAN_PRICE",,"False","INITIALIZING","2026-09-11T18:50:12.106Z"
"20260911T161623Z-1","A","AMZN","37","120","EHLERS_DOMINANT_CYCLE_PHASE","V0.1","MEDIAN_PRICE",,"False","INITIALIZING","2026-09-11T18:50:12.106Z"
"20260911T161623Z-1","A","AMZN","38","120","EHLERS_DOMINANT_CYCLE_PHASE","V0.1","MEDIAN_PRICE",,"False","INITIALIZING","2026-09-11T18:50:12.106Z"
"20260911T161623Z-1","A","AMZN","39","120","EHLERS_DOMINANT_CYCLE_PHASE","V0.1","MEDIAN_PRICE",,"False","INITIALIZING","2026-09-11T18:50:12.106Z"
"20260911T161623Z-1","A","AMZN","40","120","EHLERS_DOMINANT_CYCLE_PHASE","V0.1","MEDIAN_PRICE",,"False","INITIALIZING","2026-09-11T18:50:12.106Z"
"20260911T161623Z-1","A","AMZN","41","120","EHLERS_DOMINANT_CYCLE_PHASE","V0.1","MEDIAN_PRICE",,"False","INITIALIZING","2026-09-11T18:50:12.106Z"
"20260911T161623Z-1","A","AMZN","42","120","EHLERS_DOMINANT_CYCLE_PHASE","V0.1","MEDIAN_PRICE",,"False","INITIALIZING","2026-09-11T18:50:12.106Z"
"20260911T161623Z-1","A","AMZN","43","120","EHLERS_DOMINANT_CYCLE_PHASE","V0.1","MEDIAN_PRICE",,"False","INITIALIZING","2026-09-11T18:50:12.106Z"
"20260911T161623Z-1","A","AMZN","44","120","EHLERS_DOMINANT_CYCLE_PHASE","V0.1","MEDIAN_PRICE",,"False","INITIALIZING","2026-09-11T18:50:12.106Z"
"20260911T161623Z-1","A","AMZN","45","120","EHLERS_DOMINANT_CYCLE_PHASE","V0.1","MEDIAN_PRICE",,"False","INITIALIZING","2026-09-11T18:50:12.106Z"
"20260911T161623Z-1","A","AMZN","46","120","EHLERS_DOMINANT_CYCLE_PHASE","V0.1","MEDIAN_PRICE",,"False","INITIALIZING","2026-09-11T18:50:12.106Z"
"20260911T161623Z-1","A","AMZN","47","120","EHLERS_DOMINANT_CYCLE_PHASE","V0.1","MEDIAN_PRICE",,"False","INITIALIZING","2026-09-11T18:50:12.106Z"
"20260911T161623Z-1","A","AMZN","48","120","EHLERS_DOMINANT_CYCLE_PHASE","V0.1","MEDIAN_PRICE",,"False","INITIALIZING","2026-09-11T18:50:12.106Z"
"20260911T161623Z-1","A","AMZN","49","120","EHLERS_DOMINANT_CYCLE_PHASE","V0.1","MEDIAN_PRICE",,"False","INITIALIZING","2026-09-11T18:50:12.106Z"
"20260911T161623Z-1","A","AMZN","50","120","EHLERS_DOMINANT_CYCLE_PHASE","V0.1","MEDIAN_PRICE",,"False","INITIALIZING","2026-09-11T18:50:12.106Z"
"20260911T161623Z-1","A","AMZN","51","120","EHLERS_DOMINANT_CYCLE_PHASE","V0.1","MEDIAN_PRICE",,"False","INITIALIZING","2026-09-11T18:50:12.106Z"
"20260911T161623Z-1","A","AMZN","52","120","EHLERS_DOMINANT_CYCLE_PHASE","V0.1","MEDIAN_PRICE",,"False","INITIALIZING","2026-09-11T18:50:12.106Z"
"20260911T161623Z-1","A","AMZN","53","120","EHLERS_DOMINANT_CYCLE_PHASE","V0.1","MEDIAN_PRICE",,"False","INITIALIZING","2026-09-11T18:50:12.106Z"
"20260911T161623Z-1","A","AMZN","54","120","EHLERS_DOMINANT_CYCLE_PHASE","V0.1","MEDIAN_PRICE",,"False","INITIALIZING","2026-09-11T18:50:12.106Z"
"20260911T161623Z-1","A","AMZN","55","120","EHLERS_DOMINANT_CYCLE_PHASE","V0.1","MEDIAN_PRICE",,"False","INITIALIZING","2026-09-11T18:50:12.106Z"
"20260911T161623Z-1","A","AMZN","56","120","EHLERS_DOMINANT_CYCLE_PHASE","V0.1","MEDIAN_PRICE",,"False","INITIALIZING","2026-09-11T18:50:12.106Z"
"20260911T161623Z-1","A","AMZN","57","120","EHLERS_DOMINANT_CYCLE_PHASE","V0.1","MEDIAN_PRICE",,"False","INITIALIZING","2026-09-11T18:50:12.106Z"
"20260911T161623Z-1","A","AMZN","58","120","EHLERS_DOMINANT_CYCLE_PHASE","V0.1","MEDIAN_PRICE",,"False","INITIALIZING","2026-09-11T18:50:12.106Z"
"20260911T161623Z-1","A","AMZN","59","120","EHLERS_DOMINANT_CYCLE_PHASE","V0.1","MEDIAN_PRICE",,"False","INITIALIZING","2026-09-11T18:50:12.106Z"
"20260911T161623Z-1","A","AMZN","60","120","EHLERS_DOMINANT_CYCLE_PHASE","V0.1","MEDIAN_PRICE",,"False","INITIALIZING","2026-09-11T18:50:12.106Z"
"20260911T161623Z-1","A","AMZN","61","120","EHLERS_DOMINANT_CYCLE_PHASE","V0.1","MEDIAN_PRICE",,"False","INITIALIZING","2026-09-11T18:50:12.106Z"
"20260911T161623Z-1","A","AMZN","62","120","EHLERS_DOMINANT_CYCLE_PHASE","V0.1","MEDIAN_PRICE",,"False","INITIALIZING","2026-09-11T18:50:12.106Z"
"20260911T161623Z-1","A","AMZN","63","120","EHLERS_DOMINANT_CYCLE_PHASE","V0.1","MEDIAN_PRICE",,"False","INITIALIZING","2026-09-11T18:50:12.106Z"
"20260911T161623Z-1","A","AMZN","64","120","EHLERS_DOMINANT_CYCLE_PHASE","V0.1","MEDIAN_PRICE","186.5708708484834","True","OBSERVABLE","2026-09-11T18:50:12.106Z"
"20260911T161623Z-1","A","AMZN","65","120","EHLERS_DOMINANT_CYCLE_PHASE","V0.1","MEDIAN_PRICE","186.99557481348114","True","OBSERVABLE","2026-09-11T18:50:12.106Z"
"20260911T161623Z-1","A","AMZN","66","120","EHLERS_DOMINANT_CYCLE_PHASE","V0.1","MEDIAN_PRICE","187.72923957924831","True","OBSERVABLE","2026-09-11T18:50:12.106Z"
"20260911T161623Z-1","A","AMZN","67","120","EHLERS_DOMINANT_CYCLE_PHASE","V0.1","MEDIAN_PRICE","188.51001777937586","True","OBSERVABLE","2026-09-11T18:50:12.106Z"
"20260911T161623Z-1","A","AMZN","68","120","EHLERS_DOMINANT_CYCLE_PHASE","V0.1","MEDIAN_PRICE","188.9393099882733","True","OBSERVABLE","2026-09-11T18:50:12.106Z"
"20260911T161623Z-1","A","AMZN","69","120","EHLERS_DOMINANT_CYCLE_PHASE","V0.1","MEDIAN_PRICE","188.11158624015155","True","OBSERVABLE","2026-09-11T18:50:12.106Z"
"20260911T161623Z-1","A","AMZN","70","120","EHLERS_DOMINANT_CYCLE_PHASE","V0.1","MEDIAN_PRICE","187.21975920457024","True","OBSERVABLE","2026-09-11T18:50:12.106Z"
"20260911T161623Z-1","A","AMZN","71","120","EHLERS_DOMINANT_CYCLE_PHASE","V0.1","MEDIAN_PRICE","185.65418367568986","True","OBSERVABLE","2026-09-11T18:50:12.106Z"
"20260911T161623Z-1","A","AMZN","72","120","EHLERS_DOMINANT_CYCLE_PHASE","V0.1","MEDIAN_PRICE","184.71431632286868","True","OBSERVABLE","2026-09-11T18:50:12.106Z"
"20260911T161623Z-1","A","AMZN","73","120","EHLERS_DOMINANT_CYCLE_PHASE","V0.1","MEDIAN_PRICE","184.1044832062691","True","OBSERVABLE","2026-09-11T18:50:12.106Z"
"20260911T161623Z-1","A","AMZN","74","120","EHLERS_DOMINANT_CYCLE_PHASE","V0.1","MEDIAN_PRICE","183.28563042770654","True","OBSERVABLE","2026-09-11T18:50:12.106Z"
"20260911T161623Z-1","A","AMZN","75","120","EHLERS_DOMINANT_CYCLE_PHASE","V0.1","MEDIAN_PRICE","182.70629029474276","True","OBSERVABLE","2026-09-11T18:50:12.106Z"
"20260911T161623Z-1","A","AMZN","76","120","EHLERS_DOMINANT_CYCLE_PHASE","V0.1","MEDIAN_PRICE","180.9684323576928","True","OBSERVABLE","2026-09-11T18:50:12.106Z"
"20260911T161623Z-1","A","AMZN","77","120","EHLERS_DOMINANT_CYCLE_PHASE","V0.1","MEDIAN_PRICE","179.3105908293233","True","OBSERVABLE","2026-09-11T18:50:12.106Z"
"20260911T161623Z-1","A","AMZN","78","120","EHLERS_DOMINANT_CYCLE_PHASE","V0.1","MEDIAN_PRICE","177.63839653544792","True","OBSERVABLE","2026-09-11T18:50:12.106Z"
"20260911T161623Z-1","A","AMZN","79","120","EHLERS_DOMINANT_CYCLE_PHASE","V0.1","MEDIAN_PRICE","177.0092525711346","True","OBSERVABLE","2026-09-11T18:50:12.106Z"
"20260911T161623Z-1","A","AMZN","80","120","EHLERS_DOMINANT_CYCLE_PHASE","V0.1","MEDIAN_PRICE","177.64762111778128","True","OBSERVABLE","2026-09-11T18:50:12.106Z"
"20260911T161623Z-1","A","AMZN","81","120","EHLERS_DOMINANT_CYCLE_PHASE","V0.1","MEDIAN_PRICE","179.80995558835033","True","OBSERVABLE","2026-09-11T18:50:12.106Z"
"20260911T161623Z-1","A","AMZN","82","120","EHLERS_DOMINANT_CYCLE_PHASE","V0.1","MEDIAN_PRICE","183.3130539175674","True","OBSERVABLE","2026-09-11T18:50:12.106Z"
"20260911T161623Z-1","A","AMZN","83","120","EHLERS_DOMINANT_CYCLE_PHASE","V0.1","MEDIAN_PRICE","186.8458626387382","True","OBSERVABLE","2026-09-11T18:50:12.106Z"
"20260911T161623Z-1","A","AMZN","84","120","EHLERS_DOMINANT_CYCLE_PHASE","V0.1","MEDIAN_PRICE","190.70770139074344","True","OBSERVABLE","2026-09-11T18:50:12.106Z"
"20260911T161623Z-1","A","AMZN","85","120","EHLERS_DOMINANT_CYCLE_PHASE","V0.1","MEDIAN_PRICE","194.09309117186854","True","OBSERVABLE","2026-09-11T18:50:12.106Z"
"20260911T161623Z-1","A","AMZN","86","120","EHLERS_DOMINANT_CYCLE_PHASE","V0.1","MEDIAN_PRICE","197.20202399416112","True","OBSERVABLE","2026-09-11T18:50:12.106Z"
"20260911T161623Z-1","A","AMZN","87","120","EHLERS_DOMINANT_CYCLE_PHASE","V0.1","MEDIAN_PRICE","198.7956694406501","True","OBSERVABLE","2026-09-11T18:50:12.106Z"
"20260911T161623Z-1","A","AMZN","88","120","EHLERS_DOMINANT_CYCLE_PHASE","V0.1","MEDIAN_PRICE","202.87606990004969","True","OBSERVABLE","2026-09-11T18:50:12.106Z"
"20260911T161623Z-1","A","AMZN","89","120","EHLERS_DOMINANT_CYCLE_PHASE","V0.1","MEDIAN_PRICE","209.67989435301297","True","OBSERVABLE","2026-09-11T18:50:12.106Z"
"20260911T161623Z-1","A","AMZN","90","120","EHLERS_DOMINANT_CYCLE_PHASE","V0.1","MEDIAN_PRICE","217.63943858740768","True","OBSERVABLE","2026-09-11T18:50:12.106Z"
"20260911T161623Z-1","A","AMZN","91","120","EHLERS_DOMINANT_CYCLE_PHASE","V0.1","MEDIAN_PRICE","229.32273047746554","True","OBSERVABLE","2026-09-11T18:50:12.106Z"
"20260911T161623Z-1","A","AMZN","92","120","EHLERS_DOMINANT_CYCLE_PHASE","V0.1","MEDIAN_PRICE","238.50992542520777","True","OBSERVABLE","2026-09-11T18:50:12.106Z"
"20260911T161623Z-1","A","AMZN","93","120","EHLERS_DOMINANT_CYCLE_PHASE","V0.1","MEDIAN_PRICE","247.4286290169459","True","OBSERVABLE","2026-09-11T18:50:12.106Z"
"20260911T161623Z-1","A","AMZN","94","120","EHLERS_DOMINANT_CYCLE_PHASE","V0.1","MEDIAN_PRICE","256.5144189411022","True","OBSERVABLE","2026-09-11T18:50:12.106Z"
"20260911T161623Z-1","A","AMZN","95","120","EHLERS_DOMINANT_CYCLE_PHASE","V0.1","MEDIAN_PRICE","260.0604199476959","True","OBSERVABLE","2026-09-11T18:50:12.106Z"
"20260911T161623Z-1","A","AMZN","96","120","EHLERS_DOMINANT_CYCLE_PHASE","V0.1","MEDIAN_PRICE","263.5794597433819","True","OBSERVABLE","2026-09-11T18:50:12.106Z"
"20260911T161623Z-1","A","AMZN","97","120","EHLERS_DOMINANT_CYCLE_PHASE","V0.1","MEDIAN_PRICE","282.02422408299356","True","OBSERVABLE","2026-09-11T18:50:12.106Z"
"20260911T161623Z-1","A","AMZN","98","120","EHLERS_DOMINANT_CYCLE_PHASE","V0.1","MEDIAN_PRICE","307.28063726913587","True","OBSERVABLE","2026-09-11T18:50:12.106Z"
"20260911T161623Z-1","A","AMZN","99","120","EHLERS_DOMINANT_CYCLE_PHASE","V0.1","MEDIAN_PRICE","336.7987024331755","True","OBSERVABLE","2026-09-11T18:50:12.106Z"
"20260911T161623Z-1","A","AMZN","100","120","EHLERS_DOMINANT_CYCLE_PHASE","V0.1","MEDIAN_PRICE","5.514380474253585","True","OBSERVABLE","2026-09-11T18:50:12.106Z"
"20260911T161623Z-1","A","AMZN","101","120","EHLERS_DOMINANT_CYCLE_PHASE","V0.1","MEDIAN_PRICE","35.15204645820849","True","OBSERVABLE","2026-09-11T18:50:12.106Z"
"20260911T161623Z-1","A","AMZN","102","120","EHLERS_DOMINANT_CYCLE_PHASE","V0.1","MEDIAN_PRICE","55.76538416633923","True","OBSERVABLE","2026-09-11T18:50:12.106Z"
"20260911T161623Z-1","A","AMZN","103","120","EHLERS_DOMINANT_CYCLE_PHASE","V0.1","MEDIAN_PRICE","71.15486109162329","True","OBSERVABLE","2026-09-11T18:50:12.106Z"
"20260911T161623Z-1","A","AMZN","104","120","EHLERS_DOMINANT_CYCLE_PHASE","V0.1","MEDIAN_PRICE","88.95559025090239","True","OBSERVABLE","2026-09-11T18:50:12.106Z"
"20260911T161623Z-1","A","AMZN","105","120","EHLERS_DOMINANT_CYCLE_PHASE","V0.1","MEDIAN_PRICE","111.49354312199816","True","OBSERVABLE","2026-09-11T18:50:12.106Z"
"20260911T161623Z-1","A","AMZN","106","120","EHLERS_DOMINANT_CYCLE_PHASE","V0.1","MEDIAN_PRICE","125.4376733753502","True","OBSERVABLE","2026-09-11T18:50:12.106Z"
"20260911T161623Z-1","A","AMZN","107","120","EHLERS_DOMINANT_CYCLE_PHASE","V0.1","MEDIAN_PRICE","152.1293349164849","True","OBSERVABLE","2026-09-11T18:50:12.106Z"
"20260911T161623Z-1","A","AMZN","108","120","EHLERS_DOMINANT_CYCLE_PHASE","V0.1","MEDIAN_PRICE","170.82680597625892","True","OBSERVABLE","2026-09-11T18:50:12.106Z"
"20260911T161623Z-1","A","AMZN","109","120","EHLERS_DOMINANT_CYCLE_PHASE","V0.1","MEDIAN_PRICE","202.5947680203804","True","OBSERVABLE","2026-09-11T18:50:12.106Z"
"20260911T161623Z-1","A","AMZN","110","120","EHLERS_DOMINANT_CYCLE_PHASE","V0.1","MEDIAN_PRICE","216.68617177035753","True","OBSERVABLE","2026-09-11T18:50:12.106Z"
"20260911T161623Z-1","A","AMZN","111","120","EHLERS_DOMINANT_CYCLE_PHASE","V0.1","MEDIAN_PRICE","231.8026211250522","True","OBSERVABLE","2026-09-11T18:50:12.106Z"
"20260911T161623Z-1","A","AMZN","112","120","EHLERS_DOMINANT_CYCLE_PHASE","V0.1","MEDIAN_PRICE","250.58078722158217","True","OBSERVABLE","2026-09-11T18:50:12.106Z"
"20260911T161623Z-1","A","AMZN","113","120","EHLERS_DOMINANT_CYCLE_PHASE","V0.1","MEDIAN_PRICE","269.9730427230688","True","OBSERVABLE","2026-09-11T18:50:12.106Z"
"20260911T161623Z-1","A","AMZN","114","120","EHLERS_DOMINANT_CYCLE_PHASE","V0.1","MEDIAN_PRICE","287.05753284105896","True","OBSERVABLE","2026-09-11T18:50:12.106Z"
"20260911T161623Z-1","A","AMZN","115","120","EHLERS_DOMINANT_CYCLE_PHASE","V0.1","MEDIAN_PRICE","301.11260421826626","True","OBSERVABLE","2026-09-11T18:50:12.106Z"
"20260911T161623Z-1","A","AMZN","116","120","EHLERS_DOMINANT_CYCLE_PHASE","V0.1","MEDIAN_PRICE","303.97033983284217","True","OBSERVABLE","2026-09-11T18:50:12.106Z"
"20260911T161623Z-1","A","AMZN","117","120","EHLERS_DOMINANT_CYCLE_PHASE","V0.1","MEDIAN_PRICE","310.3894353290578","True","OBSERVABLE","2026-09-11T18:50:12.106Z"
"20260911T161623Z-1","A","AMZN","118","120","EHLERS_DOMINANT_CYCLE_PHASE","V0.1","MEDIAN_PRICE","321.234256503007","True","OBSERVABLE","2026-09-11T18:50:12.106Z"
"20260911T161623Z-1","A","AMZN","119","120","EHLERS_DOMINANT_CYCLE_PHASE","V0.1","MEDIAN_PRICE","331.97916456302937","True","OBSERVABLE","2026-09-11T18:50:12.106Z"
"20260911T161623Z-1","A","AVGO","1","120","EHLERS_DOMINANT_CYCLE_PHASE","V0.1","MEDIAN_PRICE",,"False","INITIALIZING","2026-09-11T18:50:12.140Z"
"20260911T161623Z-1","A","AVGO","2","120","EHLERS_DOMINANT_CYCLE_PHASE","V0.1","MEDIAN_PRICE",,"False","INITIALIZING","2026-09-11T18:50:12.140Z"
"20260911T161623Z-1","A","AVGO","3","120","EHLERS_DOMINANT_CYCLE_PHASE","V0.1","MEDIAN_PRICE",,"False","INITIALIZING","2026-09-11T18:50:12.140Z"
"20260911T161623Z-1","A","AVGO","4","120","EHLERS_DOMINANT_CYCLE_PHASE","V0.1","MEDIAN_PRICE",,"False","INITIALIZING","2026-09-11T18:50:12.140Z"
"20260911T161623Z-1","A","AVGO","5","120","EHLERS_DOMINANT_CYCLE_PHASE","V0.1","MEDIAN_PRICE",,"False","INITIALIZING","2026-09-11T18:50:12.140Z"
"20260911T161623Z-1","A","AVGO","6","120","EHLERS_DOMINANT_CYCLE_PHASE","V0.1","MEDIAN_PRICE",,"False","INITIALIZING","2026-09-11T18:50:12.140Z"
"20260911T161623Z-1","A","AVGO","7","120","EHLERS_DOMINANT_CYCLE_PHASE","V0.1","MEDIAN_PRICE",,"False","INITIALIZING","2026-09-11T18:50:12.140Z"
"20260911T161623Z-1","A","AVGO","8","120","EHLERS_DOMINANT_CYCLE_PHASE","V0.1","MEDIAN_PRICE",,"False","INITIALIZING","2026-09-11T18:50:12.140Z"
"20260911T161623Z-1","A","AVGO","9","120","EHLERS_DOMINANT_CYCLE_PHASE","V0.1","MEDIAN_PRICE",,"False","INITIALIZING","2026-09-11T18:50:12.140Z"
"20260911T161623Z-1","A","AVGO","10","120","EHLERS_DOMINANT_CYCLE_PHASE","V0.1","MEDIAN_PRICE",,"False","INITIALIZING","2026-09-11T18:50:12.140Z"
"20260911T161623Z-1","A","AVGO","11","120","EHLERS_DOMINANT_CYCLE_PHASE","V0.1","MEDIAN_PRICE",,"False","INITIALIZING","2026-09-11T18:50:12.140Z"
"20260911T161623Z-1","A","AVGO","12","120","EHLERS_DOMINANT_CYCLE_PHASE","V0.1","MEDIAN_PRICE",,"False","INITIALIZING","2026-09-11T18:50:12.140Z"
"20260911T161623Z-1","A","AVGO","13","120","EHLERS_DOMINANT_CYCLE_PHASE","V0.1","MEDIAN_PRICE",,"False","INITIALIZING","2026-09-11T18:50:12.140Z"
"20260911T161623Z-1","A","AVGO","14","120","EHLERS_DOMINANT_CYCLE_PHASE","V0.1","MEDIAN_PRICE",,"False","INITIALIZING","2026-09-11T18:50:12.140Z"
"20260911T161623Z-1","A","AVGO","15","120","EHLERS_DOMINANT_CYCLE_PHASE","V0.1","MEDIAN_PRICE",,"False","INITIALIZING","2026-09-11T18:50:12.140Z"
"20260911T161623Z-1","A","AVGO","16","120","EHLERS_DOMINANT_CYCLE_PHASE","V0.1","MEDIAN_PRICE",,"False","INITIALIZING","2026-09-11T18:50:12.140Z"
"20260911T161623Z-1","A","AVGO","17","120","EHLERS_DOMINANT_CYCLE_PHASE","V0.1","MEDIAN_PRICE",,"False","INITIALIZING","2026-09-11T18:50:12.140Z"
"20260911T161623Z-1","A","AVGO","18","120","EHLERS_DOMINANT_CYCLE_PHASE","V0.1","MEDIAN_PRICE",,"False","INITIALIZING","2026-09-11T18:50:12.140Z"
"20260911T161623Z-1","A","AVGO","19","120","EHLERS_DOMINANT_CYCLE_PHASE","V0.1","MEDIAN_PRICE",,"False","INITIALIZING","2026-09-11T18:50:12.140Z"
"20260911T161623Z-1","A","AVGO","20","120","EHLERS_DOMINANT_CYCLE_PHASE","V0.1","MEDIAN_PRICE",,"False","INITIALIZING","2026-09-11T18:50:12.140Z"
"20260911T161623Z-1","A","AVGO","21","120","EHLERS_DOMINANT_CYCLE_PHASE","V0.1","MEDIAN_PRICE",,"False","INITIALIZING","2026-09-11T18:50:12.140Z"
"20260911T161623Z-1","A","AVGO","22","120","EHLERS_DOMINANT_CYCLE_PHASE","V0.1","MEDIAN_PRICE",,"False","INITIALIZING","2026-09-11T18:50:12.140Z"
"20260911T161623Z-1","A","AVGO","23","120","EHLERS_DOMINANT_CYCLE_PHASE","V0.1","MEDIAN_PRICE",,"False","INITIALIZING","2026-09-11T18:50:12.140Z"
"20260911T161623Z-1","A","AVGO","24","120","EHLERS_DOMINANT_CYCLE_PHASE","V0.1","MEDIAN_PRICE",,"False","INITIALIZING","2026-09-11T18:50:12.140Z"
"20260911T161623Z-1","A","AVGO","25","120","EHLERS_DOMINANT_CYCLE_PHASE","V0.1","MEDIAN_PRICE",,"False","INITIALIZING","2026-09-11T18:50:12.140Z"
"20260911T161623Z-1","A","AVGO","26","120","EHLERS_DOMINANT_CYCLE_PHASE","V0.1","MEDIAN_PRICE",,"False","INITIALIZING","2026-09-11T18:50:12.140Z"
"20260911T161623Z-1","A","AVGO","27","120","EHLERS_DOMINANT_CYCLE_PHASE","V0.1","MEDIAN_PRICE",,"False","INITIALIZING","2026-09-11T18:50:12.140Z"
"20260911T161623Z-1","A","AVGO","28","120","EHLERS_DOMINANT_CYCLE_PHASE","V0.1","MEDIAN_PRICE",,"False","INITIALIZING","2026-09-11T18:50:12.140Z"
"20260911T161623Z-1","A","AVGO","29","120","EHLERS_DOMINANT_CYCLE_PHASE","V0.1","MEDIAN_PRICE",,"False","INITIALIZING","2026-09-11T18:50:12.140Z"
"20260911T161623Z-1","A","AVGO","30","120","EHLERS_DOMINANT_CYCLE_PHASE","V0.1","MEDIAN_PRICE",,"False","INITIALIZING","2026-09-11T18:50:12.140Z"
"20260911T161623Z-1","A","AVGO","31","120","EHLERS_DOMINANT_CYCLE_PHASE","V0.1","MEDIAN_PRICE",,"False","INITIALIZING","2026-09-11T18:50:12.140Z"
"20260911T161623Z-1","A","AVGO","32","120","EHLERS_DOMINANT_CYCLE_PHASE","V0.1","MEDIAN_PRICE",,"False","INITIALIZING","2026-09-11T18:50:12.140Z"
"20260911T161623Z-1","A","AVGO","33","120","EHLERS_DOMINANT_CYCLE_PHASE","V0.1","MEDIAN_PRICE",,"False","INITIALIZING","2026-09-11T18:50:12.140Z"
"20260911T161623Z-1","A","AVGO","34","120","EHLERS_DOMINANT_CYCLE_PHASE","V0.1","MEDIAN_PRICE",,"False","INITIALIZING","2026-09-11T18:50:12.140Z"
"20260911T161623Z-1","A","AVGO","35","120","EHLERS_DOMINANT_CYCLE_PHASE","V0.1","MEDIAN_PRICE",,"False","INITIALIZING","2026-09-11T18:50:12.140Z"
"20260911T161623Z-1","A","AVGO","36","120","EHLERS_DOMINANT_CYCLE_PHASE","V0.1","MEDIAN_PRICE",,"False","INITIALIZING","2026-09-11T18:50:12.140Z"
"20260911T161623Z-1","A","AVGO","37","120","EHLERS_DOMINANT_CYCLE_PHASE","V0.1","MEDIAN_PRICE",,"False","INITIALIZING","2026-09-11T18:50:12.140Z"
"20260911T161623Z-1","A","AVGO","38","120","EHLERS_DOMINANT_CYCLE_PHASE","V0.1","MEDIAN_PRICE",,"False","INITIALIZING","2026-09-11T18:50:12.140Z"
"20260911T161623Z-1","A","AVGO","39","120","EHLERS_DOMINANT_CYCLE_PHASE","V0.1","MEDIAN_PRICE",,"False","INITIALIZING","2026-09-11T18:50:12.140Z"
"20260911T161623Z-1","A","AVGO","40","120","EHLERS_DOMINANT_CYCLE_PHASE","V0.1","MEDIAN_PRICE",,"False","INITIALIZING","2026-09-11T18:50:12.140Z"
"20260911T161623Z-1","A","AVGO","41","120","EHLERS_DOMINANT_CYCLE_PHASE","V0.1","MEDIAN_PRICE",,"False","INITIALIZING","2026-09-11T18:50:12.140Z"
"20260911T161623Z-1","A","AVGO","42","120","EHLERS_DOMINANT_CYCLE_PHASE","V0.1","MEDIAN_PRICE",,"False","INITIALIZING","2026-09-11T18:50:12.140Z"
"20260911T161623Z-1","A","AVGO","43","120","EHLERS_DOMINANT_CYCLE_PHASE","V0.1","MEDIAN_PRICE",,"False","INITIALIZING","2026-09-11T18:50:12.140Z"
"20260911T161623Z-1","A","AVGO","44","120","EHLERS_DOMINANT_CYCLE_PHASE","V0.1","MEDIAN_PRICE",,"False","INITIALIZING","2026-09-11T18:50:12.140Z"
"20260911T161623Z-1","A","AVGO","45","120","EHLERS_DOMINANT_CYCLE_PHASE","V0.1","MEDIAN_PRICE",,"False","INITIALIZING","2026-09-11T18:50:12.140Z"
"20260911T161623Z-1","A","AVGO","46","120","EHLERS_DOMINANT_CYCLE_PHASE","V0.1","MEDIAN_PRICE",,"False","INITIALIZING","2026-09-11T18:50:12.140Z"
"20260911T161623Z-1","A","AVGO","47","120","EHLERS_DOMINANT_CYCLE_PHASE","V0.1","MEDIAN_PRICE",,"False","INITIALIZING","2026-09-11T18:50:12.140Z"
"20260911T161623Z-1","A","AVGO","48","120","EHLERS_DOMINANT_CYCLE_PHASE","V0.1","MEDIAN_PRICE",,"False","INITIALIZING","2026-09-11T18:50:12.140Z"
"20260911T161623Z-1","A","AVGO","49","120","EHLERS_DOMINANT_CYCLE_PHASE","V0.1","MEDIAN_PRICE",,"False","INITIALIZING","2026-09-11T18:50:12.140Z"
"20260911T161623Z-1","A","AVGO","50","120","EHLERS_DOMINANT_CYCLE_PHASE","V0.1","MEDIAN_PRICE",,"False","INITIALIZING","2026-09-11T18:50:12.140Z"
"20260911T161623Z-1","A","AVGO","51","120","EHLERS_DOMINANT_CYCLE_PHASE","V0.1","MEDIAN_PRICE",,"False","INITIALIZING","2026-09-11T18:50:12.140Z"
"20260911T161623Z-1","A","AVGO","52","120","EHLERS_DOMINANT_CYCLE_PHASE","V0.1","MEDIAN_PRICE",,"False","INITIALIZING","2026-09-11T18:50:12.140Z"
"20260911T161623Z-1","A","AVGO","53","120","EHLERS_DOMINANT_CYCLE_PHASE","V0.1","MEDIAN_PRICE",,"False","INITIALIZING","2026-09-11T18:50:12.140Z"
"20260911T161623Z-1","A","AVGO","54","120","EHLERS_DOMINANT_CYCLE_PHASE","V0.1","MEDIAN_PRICE",,"False","INITIALIZING","2026-09-11T18:50:12.140Z"
"20260911T161623Z-1","A","AVGO","55","120","EHLERS_DOMINANT_CYCLE_PHASE","V0.1","MEDIAN_PRICE",,"False","INITIALIZING","2026-09-11T18:50:12.140Z"
"20260911T161623Z-1","A","AVGO","56","120","EHLERS_DOMINANT_CYCLE_PHASE","V0.1","MEDIAN_PRICE",,"False","INITIALIZING","2026-09-11T18:50:12.140Z"
"20260911T161623Z-1","A","AVGO","57","120","EHLERS_DOMINANT_CYCLE_PHASE","V0.1","MEDIAN_PRICE",,"False","INITIALIZING","2026-09-11T18:50:12.140Z"
"20260911T161623Z-1","A","AVGO","58","120","EHLERS_DOMINANT_CYCLE_PHASE","V0.1","MEDIAN_PRICE",,"False","INITIALIZING","2026-09-11T18:50:12.140Z"
"20260911T161623Z-1","A","AVGO","59","120","EHLERS_DOMINANT_CYCLE_PHASE","V0.1","MEDIAN_PRICE",,"False","INITIALIZING","2026-09-11T18:50:12.140Z"
"20260911T161623Z-1","A","AVGO","60","120","EHLERS_DOMINANT_CYCLE_PHASE","V0.1","MEDIAN_PRICE",,"False","INITIALIZING","2026-09-11T18:50:12.140Z"
"20260911T161623Z-1","A","AVGO","61","120","EHLERS_DOMINANT_CYCLE_PHASE","V0.1","MEDIAN_PRICE",,"False","INITIALIZING","2026-09-11T18:50:12.140Z"
"20260911T161623Z-1","A","AVGO","62","120","EHLERS_DOMINANT_CYCLE_PHASE","V0.1","MEDIAN_PRICE",,"False","INITIALIZING","2026-09-11T18:50:12.140Z"
"20260911T161623Z-1","A","AVGO","63","120","EHLERS_DOMINANT_CYCLE_PHASE","V0.1","MEDIAN_PRICE",,"False","INITIALIZING","2026-09-11T18:50:12.140Z"
"20260911T161623Z-1","A","AVGO","64","120","EHLERS_DOMINANT_CYCLE_PHASE","V0.1","MEDIAN_PRICE","243.7088913641721","True","OBSERVABLE","2026-09-11T18:50:12.140Z"
"20260911T161623Z-1","A","AVGO","65","120","EHLERS_DOMINANT_CYCLE_PHASE","V0.1","MEDIAN_PRICE","245.870692412175","True","OBSERVABLE","2026-09-11T18:50:12.140Z"
"20260911T161623Z-1","A","AVGO","66","120","EHLERS_DOMINANT_CYCLE_PHASE","V0.1","MEDIAN_PRICE","247.4846591277876","True","OBSERVABLE","2026-09-11T18:50:12.140Z"
"20260911T161623Z-1","A","AVGO","67","120","EHLERS_DOMINANT_CYCLE_PHASE","V0.1","MEDIAN_PRICE","248.5953036999113","True","OBSERVABLE","2026-09-11T18:50:12.140Z"
"20260911T161623Z-1","A","AVGO","68","120","EHLERS_DOMINANT_CYCLE_PHASE","V0.1","MEDIAN_PRICE","251.78060308003683","True","OBSERVABLE","2026-09-11T18:50:12.140Z"
"20260911T161623Z-1","A","AVGO","69","120","EHLERS_DOMINANT_CYCLE_PHASE","V0.1","MEDIAN_PRICE","253.68317052707206","True","OBSERVABLE","2026-09-11T18:50:12.140Z"
"20260911T161623Z-1","A","AVGO","70","120","EHLERS_DOMINANT_CYCLE_PHASE","V0.1","MEDIAN_PRICE","261.06903051521437","True","OBSERVABLE","2026-09-11T18:50:12.140Z"
"20260911T161623Z-1","A","AVGO","71","120","EHLERS_DOMINANT_CYCLE_PHASE","V0.1","MEDIAN_PRICE","265.1296718051944","True","OBSERVABLE","2026-09-11T18:50:12.140Z"
"20260911T161623Z-1","A","AVGO","72","120","EHLERS_DOMINANT_CYCLE_PHASE","V0.1","MEDIAN_PRICE","276.0980913991805","True","OBSERVABLE","2026-09-11T18:50:12.140Z"
"20260911T161623Z-1","A","AVGO","73","120","EHLERS_DOMINANT_CYCLE_PHASE","V0.1","MEDIAN_PRICE","288.7751077691099","True","OBSERVABLE","2026-09-11T18:50:12.140Z"
"20260911T161623Z-1","A","AVGO","74","120","EHLERS_DOMINANT_CYCLE_PHASE","V0.1","MEDIAN_PRICE","303.44337041078234","True","OBSERVABLE","2026-09-11T18:50:12.140Z"
"20260911T161623Z-1","A","AVGO","75","120","EHLERS_DOMINANT_CYCLE_PHASE","V0.1","MEDIAN_PRICE","322.0278698155407","True","OBSERVABLE","2026-09-11T18:50:12.140Z"
"20260911T161623Z-1","A","AVGO","76","120","EHLERS_DOMINANT_CYCLE_PHASE","V0.1","MEDIAN_PRICE","331.86686347272246","True","OBSERVABLE","2026-09-11T18:50:12.140Z"
"20260911T161623Z-1","A","AVGO","77","120","EHLERS_DOMINANT_CYCLE_PHASE","V0.1","MEDIAN_PRICE","2.049748549302194","True","OBSERVABLE","2026-09-11T18:50:12.140Z"
"20260911T161623Z-1","A","AVGO","78","120","EHLERS_DOMINANT_CYCLE_PHASE","V0.1","MEDIAN_PRICE","28.636822694488302","True","OBSERVABLE","2026-09-11T18:50:12.140Z"
"20260911T161623Z-1","A","AVGO","79","120","EHLERS_DOMINANT_CYCLE_PHASE","V0.1","MEDIAN_PRICE","44.234319344232674","True","OBSERVABLE","2026-09-11T18:50:12.140Z"
"20260911T161623Z-1","A","AVGO","80","120","EHLERS_DOMINANT_CYCLE_PHASE","V0.1","MEDIAN_PRICE","48.45263254283518","True","OBSERVABLE","2026-09-11T18:50:12.140Z"
"20260911T161623Z-1","A","AVGO","81","120","EHLERS_DOMINANT_CYCLE_PHASE","V0.1","MEDIAN_PRICE","24.02753634186179","True","OBSERVABLE","2026-09-11T18:50:12.140Z"
"20260911T161623Z-1","A","AVGO","82","120","EHLERS_DOMINANT_CYCLE_PHASE","V0.1","MEDIAN_PRICE","331.4354772358094","True","OBSERVABLE","2026-09-11T18:50:12.140Z"
"20260911T161623Z-1","A","AVGO","83","120","EHLERS_DOMINANT_CYCLE_PHASE","V0.1","MEDIAN_PRICE","312.15791150031583","True","OBSERVABLE","2026-09-11T18:50:12.140Z"
"20260911T161623Z-1","A","AVGO","84","120","EHLERS_DOMINANT_CYCLE_PHASE","V0.1","MEDIAN_PRICE","308.4173824167618","True","OBSERVABLE","2026-09-11T18:50:12.140Z"
"20260911T161623Z-1","A","AVGO","85","120","EHLERS_DOMINANT_CYCLE_PHASE","V0.1","MEDIAN_PRICE","311.8845884989255","True","OBSERVABLE","2026-09-11T18:50:12.140Z"
"20260911T161623Z-1","A","AVGO","86","120","EHLERS_DOMINANT_CYCLE_PHASE","V0.1","MEDIAN_PRICE","317.2705779194187","True","OBSERVABLE","2026-09-11T18:50:12.140Z"
"20260911T161623Z-1","A","AVGO","87","120","EHLERS_DOMINANT_CYCLE_PHASE","V0.1","MEDIAN_PRICE","325.6280264029605","True","OBSERVABLE","2026-09-11T18:50:12.140Z"
"20260911T161623Z-1","A","AVGO","88","120","EHLERS_DOMINANT_CYCLE_PHASE","V0.1","MEDIAN_PRICE","337.6723558345039","True","OBSERVABLE","2026-09-11T18:50:12.140Z"
"20260911T161623Z-1","A","AVGO","89","120","EHLERS_DOMINANT_CYCLE_PHASE","V0.1","MEDIAN_PRICE","355.89561640802094","True","OBSERVABLE","2026-09-11T18:50:12.140Z"
"20260911T161623Z-1","A","AVGO","90","120","EHLERS_DOMINANT_CYCLE_PHASE","V0.1","MEDIAN_PRICE","4.0062889998883975","True","OBSERVABLE","2026-09-11T18:50:12.140Z"
"20260911T161623Z-1","A","AVGO","91","120","EHLERS_DOMINANT_CYCLE_PHASE","V0.1","MEDIAN_PRICE","11.76901006544756","True","OBSERVABLE","2026-09-11T18:50:12.140Z"
"20260911T161623Z-1","A","AVGO","92","120","EHLERS_DOMINANT_CYCLE_PHASE","V0.1","MEDIAN_PRICE","20.34892403143104","True","OBSERVABLE","2026-09-11T18:50:12.140Z"
"20260911T161623Z-1","A","AVGO","93","120","EHLERS_DOMINANT_CYCLE_PHASE","V0.1","MEDIAN_PRICE","30.3550865131283","True","OBSERVABLE","2026-09-11T18:50:12.140Z"
"20260911T161623Z-1","A","AVGO","94","120","EHLERS_DOMINANT_CYCLE_PHASE","V0.1","MEDIAN_PRICE","45.06698390502608","True","OBSERVABLE","2026-09-11T18:50:12.140Z"
"20260911T161623Z-1","A","AVGO","95","120","EHLERS_DOMINANT_CYCLE_PHASE","V0.1","MEDIAN_PRICE","70.06182002542533","True","OBSERVABLE","2026-09-11T18:50:12.140Z"
"20260911T161623Z-1","A","AVGO","96","120","EHLERS_DOMINANT_CYCLE_PHASE","V0.1","MEDIAN_PRICE","96.41092795310882","True","OBSERVABLE","2026-09-11T18:50:12.140Z"
"20260911T161623Z-1","A","AVGO","97","120","EHLERS_DOMINANT_CYCLE_PHASE","V0.1","MEDIAN_PRICE","122.19697305683917","True","OBSERVABLE","2026-09-11T18:50:12.140Z"
"20260911T161623Z-1","A","AVGO","98","120","EHLERS_DOMINANT_CYCLE_PHASE","V0.1","MEDIAN_PRICE","137.28081323562176","True","OBSERVABLE","2026-09-11T18:50:12.140Z"
"20260911T161623Z-1","A","AVGO","99","120","EHLERS_DOMINANT_CYCLE_PHASE","V0.1","MEDIAN_PRICE","164.96875228660207","True","OBSERVABLE","2026-09-11T18:50:12.140Z"
"20260911T161623Z-1","A","AVGO","100","120","EHLERS_DOMINANT_CYCLE_PHASE","V0.1","MEDIAN_PRICE","177.97365157050749","True","OBSERVABLE","2026-09-11T18:50:12.140Z"
"20260911T161623Z-1","A","AVGO","101","120","EHLERS_DOMINANT_CYCLE_PHASE","V0.1","MEDIAN_PRICE","193.29629808937125","True","OBSERVABLE","2026-09-11T18:50:12.140Z"
"20260911T161623Z-1","A","AVGO","102","120","EHLERS_DOMINANT_CYCLE_PHASE","V0.1","MEDIAN_PRICE","204.7145825102804","True","OBSERVABLE","2026-09-11T18:50:12.140Z"
"20260911T161623Z-1","A","AVGO","103","120","EHLERS_DOMINANT_CYCLE_PHASE","V0.1","MEDIAN_PRICE","219.0958127513107","True","OBSERVABLE","2026-09-11T18:50:12.140Z"
"20260911T161623Z-1","A","AVGO","104","120","EHLERS_DOMINANT_CYCLE_PHASE","V0.1","MEDIAN_PRICE","235.74987404673425","True","OBSERVABLE","2026-09-11T18:50:12.140Z"
"20260911T161623Z-1","A","AVGO","105","120","EHLERS_DOMINANT_CYCLE_PHASE","V0.1","MEDIAN_PRICE","257.0387052837634","True","OBSERVABLE","2026-09-11T18:50:12.140Z"
"20260911T161623Z-1","A","AVGO","106","120","EHLERS_DOMINANT_CYCLE_PHASE","V0.1","MEDIAN_PRICE","277.4760493583815","True","OBSERVABLE","2026-09-11T18:50:12.140Z"
"20260911T161623Z-1","A","AVGO","107","120","EHLERS_DOMINANT_CYCLE_PHASE","V0.1","MEDIAN_PRICE","302.0150623557846","True","OBSERVABLE","2026-09-11T18:50:12.140Z"
"20260911T161623Z-1","A","AVGO","108","120","EHLERS_DOMINANT_CYCLE_PHASE","V0.1","MEDIAN_PRICE","319.94141191321586","True","OBSERVABLE","2026-09-11T18:50:12.140Z"
"20260911T161623Z-1","A","AVGO","109","120","EHLERS_DOMINANT_CYCLE_PHASE","V0.1","MEDIAN_PRICE","350.6066093527741","True","OBSERVABLE","2026-09-11T18:50:12.140Z"
"20260911T161623Z-1","A","AVGO","110","120","EHLERS_DOMINANT_CYCLE_PHASE","V0.1","MEDIAN_PRICE","14.2969658151261","True","OBSERVABLE","2026-09-11T18:50:12.140Z"
"20260911T161623Z-1","A","AVGO","111","120","EHLERS_DOMINANT_CYCLE_PHASE","V0.1","MEDIAN_PRICE","36.62613646957875","True","OBSERVABLE","2026-09-11T18:50:12.140Z"
"20260911T161623Z-1","A","AVGO","112","120","EHLERS_DOMINANT_CYCLE_PHASE","V0.1","MEDIAN_PRICE","68.60585170684132","True","OBSERVABLE","2026-09-11T18:50:12.140Z"
"20260911T161623Z-1","A","AVGO","113","120","EHLERS_DOMINANT_CYCLE_PHASE","V0.1","MEDIAN_PRICE","89.60251584688523","True","OBSERVABLE","2026-09-11T18:50:12.140Z"
"20260911T161623Z-1","A","AVGO","114","120","EHLERS_DOMINANT_CYCLE_PHASE","V0.1","MEDIAN_PRICE","112.27595947798152","True","OBSERVABLE","2026-09-11T18:50:12.140Z"
"20260911T161623Z-1","A","AVGO","115","120","EHLERS_DOMINANT_CYCLE_PHASE","V0.1","MEDIAN_PRICE","138.7974943215106","True","OBSERVABLE","2026-09-11T18:50:12.140Z"
"20260911T161623Z-1","A","AVGO","116","120","EHLERS_DOMINANT_CYCLE_PHASE","V0.1","MEDIAN_PRICE","167.86161255398738","True","OBSERVABLE","2026-09-11T18:50:12.140Z"
"20260911T161623Z-1","A","AVGO","117","120","EHLERS_DOMINANT_CYCLE_PHASE","V0.1","MEDIAN_PRICE","190.84839469086563","True","OBSERVABLE","2026-09-11T18:50:12.140Z"
"20260911T161623Z-1","A","AVGO","118","120","EHLERS_DOMINANT_CYCLE_PHASE","V0.1","MEDIAN_PRICE","208.21702212936256","True","OBSERVABLE","2026-09-11T18:50:12.140Z"
"20260911T161623Z-1","A","GOOGL","1","120","EHLERS_DOMINANT_CYCLE_PHASE","V0.1","MEDIAN_PRICE",,"False","INITIALIZING","2026-09-11T18:50:12.189Z"
"20260911T161623Z-1","A","GOOGL","2","120","EHLERS_DOMINANT_CYCLE_PHASE","V0.1","MEDIAN_PRICE",,"False","INITIALIZING","2026-09-11T18:50:12.189Z"
"20260911T161623Z-1","A","GOOGL","3","120","EHLERS_DOMINANT_CYCLE_PHASE","V0.1","MEDIAN_PRICE",,"False","INITIALIZING","2026-09-11T18:50:12.189Z"
"20260911T161623Z-1","A","GOOGL","4","120","EHLERS_DOMINANT_CYCLE_PHASE","V0.1","MEDIAN_PRICE",,"False","INITIALIZING","2026-09-11T18:50:12.189Z"
"20260911T161623Z-1","A","GOOGL","5","120","EHLERS_DOMINANT_CYCLE_PHASE","V0.1","MEDIAN_PRICE",,"False","INITIALIZING","2026-09-11T18:50:12.189Z"
"20260911T161623Z-1","A","GOOGL","6","120","EHLERS_DOMINANT_CYCLE_PHASE","V0.1","MEDIAN_PRICE",,"False","INITIALIZING","2026-09-11T18:50:12.189Z"
"20260911T161623Z-1","A","GOOGL","7","120","EHLERS_DOMINANT_CYCLE_PHASE","V0.1","MEDIAN_PRICE",,"False","INITIALIZING","2026-09-11T18:50:12.189Z"
"20260911T161623Z-1","A","GOOGL","8","120","EHLERS_DOMINANT_CYCLE_PHASE","V0.1","MEDIAN_PRICE",,"False","INITIALIZING","2026-09-11T18:50:12.189Z"
"20260911T161623Z-1","A","GOOGL","9","120","EHLERS_DOMINANT_CYCLE_PHASE","V0.1","MEDIAN_PRICE",,"False","INITIALIZING","2026-09-11T18:50:12.189Z"
"20260911T161623Z-1","A","GOOGL","10","120","EHLERS_DOMINANT_CYCLE_PHASE","V0.1","MEDIAN_PRICE",,"False","INITIALIZING","2026-09-11T18:50:12.189Z"
"20260911T161623Z-1","A","GOOGL","11","120","EHLERS_DOMINANT_CYCLE_PHASE","V0.1","MEDIAN_PRICE",,"False","INITIALIZING","2026-09-11T18:50:12.189Z"
"20260911T161623Z-1","A","GOOGL","12","120","EHLERS_DOMINANT_CYCLE_PHASE","V0.1","MEDIAN_PRICE",,"False","INITIALIZING","2026-09-11T18:50:12.189Z"
"20260911T161623Z-1","A","GOOGL","13","120","EHLERS_DOMINANT_CYCLE_PHASE","V0.1","MEDIAN_PRICE",,"False","INITIALIZING","2026-09-11T18:50:12.189Z"
"20260911T161623Z-1","A","GOOGL","14","120","EHLERS_DOMINANT_CYCLE_PHASE","V0.1","MEDIAN_PRICE",,"False","INITIALIZING","2026-09-11T18:50:12.189Z"
"20260911T161623Z-1","A","GOOGL","15","120","EHLERS_DOMINANT_CYCLE_PHASE","V0.1","MEDIAN_PRICE",,"False","INITIALIZING","2026-09-11T18:50:12.189Z"
"20260911T161623Z-1","A","GOOGL","16","120","EHLERS_DOMINANT_CYCLE_PHASE","V0.1","MEDIAN_PRICE",,"False","INITIALIZING","2026-09-11T18:50:12.189Z"
"20260911T161623Z-1","A","GOOGL","17","120","EHLERS_DOMINANT_CYCLE_PHASE","V0.1","MEDIAN_PRICE",,"False","INITIALIZING","2026-09-11T18:50:12.189Z"
"20260911T161623Z-1","A","GOOGL","18","120","EHLERS_DOMINANT_CYCLE_PHASE","V0.1","MEDIAN_PRICE",,"False","INITIALIZING","2026-09-11T18:50:12.189Z"
"20260911T161623Z-1","A","GOOGL","19","120","EHLERS_DOMINANT_CYCLE_PHASE","V0.1","MEDIAN_PRICE",,"False","INITIALIZING","2026-09-11T18:50:12.189Z"
"20260911T161623Z-1","A","GOOGL","20","120","EHLERS_DOMINANT_CYCLE_PHASE","V0.1","MEDIAN_PRICE",,"False","INITIALIZING","2026-09-11T18:50:12.189Z"
"20260911T161623Z-1","A","GOOGL","21","120","EHLERS_DOMINANT_CYCLE_PHASE","V0.1","MEDIAN_PRICE",,"False","INITIALIZING","2026-09-11T18:50:12.189Z"
"20260911T161623Z-1","A","GOOGL","22","120","EHLERS_DOMINANT_CYCLE_PHASE","V0.1","MEDIAN_PRICE",,"False","INITIALIZING","2026-09-11T18:50:12.189Z"
"20260911T161623Z-1","A","GOOGL","23","120","EHLERS_DOMINANT_CYCLE_PHASE","V0.1","MEDIAN_PRICE",,"False","INITIALIZING","2026-09-11T18:50:12.189Z"
"20260911T161623Z-1","A","GOOGL","24","120","EHLERS_DOMINANT_CYCLE_PHASE","V0.1","MEDIAN_PRICE",,"False","INITIALIZING","2026-09-11T18:50:12.189Z"
"20260911T161623Z-1","A","GOOGL","25","120","EHLERS_DOMINANT_CYCLE_PHASE","V0.1","MEDIAN_PRICE",,"False","INITIALIZING","2026-09-11T18:50:12.189Z"
"20260911T161623Z-1","A","GOOGL","26","120","EHLERS_DOMINANT_CYCLE_PHASE","V0.1","MEDIAN_PRICE",,"False","INITIALIZING","2026-09-11T18:50:12.189Z"
"20260911T161623Z-1","A","GOOGL","27","120","EHLERS_DOMINANT_CYCLE_PHASE","V0.1","MEDIAN_PRICE",,"False","INITIALIZING","2026-09-11T18:50:12.189Z"
"20260911T161623Z-1","A","GOOGL","28","120","EHLERS_DOMINANT_CYCLE_PHASE","V0.1","MEDIAN_PRICE",,"False","INITIALIZING","2026-09-11T18:50:12.189Z"
"20260911T161623Z-1","A","GOOGL","29","120","EHLERS_DOMINANT_CYCLE_PHASE","V0.1","MEDIAN_PRICE",,"False","INITIALIZING","2026-09-11T18:50:12.189Z"
"20260911T161623Z-1","A","GOOGL","30","120","EHLERS_DOMINANT_CYCLE_PHASE","V0.1","MEDIAN_PRICE",,"False","INITIALIZING","2026-09-11T18:50:12.189Z"
"20260911T161623Z-1","A","GOOGL","31","120","EHLERS_DOMINANT_CYCLE_PHASE","V0.1","MEDIAN_PRICE",,"False","INITIALIZING","2026-09-11T18:50:12.189Z"
"20260911T161623Z-1","A","GOOGL","32","120","EHLERS_DOMINANT_CYCLE_PHASE","V0.1","MEDIAN_PRICE",,"False","INITIALIZING","2026-09-11T18:50:12.189Z"
"20260911T161623Z-1","A","GOOGL","33","120","EHLERS_DOMINANT_CYCLE_PHASE","V0.1","MEDIAN_PRICE",,"False","INITIALIZING","2026-09-11T18:50:12.189Z"
"20260911T161623Z-1","A","GOOGL","34","120","EHLERS_DOMINANT_CYCLE_PHASE","V0.1","MEDIAN_PRICE",,"False","INITIALIZING","2026-09-11T18:50:12.189Z"
"20260911T161623Z-1","A","GOOGL","35","120","EHLERS_DOMINANT_CYCLE_PHASE","V0.1","MEDIAN_PRICE",,"False","INITIALIZING","2026-09-11T18:50:12.189Z"
"20260911T161623Z-1","A","GOOGL","36","120","EHLERS_DOMINANT_CYCLE_PHASE","V0.1","MEDIAN_PRICE",,"False","INITIALIZING","2026-09-11T18:50:12.189Z"
"20260911T161623Z-1","A","GOOGL","37","120","EHLERS_DOMINANT_CYCLE_PHASE","V0.1","MEDIAN_PRICE",,"False","INITIALIZING","2026-09-11T18:50:12.189Z"
"20260911T161623Z-1","A","GOOGL","38","120","EHLERS_DOMINANT_CYCLE_PHASE","V0.1","MEDIAN_PRICE",,"False","INITIALIZING","2026-09-11T18:50:12.189Z"
"20260911T161623Z-1","A","GOOGL","39","120","EHLERS_DOMINANT_CYCLE_PHASE","V0.1","MEDIAN_PRICE",,"False","INITIALIZING","2026-09-11T18:50:12.189Z"
"20260911T161623Z-1","A","GOOGL","40","120","EHLERS_DOMINANT_CYCLE_PHASE","V0.1","MEDIAN_PRICE",,"False","INITIALIZING","2026-09-11T18:50:12.189Z"
"20260911T161623Z-1","A","GOOGL","41","120","EHLERS_DOMINANT_CYCLE_PHASE","V0.1","MEDIAN_PRICE",,"False","INITIALIZING","2026-09-11T18:50:12.189Z"
"20260911T161623Z-1","A","GOOGL","42","120","EHLERS_DOMINANT_CYCLE_PHASE","V0.1","MEDIAN_PRICE",,"False","INITIALIZING","2026-09-11T18:50:12.189Z"
"20260911T161623Z-1","A","GOOGL","43","120","EHLERS_DOMINANT_CYCLE_PHASE","V0.1","MEDIAN_PRICE",,"False","INITIALIZING","2026-09-11T18:50:12.189Z"
"20260911T161623Z-1","A","GOOGL","44","120","EHLERS_DOMINANT_CYCLE_PHASE","V0.1","MEDIAN_PRICE",,"False","INITIALIZING","2026-09-11T18:50:12.189Z"
"20260911T161623Z-1","A","GOOGL","45","120","EHLERS_DOMINANT_CYCLE_PHASE","V0.1","MEDIAN_PRICE",,"False","INITIALIZING","2026-09-11T18:50:12.189Z"
"20260911T161623Z-1","A","GOOGL","46","120","EHLERS_DOMINANT_CYCLE_PHASE","V0.1","MEDIAN_PRICE",,"False","INITIALIZING","2026-09-11T18:50:12.189Z"
"20260911T161623Z-1","A","GOOGL","47","120","EHLERS_DOMINANT_CYCLE_PHASE","V0.1","MEDIAN_PRICE",,"False","INITIALIZING","2026-09-11T18:50:12.189Z"
"20260911T161623Z-1","A","GOOGL","48","120","EHLERS_DOMINANT_CYCLE_PHASE","V0.1","MEDIAN_PRICE",,"False","INITIALIZING","2026-09-11T18:50:12.189Z"
"20260911T161623Z-1","A","GOOGL","49","120","EHLERS_DOMINANT_CYCLE_PHASE","V0.1","MEDIAN_PRICE",,"False","INITIALIZING","2026-09-11T18:50:12.189Z"
"20260911T161623Z-1","A","GOOGL","50","120","EHLERS_DOMINANT_CYCLE_PHASE","V0.1","MEDIAN_PRICE",,"False","INITIALIZING","2026-09-11T18:50:12.189Z"
"20260911T161623Z-1","A","GOOGL","51","120","EHLERS_DOMINANT_CYCLE_PHASE","V0.1","MEDIAN_PRICE",,"False","INITIALIZING","2026-09-11T18:50:12.189Z"
"20260911T161623Z-1","A","GOOGL","52","120","EHLERS_DOMINANT_CYCLE_PHASE","V0.1","MEDIAN_PRICE",,"False","INITIALIZING","2026-09-11T18:50:12.189Z"
"20260911T161623Z-1","A","GOOGL","53","120","EHLERS_DOMINANT_CYCLE_PHASE","V0.1","MEDIAN_PRICE",,"False","INITIALIZING","2026-09-11T18:50:12.189Z"
"20260911T161623Z-1","A","GOOGL","54","120","EHLERS_DOMINANT_CYCLE_PHASE","V0.1","MEDIAN_PRICE",,"False","INITIALIZING","2026-09-11T18:50:12.189Z"
"20260911T161623Z-1","A","GOOGL","55","120","EHLERS_DOMINANT_CYCLE_PHASE","V0.1","MEDIAN_PRICE",,"False","INITIALIZING","2026-09-11T18:50:12.189Z"
"20260911T161623Z-1","A","GOOGL","56","120","EHLERS_DOMINANT_CYCLE_PHASE","V0.1","MEDIAN_PRICE",,"False","INITIALIZING","2026-09-11T18:50:12.189Z"
"20260911T161623Z-1","A","GOOGL","57","120","EHLERS_DOMINANT_CYCLE_PHASE","V0.1","MEDIAN_PRICE",,"False","INITIALIZING","2026-09-11T18:50:12.189Z"
"20260911T161623Z-1","A","GOOGL","58","120","EHLERS_DOMINANT_CYCLE_PHASE","V0.1","MEDIAN_PRICE",,"False","INITIALIZING","2026-09-11T18:50:12.189Z"
"20260911T161623Z-1","A","GOOGL","59","120","EHLERS_DOMINANT_CYCLE_PHASE","V0.1","MEDIAN_PRICE",,"False","INITIALIZING","2026-09-11T18:50:12.189Z"
"20260911T161623Z-1","A","GOOGL","60","120","EHLERS_DOMINANT_CYCLE_PHASE","V0.1","MEDIAN_PRICE",,"False","INITIALIZING","2026-09-11T18:50:12.189Z"
"20260911T161623Z-1","A","GOOGL","61","120","EHLERS_DOMINANT_CYCLE_PHASE","V0.1","MEDIAN_PRICE",,"False","INITIALIZING","2026-09-11T18:50:12.189Z"
"20260911T161623Z-1","A","GOOGL","62","120","EHLERS_DOMINANT_CYCLE_PHASE","V0.1","MEDIAN_PRICE",,"False","INITIALIZING","2026-09-11T18:50:12.189Z"
"20260911T161623Z-1","A","GOOGL","63","120","EHLERS_DOMINANT_CYCLE_PHASE","V0.1","MEDIAN_PRICE",,"False","INITIALIZING","2026-09-11T18:50:12.189Z"
"20260911T161623Z-1","A","GOOGL","64","120","EHLERS_DOMINANT_CYCLE_PHASE","V0.1","MEDIAN_PRICE","190.89775811232377","True","OBSERVABLE","2026-09-11T18:50:12.189Z"
"20260911T161623Z-1","A","GOOGL","65","120","EHLERS_DOMINANT_CYCLE_PHASE","V0.1","MEDIAN_PRICE","190.96104010007303","True","OBSERVABLE","2026-09-11T18:50:12.189Z"
"20260911T161623Z-1","A","GOOGL","66","120","EHLERS_DOMINANT_CYCLE_PHASE","V0.1","MEDIAN_PRICE","191.54397006332994","True","OBSERVABLE","2026-09-11T18:50:12.189Z"
"20260911T161623Z-1","A","GOOGL","67","120","EHLERS_DOMINANT_CYCLE_PHASE","V0.1","MEDIAN_PRICE","194.98270782759064","True","OBSERVABLE","2026-09-11T18:50:12.189Z"
"20260911T161623Z-1","A","GOOGL","68","120","EHLERS_DOMINANT_CYCLE_PHASE","V0.1","MEDIAN_PRICE","198.43562773440772","True","OBSERVABLE","2026-09-11T18:50:12.189Z"
"20260911T161623Z-1","A","GOOGL","69","120","EHLERS_DOMINANT_CYCLE_PHASE","V0.1","MEDIAN_PRICE","203.97049986151842","True","OBSERVABLE","2026-09-11T18:50:12.189Z"
"20260911T161623Z-1","A","GOOGL","70","120","EHLERS_DOMINANT_CYCLE_PHASE","V0.1","MEDIAN_PRICE","214.57834140394576","True","OBSERVABLE","2026-09-11T18:50:12.189Z"
"20260911T161623Z-1","A","GOOGL","71","120","EHLERS_DOMINANT_CYCLE_PHASE","V0.1","MEDIAN_PRICE","226.58854941032286","True","OBSERVABLE","2026-09-11T18:50:12.189Z"
"20260911T161623Z-1","A","GOOGL","72","120","EHLERS_DOMINANT_CYCLE_PHASE","V0.1","MEDIAN_PRICE","235.7400036082008","True","OBSERVABLE","2026-09-11T18:50:12.189Z"
"20260911T161623Z-1","A","GOOGL","73","120","EHLERS_DOMINANT_CYCLE_PHASE","V0.1","MEDIAN_PRICE","247.22007951843335","True","OBSERVABLE","2026-09-11T18:50:12.189Z"
"20260911T161623Z-1","A","GOOGL","74","120","EHLERS_DOMINANT_CYCLE_PHASE","V0.1","MEDIAN_PRICE","258.48767149458354","True","OBSERVABLE","2026-09-11T18:50:12.189Z"
"20260911T161623Z-1","A","GOOGL","75","120","EHLERS_DOMINANT_CYCLE_PHASE","V0.1","MEDIAN_PRICE","265.52733209386616","True","OBSERVABLE","2026-09-11T18:50:12.189Z"
"20260911T161623Z-1","A","GOOGL","76","120","EHLERS_DOMINANT_CYCLE_PHASE","V0.1","MEDIAN_PRICE","276.98099652157975","True","OBSERVABLE","2026-09-11T18:50:12.189Z"
"20260911T161623Z-1","A","GOOGL","77","120","EHLERS_DOMINANT_CYCLE_PHASE","V0.1","MEDIAN_PRICE","288.49730148198614","True","OBSERVABLE","2026-09-11T18:50:12.189Z"
"20260911T161623Z-1","A","GOOGL","78","120","EHLERS_DOMINANT_CYCLE_PHASE","V0.1","MEDIAN_PRICE","299.3230244925906","True","OBSERVABLE","2026-09-11T18:50:12.189Z"
"20260911T161623Z-1","A","GOOGL","79","120","EHLERS_DOMINANT_CYCLE_PHASE","V0.1","MEDIAN_PRICE","309.4446775319111","True","OBSERVABLE","2026-09-11T18:50:12.189Z"
"20260911T161623Z-1","A","GOOGL","80","120","EHLERS_DOMINANT_CYCLE_PHASE","V0.1","MEDIAN_PRICE","319.1865052892422","True","OBSERVABLE","2026-09-11T18:50:12.189Z"
"20260911T161623Z-1","A","GOOGL","81","120","EHLERS_DOMINANT_CYCLE_PHASE","V0.1","MEDIAN_PRICE","327.67589648095657","True","OBSERVABLE","2026-09-11T18:50:12.189Z"
"20260911T161623Z-1","A","GOOGL","82","120","EHLERS_DOMINANT_CYCLE_PHASE","V0.1","MEDIAN_PRICE","338.9899202628311","True","OBSERVABLE","2026-09-11T18:50:12.189Z"
"20260911T161623Z-1","A","GOOGL","83","120","EHLERS_DOMINANT_CYCLE_PHASE","V0.1","MEDIAN_PRICE","345.00379161341095","True","OBSERVABLE","2026-09-11T18:50:12.189Z"
"20260911T161623Z-1","A","GOOGL","84","120","EHLERS_DOMINANT_CYCLE_PHASE","V0.1","MEDIAN_PRICE","350.3255833256925","True","OBSERVABLE","2026-09-11T18:50:12.189Z"
"20260911T161623Z-1","A","GOOGL","85","120","EHLERS_DOMINANT_CYCLE_PHASE","V0.1","MEDIAN_PRICE","355.6492235870991","True","OBSERVABLE","2026-09-11T18:50:12.189Z"
"20260911T161623Z-1","A","GOOGL","86","120","EHLERS_DOMINANT_CYCLE_PHASE","V0.1","MEDIAN_PRICE","0.6988403880440615","True","OBSERVABLE","2026-09-11T18:50:12.189Z"
"20260911T161623Z-1","A","GOOGL","87","120","EHLERS_DOMINANT_CYCLE_PHASE","V0.1","MEDIAN_PRICE","8.372923406261634","True","OBSERVABLE","2026-09-11T18:50:12.189Z"
"20260911T161623Z-1","A","GOOGL","88","120","EHLERS_DOMINANT_CYCLE_PHASE","V0.1","MEDIAN_PRICE","11.557976164446302","True","OBSERVABLE","2026-09-11T18:50:12.189Z"
"20260911T161623Z-1","A","GOOGL","89","120","EHLERS_DOMINANT_CYCLE_PHASE","V0.1","MEDIAN_PRICE","14.429874845242153","True","OBSERVABLE","2026-09-11T18:50:12.189Z"
"20260911T161623Z-1","A","GOOGL","90","120","EHLERS_DOMINANT_CYCLE_PHASE","V0.1","MEDIAN_PRICE","16.10264337138095","True","OBSERVABLE","2026-09-11T18:50:12.189Z"
"20260911T161623Z-1","A","GOOGL","91","120","EHLERS_DOMINANT_CYCLE_PHASE","V0.1","MEDIAN_PRICE","17.121155939476623","True","OBSERVABLE","2026-09-11T18:50:12.189Z"
"20260911T161623Z-1","A","GOOGL","92","120","EHLERS_DOMINANT_CYCLE_PHASE","V0.1","MEDIAN_PRICE","17.184925553300843","True","OBSERVABLE","2026-09-11T18:50:12.189Z"
"20260911T161623Z-1","A","GOOGL","93","120","EHLERS_DOMINANT_CYCLE_PHASE","V0.1","MEDIAN_PRICE","15.324801296721716","True","OBSERVABLE","2026-09-11T18:50:12.189Z"
"20260911T161623Z-1","A","GOOGL","94","120","EHLERS_DOMINANT_CYCLE_PHASE","V0.1","MEDIAN_PRICE","12.388623684282038","True","OBSERVABLE","2026-09-11T18:50:12.189Z"
"20260911T161623Z-1","A","GOOGL","95","120","EHLERS_DOMINANT_CYCLE_PHASE","V0.1","MEDIAN_PRICE","8.510772713783581","True","OBSERVABLE","2026-09-11T18:50:12.189Z"
"20260911T161623Z-1","A","GOOGL","96","120","EHLERS_DOMINANT_CYCLE_PHASE","V0.1","MEDIAN_PRICE","5.639871610211458","True","OBSERVABLE","2026-09-11T18:50:12.189Z"
"20260911T161623Z-1","A","GOOGL","97","120","EHLERS_DOMINANT_CYCLE_PHASE","V0.1","MEDIAN_PRICE","3.3596457995550963","True","OBSERVABLE","2026-09-11T18:50:12.189Z"
"20260911T161623Z-1","A","GOOGL","98","120","EHLERS_DOMINANT_CYCLE_PHASE","V0.1","MEDIAN_PRICE","3.914999284748774","True","OBSERVABLE","2026-09-11T18:50:12.189Z"
"20260911T161623Z-1","A","GOOGL","99","120","EHLERS_DOMINANT_CYCLE_PHASE","V0.1","MEDIAN_PRICE","2.5876772285407696","True","OBSERVABLE","2026-09-11T18:50:12.189Z"
"20260911T161623Z-1","A","GOOGL","100","120","EHLERS_DOMINANT_CYCLE_PHASE","V0.1","MEDIAN_PRICE","3.15798942271482","True","OBSERVABLE","2026-09-11T18:50:12.189Z"
"20260911T161623Z-1","A","GOOGL","101","120","EHLERS_DOMINANT_CYCLE_PHASE","V0.1","MEDIAN_PRICE","5.11109225212698","True","OBSERVABLE","2026-09-11T18:50:12.189Z"
"20260911T161623Z-1","A","GOOGL","102","120","EHLERS_DOMINANT_CYCLE_PHASE","V0.1","MEDIAN_PRICE","9.85521040035428","True","OBSERVABLE","2026-09-11T18:50:12.189Z"
"20260911T161623Z-1","A","GOOGL","103","120","EHLERS_DOMINANT_CYCLE_PHASE","V0.1","MEDIAN_PRICE","14.185204066772641","True","OBSERVABLE","2026-09-11T18:50:12.189Z"
"20260911T161623Z-1","A","GOOGL","104","120","EHLERS_DOMINANT_CYCLE_PHASE","V0.1","MEDIAN_PRICE","21.34242799189616","True","OBSERVABLE","2026-09-11T18:50:12.189Z"
"20260911T161623Z-1","A","GOOGL","105","120","EHLERS_DOMINANT_CYCLE_PHASE","V0.1","MEDIAN_PRICE","26.99977596044691","True","OBSERVABLE","2026-09-11T18:50:12.189Z"
"20260911T161623Z-1","A","GOOGL","106","120","EHLERS_DOMINANT_CYCLE_PHASE","V0.1","MEDIAN_PRICE","30.95441773075831","True","OBSERVABLE","2026-09-11T18:50:12.189Z"
"20260911T161623Z-1","A","GOOGL","107","120","EHLERS_DOMINANT_CYCLE_PHASE","V0.1","MEDIAN_PRICE","33.64733129488549","True","OBSERVABLE","2026-09-11T18:50:12.189Z"
"20260911T161623Z-1","A","GOOGL","108","120","EHLERS_DOMINANT_CYCLE_PHASE","V0.1","MEDIAN_PRICE","32.8196217113086","True","OBSERVABLE","2026-09-11T18:50:12.189Z"
"20260911T161623Z-1","A","GOOGL","109","120","EHLERS_DOMINANT_CYCLE_PHASE","V0.1","MEDIAN_PRICE","29.27888093468563","True","OBSERVABLE","2026-09-11T18:50:12.189Z"
"20260911T161623Z-1","A","GOOGL","110","120","EHLERS_DOMINANT_CYCLE_PHASE","V0.1","MEDIAN_PRICE","23.08642687365314","True","OBSERVABLE","2026-09-11T18:50:12.189Z"
"20260911T161623Z-1","A","GOOGL","111","120","EHLERS_DOMINANT_CYCLE_PHASE","V0.1","MEDIAN_PRICE","10.841704335057813","True","OBSERVABLE","2026-09-11T18:50:12.189Z"
"20260911T161623Z-1","A","GOOGL","112","120","EHLERS_DOMINANT_CYCLE_PHASE","V0.1","MEDIAN_PRICE","351.30174970394205","True","OBSERVABLE","2026-09-11T18:50:12.189Z"
"20260911T161623Z-1","A","GOOGL","113","120","EHLERS_DOMINANT_CYCLE_PHASE","V0.1","MEDIAN_PRICE","333.95120084482454","True","OBSERVABLE","2026-09-11T18:50:12.189Z"
"20260911T161623Z-1","A","GOOGL","114","120","EHLERS_DOMINANT_CYCLE_PHASE","V0.1","MEDIAN_PRICE","321.4192050406283","True","OBSERVABLE","2026-09-11T18:50:12.189Z"
"20260911T161623Z-1","A","GOOGL","115","120","EHLERS_DOMINANT_CYCLE_PHASE","V0.1","MEDIAN_PRICE","320.1151097774906","True","OBSERVABLE","2026-09-11T18:50:12.189Z"
"20260911T161623Z-1","A","META","1","120","EHLERS_DOMINANT_CYCLE_PHASE","V0.1","MEDIAN_PRICE",,"False","INITIALIZING","2026-09-11T18:50:12.236Z"
"20260911T161623Z-1","A","META","2","120","EHLERS_DOMINANT_CYCLE_PHASE","V0.1","MEDIAN_PRICE",,"False","INITIALIZING","2026-09-11T18:50:12.236Z"
"20260911T161623Z-1","A","META","3","120","EHLERS_DOMINANT_CYCLE_PHASE","V0.1","MEDIAN_PRICE",,"False","INITIALIZING","2026-09-11T18:50:12.236Z"
"20260911T161623Z-1","A","META","4","120","EHLERS_DOMINANT_CYCLE_PHASE","V0.1","MEDIAN_PRICE",,"False","INITIALIZING","2026-09-11T18:50:12.236Z"
"20260911T161623Z-1","A","META","5","120","EHLERS_DOMINANT_CYCLE_PHASE","V0.1","MEDIAN_PRICE",,"False","INITIALIZING","2026-09-11T18:50:12.236Z"
"20260911T161623Z-1","A","META","6","120","EHLERS_DOMINANT_CYCLE_PHASE","V0.1","MEDIAN_PRICE",,"False","INITIALIZING","2026-09-11T18:50:12.236Z"
"20260911T161623Z-1","A","META","7","120","EHLERS_DOMINANT_CYCLE_PHASE","V0.1","MEDIAN_PRICE",,"False","INITIALIZING","2026-09-11T18:50:12.236Z"
"20260911T161623Z-1","A","META","8","120","EHLERS_DOMINANT_CYCLE_PHASE","V0.1","MEDIAN_PRICE",,"False","INITIALIZING","2026-09-11T18:50:12.236Z"
"20260911T161623Z-1","A","META","9","120","EHLERS_DOMINANT_CYCLE_PHASE","V0.1","MEDIAN_PRICE",,"False","INITIALIZING","2026-09-11T18:50:12.236Z"
"20260911T161623Z-1","A","META","10","120","EHLERS_DOMINANT_CYCLE_PHASE","V0.1","MEDIAN_PRICE",,"False","INITIALIZING","2026-09-11T18:50:12.236Z"
"20260911T161623Z-1","A","META","11","120","EHLERS_DOMINANT_CYCLE_PHASE","V0.1","MEDIAN_PRICE",,"False","INITIALIZING","2026-09-11T18:50:12.236Z"
"20260911T161623Z-1","A","META","12","120","EHLERS_DOMINANT_CYCLE_PHASE","V0.1","MEDIAN_PRICE",,"False","INITIALIZING","2026-09-11T18:50:12.236Z"
"20260911T161623Z-1","A","META","13","120","EHLERS_DOMINANT_CYCLE_PHASE","V0.1","MEDIAN_PRICE",,"False","INITIALIZING","2026-09-11T18:50:12.236Z"
"20260911T161623Z-1","A","META","14","120","EHLERS_DOMINANT_CYCLE_PHASE","V0.1","MEDIAN_PRICE",,"False","INITIALIZING","2026-09-11T18:50:12.236Z"
"20260911T161623Z-1","A","META","15","120","EHLERS_DOMINANT_CYCLE_PHASE","V0.1","MEDIAN_PRICE",,"False","INITIALIZING","2026-09-11T18:50:12.236Z"
"20260911T161623Z-1","A","META","16","120","EHLERS_DOMINANT_CYCLE_PHASE","V0.1","MEDIAN_PRICE",,"False","INITIALIZING","2026-09-11T18:50:12.236Z"
"20260911T161623Z-1","A","META","17","120","EHLERS_DOMINANT_CYCLE_PHASE","V0.1","MEDIAN_PRICE",,"False","INITIALIZING","2026-09-11T18:50:12.236Z"
"20260911T161623Z-1","A","META","18","120","EHLERS_DOMINANT_CYCLE_PHASE","V0.1","MEDIAN_PRICE",,"False","INITIALIZING","2026-09-11T18:50:12.236Z"
"20260911T161623Z-1","A","META","19","120","EHLERS_DOMINANT_CYCLE_PHASE","V0.1","MEDIAN_PRICE",,"False","INITIALIZING","2026-09-11T18:50:12.236Z"
"20260911T161623Z-1","A","META","20","120","EHLERS_DOMINANT_CYCLE_PHASE","V0.1","MEDIAN_PRICE",,"False","INITIALIZING","2026-09-11T18:50:12.236Z"
"20260911T161623Z-1","A","META","21","120","EHLERS_DOMINANT_CYCLE_PHASE","V0.1","MEDIAN_PRICE",,"False","INITIALIZING","2026-09-11T18:50:12.236Z"
"20260911T161623Z-1","A","META","22","120","EHLERS_DOMINANT_CYCLE_PHASE","V0.1","MEDIAN_PRICE",,"False","INITIALIZING","2026-09-11T18:50:12.236Z"
"20260911T161623Z-1","A","META","23","120","EHLERS_DOMINANT_CYCLE_PHASE","V0.1","MEDIAN_PRICE",,"False","INITIALIZING","2026-09-11T18:50:12.236Z"
"20260911T161623Z-1","A","META","24","120","EHLERS_DOMINANT_CYCLE_PHASE","V0.1","MEDIAN_PRICE",,"False","INITIALIZING","2026-09-11T18:50:12.236Z"
"20260911T161623Z-1","A","META","25","120","EHLERS_DOMINANT_CYCLE_PHASE","V0.1","MEDIAN_PRICE",,"False","INITIALIZING","2026-09-11T18:50:12.236Z"
"20260911T161623Z-1","A","META","26","120","EHLERS_DOMINANT_CYCLE_PHASE","V0.1","MEDIAN_PRICE",,"False","INITIALIZING","2026-09-11T18:50:12.236Z"
"20260911T161623Z-1","A","META","27","120","EHLERS_DOMINANT_CYCLE_PHASE","V0.1","MEDIAN_PRICE",,"False","INITIALIZING","2026-09-11T18:50:12.236Z"
"20260911T161623Z-1","A","META","28","120","EHLERS_DOMINANT_CYCLE_PHASE","V0.1","MEDIAN_PRICE",,"False","INITIALIZING","2026-09-11T18:50:12.236Z"
"20260911T161623Z-1","A","META","29","120","EHLERS_DOMINANT_CYCLE_PHASE","V0.1","MEDIAN_PRICE",,"False","INITIALIZING","2026-09-11T18:50:12.236Z"
"20260911T161623Z-1","A","META","30","120","EHLERS_DOMINANT_CYCLE_PHASE","V0.1","MEDIAN_PRICE",,"False","INITIALIZING","2026-09-11T18:50:12.236Z"
"20260911T161623Z-1","A","META","31","120","EHLERS_DOMINANT_CYCLE_PHASE","V0.1","MEDIAN_PRICE",,"False","INITIALIZING","2026-09-11T18:50:12.236Z"
"20260911T161623Z-1","A","META","32","120","EHLERS_DOMINANT_CYCLE_PHASE","V0.1","MEDIAN_PRICE",,"False","INITIALIZING","2026-09-11T18:50:12.236Z"
"20260911T161623Z-1","A","META","33","120","EHLERS_DOMINANT_CYCLE_PHASE","V0.1","MEDIAN_PRICE",,"False","INITIALIZING","2026-09-11T18:50:12.236Z"
"20260911T161623Z-1","A","META","34","120","EHLERS_DOMINANT_CYCLE_PHASE","V0.1","MEDIAN_PRICE",,"False","INITIALIZING","2026-09-11T18:50:12.236Z"
"20260911T161623Z-1","A","META","35","120","EHLERS_DOMINANT_CYCLE_PHASE","V0.1","MEDIAN_PRICE",,"False","INITIALIZING","2026-09-11T18:50:12.236Z"
"20260911T161623Z-1","A","META","36","120","EHLERS_DOMINANT_CYCLE_PHASE","V0.1","MEDIAN_PRICE",,"False","INITIALIZING","2026-09-11T18:50:12.236Z"
"20260911T161623Z-1","A","META","37","120","EHLERS_DOMINANT_CYCLE_PHASE","V0.1","MEDIAN_PRICE",,"False","INITIALIZING","2026-09-11T18:50:12.236Z"
"20260911T161623Z-1","A","META","38","120","EHLERS_DOMINANT_CYCLE_PHASE","V0.1","MEDIAN_PRICE",,"False","INITIALIZING","2026-09-11T18:50:12.236Z"
"20260911T161623Z-1","A","META","39","120","EHLERS_DOMINANT_CYCLE_PHASE","V0.1","MEDIAN_PRICE",,"False","INITIALIZING","2026-09-11T18:50:12.236Z"
"20260911T161623Z-1","A","META","40","120","EHLERS_DOMINANT_CYCLE_PHASE","V0.1","MEDIAN_PRICE",,"False","INITIALIZING","2026-09-11T18:50:12.236Z"
"20260911T161623Z-1","A","META","41","120","EHLERS_DOMINANT_CYCLE_PHASE","V0.1","MEDIAN_PRICE",,"False","INITIALIZING","2026-09-11T18:50:12.236Z"
"20260911T161623Z-1","A","META","42","120","EHLERS_DOMINANT_CYCLE_PHASE","V0.1","MEDIAN_PRICE",,"False","INITIALIZING","2026-09-11T18:50:12.236Z"
"20260911T161623Z-1","A","META","43","120","EHLERS_DOMINANT_CYCLE_PHASE","V0.1","MEDIAN_PRICE",,"False","INITIALIZING","2026-09-11T18:50:12.236Z"
"20260911T161623Z-1","A","META","44","120","EHLERS_DOMINANT_CYCLE_PHASE","V0.1","MEDIAN_PRICE",,"False","INITIALIZING","2026-09-11T18:50:12.236Z"
"20260911T161623Z-1","A","META","45","120","EHLERS_DOMINANT_CYCLE_PHASE","V0.1","MEDIAN_PRICE",,"False","INITIALIZING","2026-09-11T18:50:12.236Z"
"20260911T161623Z-1","A","META","46","120","EHLERS_DOMINANT_CYCLE_PHASE","V0.1","MEDIAN_PRICE",,"False","INITIALIZING","2026-09-11T18:50:12.236Z"
"20260911T161623Z-1","A","META","47","120","EHLERS_DOMINANT_CYCLE_PHASE","V0.1","MEDIAN_PRICE",,"False","INITIALIZING","2026-09-11T18:50:12.236Z"
"20260911T161623Z-1","A","META","48","120","EHLERS_DOMINANT_CYCLE_PHASE","V0.1","MEDIAN_PRICE",,"False","INITIALIZING","2026-09-11T18:50:12.236Z"
"20260911T161623Z-1","A","META","49","120","EHLERS_DOMINANT_CYCLE_PHASE","V0.1","MEDIAN_PRICE",,"False","INITIALIZING","2026-09-11T18:50:12.236Z"
"20260911T161623Z-1","A","META","50","120","EHLERS_DOMINANT_CYCLE_PHASE","V0.1","MEDIAN_PRICE",,"False","INITIALIZING","2026-09-11T18:50:12.236Z"
"20260911T161623Z-1","A","META","51","120","EHLERS_DOMINANT_CYCLE_PHASE","V0.1","MEDIAN_PRICE",,"False","INITIALIZING","2026-09-11T18:50:12.236Z"
"20260911T161623Z-1","A","META","52","120","EHLERS_DOMINANT_CYCLE_PHASE","V0.1","MEDIAN_PRICE",,"False","INITIALIZING","2026-09-11T18:50:12.236Z"
"20260911T161623Z-1","A","META","53","120","EHLERS_DOMINANT_CYCLE_PHASE","V0.1","MEDIAN_PRICE",,"False","INITIALIZING","2026-09-11T18:50:12.236Z"
"20260911T161623Z-1","A","META","54","120","EHLERS_DOMINANT_CYCLE_PHASE","V0.1","MEDIAN_PRICE",,"False","INITIALIZING","2026-09-11T18:50:12.236Z"
"20260911T161623Z-1","A","META","55","120","EHLERS_DOMINANT_CYCLE_PHASE","V0.1","MEDIAN_PRICE",,"False","INITIALIZING","2026-09-11T18:50:12.236Z"
"20260911T161623Z-1","A","META","56","120","EHLERS_DOMINANT_CYCLE_PHASE","V0.1","MEDIAN_PRICE",,"False","INITIALIZING","2026-09-11T18:50:12.236Z"
"20260911T161623Z-1","A","META","57","120","EHLERS_DOMINANT_CYCLE_PHASE","V0.1","MEDIAN_PRICE",,"False","INITIALIZING","2026-09-11T18:50:12.236Z"
"20260911T161623Z-1","A","META","58","120","EHLERS_DOMINANT_CYCLE_PHASE","V0.1","MEDIAN_PRICE",,"False","INITIALIZING","2026-09-11T18:50:12.236Z"
"20260911T161623Z-1","A","META","59","120","EHLERS_DOMINANT_CYCLE_PHASE","V0.1","MEDIAN_PRICE",,"False","INITIALIZING","2026-09-11T18:50:12.236Z"
"20260911T161623Z-1","A","META","60","120","EHLERS_DOMINANT_CYCLE_PHASE","V0.1","MEDIAN_PRICE",,"False","INITIALIZING","2026-09-11T18:50:12.236Z"
"20260911T161623Z-1","A","META","61","120","EHLERS_DOMINANT_CYCLE_PHASE","V0.1","MEDIAN_PRICE",,"False","INITIALIZING","2026-09-11T18:50:12.236Z"
"20260911T161623Z-1","A","META","62","120","EHLERS_DOMINANT_CYCLE_PHASE","V0.1","MEDIAN_PRICE",,"False","INITIALIZING","2026-09-11T18:50:12.236Z"
"20260911T161623Z-1","A","META","63","120","EHLERS_DOMINANT_CYCLE_PHASE","V0.1","MEDIAN_PRICE",,"False","INITIALIZING","2026-09-11T18:50:12.236Z"
"20260911T161623Z-1","A","META","64","120","EHLERS_DOMINANT_CYCLE_PHASE","V0.1","MEDIAN_PRICE","194.54206114517007","True","OBSERVABLE","2026-09-11T18:50:12.236Z"
"20260911T161623Z-1","A","META","65","120","EHLERS_DOMINANT_CYCLE_PHASE","V0.1","MEDIAN_PRICE","194.79858477300326","True","OBSERVABLE","2026-09-11T18:50:12.236Z"
"20260911T161623Z-1","A","META","66","120","EHLERS_DOMINANT_CYCLE_PHASE","V0.1","MEDIAN_PRICE","195.18290902502272","True","OBSERVABLE","2026-09-11T18:50:12.236Z"
"20260911T161623Z-1","A","META","67","120","EHLERS_DOMINANT_CYCLE_PHASE","V0.1","MEDIAN_PRICE","195.16786760028714","True","OBSERVABLE","2026-09-11T18:50:12.236Z"
"20260911T161623Z-1","A","META","68","120","EHLERS_DOMINANT_CYCLE_PHASE","V0.1","MEDIAN_PRICE","197.1896181008311","True","OBSERVABLE","2026-09-11T18:50:12.236Z"
"20260911T161623Z-1","A","META","69","120","EHLERS_DOMINANT_CYCLE_PHASE","V0.1","MEDIAN_PRICE","195.55295656032717","True","OBSERVABLE","2026-09-11T18:50:12.236Z"
"20260911T161623Z-1","A","META","70","120","EHLERS_DOMINANT_CYCLE_PHASE","V0.1","MEDIAN_PRICE","195.1989790004863","True","OBSERVABLE","2026-09-11T18:50:12.236Z"
"20260911T161623Z-1","A","META","71","120","EHLERS_DOMINANT_CYCLE_PHASE","V0.1","MEDIAN_PRICE","192.20860450543933","True","OBSERVABLE","2026-09-11T18:50:12.236Z"
"20260911T161623Z-1","A","META","72","120","EHLERS_DOMINANT_CYCLE_PHASE","V0.1","MEDIAN_PRICE","190.1742947506957","True","OBSERVABLE","2026-09-11T18:50:12.236Z"
"20260911T161623Z-1","A","META","73","120","EHLERS_DOMINANT_CYCLE_PHASE","V0.1","MEDIAN_PRICE","188.15449911203197","True","OBSERVABLE","2026-09-11T18:50:12.236Z"
"20260911T161623Z-1","A","META","74","120","EHLERS_DOMINANT_CYCLE_PHASE","V0.1","MEDIAN_PRICE","185.83332299855402","True","OBSERVABLE","2026-09-11T18:50:12.236Z"
"20260911T161623Z-1","A","META","75","120","EHLERS_DOMINANT_CYCLE_PHASE","V0.1","MEDIAN_PRICE","182.81017138518823","True","OBSERVABLE","2026-09-11T18:50:12.236Z"
"20260911T161623Z-1","A","META","76","120","EHLERS_DOMINANT_CYCLE_PHASE","V0.1","MEDIAN_PRICE","181.99842166229035","True","OBSERVABLE","2026-09-11T18:50:12.236Z"
"20260911T161623Z-1","A","META","77","120","EHLERS_DOMINANT_CYCLE_PHASE","V0.1","MEDIAN_PRICE","178.1518509268679","True","OBSERVABLE","2026-09-11T18:50:12.236Z"
"20260911T161623Z-1","A","META","78","120","EHLERS_DOMINANT_CYCLE_PHASE","V0.1","MEDIAN_PRICE","175.65733369356326","True","OBSERVABLE","2026-09-11T18:50:12.236Z"
"20260911T161623Z-1","A","META","79","120","EHLERS_DOMINANT_CYCLE_PHASE","V0.1","MEDIAN_PRICE","175.75700372030775","True","OBSERVABLE","2026-09-11T18:50:12.236Z"
"20260911T161623Z-1","A","META","80","120","EHLERS_DOMINANT_CYCLE_PHASE","V0.1","MEDIAN_PRICE","177.4952223191308","True","OBSERVABLE","2026-09-11T18:50:12.236Z"
"20260911T161623Z-1","A","META","81","120","EHLERS_DOMINANT_CYCLE_PHASE","V0.1","MEDIAN_PRICE","180.66324947760785","True","OBSERVABLE","2026-09-11T18:50:12.236Z"
"20260911T161623Z-1","A","META","82","120","EHLERS_DOMINANT_CYCLE_PHASE","V0.1","MEDIAN_PRICE","184.0563586949542","True","OBSERVABLE","2026-09-11T18:50:12.236Z"
"20260911T161623Z-1","A","META","83","120","EHLERS_DOMINANT_CYCLE_PHASE","V0.1","MEDIAN_PRICE","188.31125373613833","True","OBSERVABLE","2026-09-11T18:50:12.236Z"
"20260911T161623Z-1","A","META","84","120","EHLERS_DOMINANT_CYCLE_PHASE","V0.1","MEDIAN_PRICE","192.01862680309216","True","OBSERVABLE","2026-09-11T18:50:12.236Z"
"20260911T161623Z-1","A","META","85","120","EHLERS_DOMINANT_CYCLE_PHASE","V0.1","MEDIAN_PRICE","197.9125744960738","True","OBSERVABLE","2026-09-11T18:50:12.236Z"
"20260911T161623Z-1","A","META","86","120","EHLERS_DOMINANT_CYCLE_PHASE","V0.1","MEDIAN_PRICE","204.90546886428206","True","OBSERVABLE","2026-09-11T18:50:12.236Z"
"20260911T161623Z-1","A","META","87","120","EHLERS_DOMINANT_CYCLE_PHASE","V0.1","MEDIAN_PRICE","209.35812761657735","True","OBSERVABLE","2026-09-11T18:50:12.236Z"
"20260911T161623Z-1","A","META","88","120","EHLERS_DOMINANT_CYCLE_PHASE","V0.1","MEDIAN_PRICE","221.35349670259163","True","OBSERVABLE","2026-09-11T18:50:12.236Z"
"20260911T161623Z-1","A","META","89","120","EHLERS_DOMINANT_CYCLE_PHASE","V0.1","MEDIAN_PRICE","230.9694106635908","True","OBSERVABLE","2026-09-11T18:50:12.236Z"
"20260911T161623Z-1","A","META","90","120","EHLERS_DOMINANT_CYCLE_PHASE","V0.1","MEDIAN_PRICE","245.52897023841405","True","OBSERVABLE","2026-09-11T18:50:12.236Z"
"20260911T161623Z-1","A","META","91","120","EHLERS_DOMINANT_CYCLE_PHASE","V0.1","MEDIAN_PRICE","257.0652360281566","True","OBSERVABLE","2026-09-11T18:50:12.236Z"
"20260911T161623Z-1","A","META","92","120","EHLERS_DOMINANT_CYCLE_PHASE","V0.1","MEDIAN_PRICE","268.60981002849934","True","OBSERVABLE","2026-09-11T18:50:12.236Z"
"20260911T161623Z-1","A","META","93","120","EHLERS_DOMINANT_CYCLE_PHASE","V0.1","MEDIAN_PRICE","274.71434200092085","True","OBSERVABLE","2026-09-11T18:50:12.236Z"
"20260911T161623Z-1","A","META","94","120","EHLERS_DOMINANT_CYCLE_PHASE","V0.1","MEDIAN_PRICE","275.17517140221344","True","OBSERVABLE","2026-09-11T18:50:12.236Z"
"20260911T161623Z-1","A","META","95","120","EHLERS_DOMINANT_CYCLE_PHASE","V0.1","MEDIAN_PRICE","275.4317395256737","True","OBSERVABLE","2026-09-11T18:50:12.236Z"
"20260911T161623Z-1","A","META","96","120","EHLERS_DOMINANT_CYCLE_PHASE","V0.1","MEDIAN_PRICE","280.41570094221686","True","OBSERVABLE","2026-09-11T18:50:12.236Z"
"20260911T161623Z-1","A","META","97","120","EHLERS_DOMINANT_CYCLE_PHASE","V0.1","MEDIAN_PRICE","294.90417804784255","True","OBSERVABLE","2026-09-11T18:50:12.236Z"
"20260911T161623Z-1","A","META","98","120","EHLERS_DOMINANT_CYCLE_PHASE","V0.1","MEDIAN_PRICE","304.4242268420094","True","OBSERVABLE","2026-09-11T18:50:12.236Z"
"20260911T161623Z-1","A","META","99","120","EHLERS_DOMINANT_CYCLE_PHASE","V0.1","MEDIAN_PRICE","318.5925084789093","True","OBSERVABLE","2026-09-11T18:50:12.236Z"
"20260911T161623Z-1","A","META","100","120","EHLERS_DOMINANT_CYCLE_PHASE","V0.1","MEDIAN_PRICE","327.8681728901373","True","OBSERVABLE","2026-09-11T18:50:12.236Z"
"20260911T161623Z-1","A","META","101","120","EHLERS_DOMINANT_CYCLE_PHASE","V0.1","MEDIAN_PRICE","342.5078771441145","True","OBSERVABLE","2026-09-11T18:50:12.236Z"
"20260911T161623Z-1","A","META","102","120","EHLERS_DOMINANT_CYCLE_PHASE","V0.1","MEDIAN_PRICE","356.10817898590426","True","OBSERVABLE","2026-09-11T18:50:12.236Z"
"20260911T161623Z-1","A","META","103","120","EHLERS_DOMINANT_CYCLE_PHASE","V0.1","MEDIAN_PRICE","8.035035488068843","True","OBSERVABLE","2026-09-11T18:50:12.236Z"
"20260911T161623Z-1","A","META","104","120","EHLERS_DOMINANT_CYCLE_PHASE","V0.1","MEDIAN_PRICE","16.24792805634607","True","OBSERVABLE","2026-09-11T18:50:12.236Z"
"20260911T161623Z-1","A","META","105","120","EHLERS_DOMINANT_CYCLE_PHASE","V0.1","MEDIAN_PRICE","24.697462827698573","True","OBSERVABLE","2026-09-11T18:50:12.236Z"
"20260911T161623Z-1","A","META","106","120","EHLERS_DOMINANT_CYCLE_PHASE","V0.1","MEDIAN_PRICE","28.758666632051387","True","OBSERVABLE","2026-09-11T18:50:12.236Z"
"20260911T161623Z-1","A","META","107","120","EHLERS_DOMINANT_CYCLE_PHASE","V0.1","MEDIAN_PRICE","37.23716125399841","True","OBSERVABLE","2026-09-11T18:50:12.236Z"
"20260911T161623Z-1","A","META","108","120","EHLERS_DOMINANT_CYCLE_PHASE","V0.1","MEDIAN_PRICE","46.9957031805397","True","OBSERVABLE","2026-09-11T18:50:12.236Z"
"20260911T161623Z-1","A","META","109","120","EHLERS_DOMINANT_CYCLE_PHASE","V0.1","MEDIAN_PRICE","60.285510230990845","True","OBSERVABLE","2026-09-11T18:50:12.236Z"
"20260911T161623Z-1","A","META","110","120","EHLERS_DOMINANT_CYCLE_PHASE","V0.1","MEDIAN_PRICE","74.9015337093803","True","OBSERVABLE","2026-09-11T18:50:12.236Z"
"20260911T161623Z-1","A","META","111","120","EHLERS_DOMINANT_CYCLE_PHASE","V0.1","MEDIAN_PRICE","91.94573524122967","True","OBSERVABLE","2026-09-11T18:50:12.236Z"
"20260911T161623Z-1","A","META","112","120","EHLERS_DOMINANT_CYCLE_PHASE","V0.1","MEDIAN_PRICE","112.23968079787434","True","OBSERVABLE","2026-09-11T18:50:12.236Z"
"20260911T161623Z-1","A","META","113","120","EHLERS_DOMINANT_CYCLE_PHASE","V0.1","MEDIAN_PRICE","127.7660209150826","True","OBSERVABLE","2026-09-11T18:50:12.236Z"
"20260911T161623Z-1","A","META","114","120","EHLERS_DOMINANT_CYCLE_PHASE","V0.1","MEDIAN_PRICE","146.50787307324052","True","OBSERVABLE","2026-09-11T18:50:12.236Z"
"20260911T161623Z-1","A","META","115","120","EHLERS_DOMINANT_CYCLE_PHASE","V0.1","MEDIAN_PRICE","169.2835490064712","True","OBSERVABLE","2026-09-11T18:50:12.236Z"
"20260911T161623Z-1","A","META","116","120","EHLERS_DOMINANT_CYCLE_PHASE","V0.1","MEDIAN_PRICE","181.79495536451563","True","OBSERVABLE","2026-09-11T18:50:12.236Z"
"20260911T161623Z-1","A","META","117","120","EHLERS_DOMINANT_CYCLE_PHASE","V0.1","MEDIAN_PRICE","196.07404007552805","True","OBSERVABLE","2026-09-11T18:50:12.236Z"
"20260911T161623Z-1","A","META","118","120","EHLERS_DOMINANT_CYCLE_PHASE","V0.1","MEDIAN_PRICE","210.3898262111943","True","OBSERVABLE","2026-09-11T18:50:12.236Z"
"20260911T161623Z-1","A","META","119","120","EHLERS_DOMINANT_CYCLE_PHASE","V0.1","MEDIAN_PRICE","231.26600923298477","True","OBSERVABLE","2026-09-11T18:50:12.236Z"
"20260911T161623Z-1","A","META","120","120","EHLERS_DOMINANT_CYCLE_PHASE","V0.1","MEDIAN_PRICE","247.15740835228027","True","OBSERVABLE","2026-09-11T18:50:12.236Z"
"20260911T161623Z-1","A","MSFT","1","120","EHLERS_DOMINANT_CYCLE_PHASE","V0.1","MEDIAN_PRICE",,"False","INITIALIZING","2026-09-11T18:50:12.275Z"
"20260911T161623Z-1","A","MSFT","2","120","EHLERS_DOMINANT_CYCLE_PHASE","V0.1","MEDIAN_PRICE",,"False","INITIALIZING","2026-09-11T18:50:12.275Z"
"20260911T161623Z-1","A","MSFT","3","120","EHLERS_DOMINANT_CYCLE_PHASE","V0.1","MEDIAN_PRICE",,"False","INITIALIZING","2026-09-11T18:50:12.275Z"
"20260911T161623Z-1","A","MSFT","4","120","EHLERS_DOMINANT_CYCLE_PHASE","V0.1","MEDIAN_PRICE",,"False","INITIALIZING","2026-09-11T18:50:12.275Z"
"20260911T161623Z-1","A","MSFT","5","120","EHLERS_DOMINANT_CYCLE_PHASE","V0.1","MEDIAN_PRICE",,"False","INITIALIZING","2026-09-11T18:50:12.275Z"
"20260911T161623Z-1","A","MSFT","6","120","EHLERS_DOMINANT_CYCLE_PHASE","V0.1","MEDIAN_PRICE",,"False","INITIALIZING","2026-09-11T18:50:12.275Z"
"20260911T161623Z-1","A","MSFT","7","120","EHLERS_DOMINANT_CYCLE_PHASE","V0.1","MEDIAN_PRICE",,"False","INITIALIZING","2026-09-11T18:50:12.275Z"
"20260911T161623Z-1","A","MSFT","8","120","EHLERS_DOMINANT_CYCLE_PHASE","V0.1","MEDIAN_PRICE",,"False","INITIALIZING","2026-09-11T18:50:12.275Z"
"20260911T161623Z-1","A","MSFT","9","120","EHLERS_DOMINANT_CYCLE_PHASE","V0.1","MEDIAN_PRICE",,"False","INITIALIZING","2026-09-11T18:50:12.275Z"
"20260911T161623Z-1","A","MSFT","10","120","EHLERS_DOMINANT_CYCLE_PHASE","V0.1","MEDIAN_PRICE",,"False","INITIALIZING","2026-09-11T18:50:12.275Z"
"20260911T161623Z-1","A","MSFT","11","120","EHLERS_DOMINANT_CYCLE_PHASE","V0.1","MEDIAN_PRICE",,"False","INITIALIZING","2026-09-11T18:50:12.275Z"
"20260911T161623Z-1","A","MSFT","12","120","EHLERS_DOMINANT_CYCLE_PHASE","V0.1","MEDIAN_PRICE",,"False","INITIALIZING","2026-09-11T18:50:12.275Z"
"20260911T161623Z-1","A","MSFT","13","120","EHLERS_DOMINANT_CYCLE_PHASE","V0.1","MEDIAN_PRICE",,"False","INITIALIZING","2026-09-11T18:50:12.275Z"
"20260911T161623Z-1","A","MSFT","14","120","EHLERS_DOMINANT_CYCLE_PHASE","V0.1","MEDIAN_PRICE",,"False","INITIALIZING","2026-09-11T18:50:12.275Z"
"20260911T161623Z-1","A","MSFT","15","120","EHLERS_DOMINANT_CYCLE_PHASE","V0.1","MEDIAN_PRICE",,"False","INITIALIZING","2026-09-11T18:50:12.275Z"
"20260911T161623Z-1","A","MSFT","16","120","EHLERS_DOMINANT_CYCLE_PHASE","V0.1","MEDIAN_PRICE",,"False","INITIALIZING","2026-09-11T18:50:12.275Z"
"20260911T161623Z-1","A","MSFT","17","120","EHLERS_DOMINANT_CYCLE_PHASE","V0.1","MEDIAN_PRICE",,"False","INITIALIZING","2026-09-11T18:50:12.275Z"
"20260911T161623Z-1","A","MSFT","18","120","EHLERS_DOMINANT_CYCLE_PHASE","V0.1","MEDIAN_PRICE",,"False","INITIALIZING","2026-09-11T18:50:12.275Z"
"20260911T161623Z-1","A","MSFT","19","120","EHLERS_DOMINANT_CYCLE_PHASE","V0.1","MEDIAN_PRICE",,"False","INITIALIZING","2026-09-11T18:50:12.275Z"
"20260911T161623Z-1","A","MSFT","20","120","EHLERS_DOMINANT_CYCLE_PHASE","V0.1","MEDIAN_PRICE",,"False","INITIALIZING","2026-09-11T18:50:12.275Z"
"20260911T161623Z-1","A","MSFT","21","120","EHLERS_DOMINANT_CYCLE_PHASE","V0.1","MEDIAN_PRICE",,"False","INITIALIZING","2026-09-11T18:50:12.275Z"
"20260911T161623Z-1","A","MSFT","22","120","EHLERS_DOMINANT_CYCLE_PHASE","V0.1","MEDIAN_PRICE",,"False","INITIALIZING","2026-09-11T18:50:12.275Z"
"20260911T161623Z-1","A","MSFT","23","120","EHLERS_DOMINANT_CYCLE_PHASE","V0.1","MEDIAN_PRICE",,"False","INITIALIZING","2026-09-11T18:50:12.275Z"
"20260911T161623Z-1","A","MSFT","24","120","EHLERS_DOMINANT_CYCLE_PHASE","V0.1","MEDIAN_PRICE",,"False","INITIALIZING","2026-09-11T18:50:12.275Z"
"20260911T161623Z-1","A","MSFT","25","120","EHLERS_DOMINANT_CYCLE_PHASE","V0.1","MEDIAN_PRICE",,"False","INITIALIZING","2026-09-11T18:50:12.275Z"
"20260911T161623Z-1","A","MSFT","26","120","EHLERS_DOMINANT_CYCLE_PHASE","V0.1","MEDIAN_PRICE",,"False","INITIALIZING","2026-09-11T18:50:12.275Z"
"20260911T161623Z-1","A","MSFT","27","120","EHLERS_DOMINANT_CYCLE_PHASE","V0.1","MEDIAN_PRICE",,"False","INITIALIZING","2026-09-11T18:50:12.275Z"
"20260911T161623Z-1","A","MSFT","28","120","EHLERS_DOMINANT_CYCLE_PHASE","V0.1","MEDIAN_PRICE",,"False","INITIALIZING","2026-09-11T18:50:12.275Z"
"20260911T161623Z-1","A","MSFT","29","120","EHLERS_DOMINANT_CYCLE_PHASE","V0.1","MEDIAN_PRICE",,"False","INITIALIZING","2026-09-11T18:50:12.275Z"
"20260911T161623Z-1","A","MSFT","30","120","EHLERS_DOMINANT_CYCLE_PHASE","V0.1","MEDIAN_PRICE",,"False","INITIALIZING","2026-09-11T18:50:12.275Z"
"20260911T161623Z-1","A","MSFT","31","120","EHLERS_DOMINANT_CYCLE_PHASE","V0.1","MEDIAN_PRICE",,"False","INITIALIZING","2026-09-11T18:50:12.275Z"
"20260911T161623Z-1","A","MSFT","32","120","EHLERS_DOMINANT_CYCLE_PHASE","V0.1","MEDIAN_PRICE",,"False","INITIALIZING","2026-09-11T18:50:12.275Z"
"20260911T161623Z-1","A","MSFT","33","120","EHLERS_DOMINANT_CYCLE_PHASE","V0.1","MEDIAN_PRICE",,"False","INITIALIZING","2026-09-11T18:50:12.275Z"
"20260911T161623Z-1","A","MSFT","34","120","EHLERS_DOMINANT_CYCLE_PHASE","V0.1","MEDIAN_PRICE",,"False","INITIALIZING","2026-09-11T18:50:12.275Z"
"20260911T161623Z-1","A","MSFT","35","120","EHLERS_DOMINANT_CYCLE_PHASE","V0.1","MEDIAN_PRICE",,"False","INITIALIZING","2026-09-11T18:50:12.275Z"
"20260911T161623Z-1","A","MSFT","36","120","EHLERS_DOMINANT_CYCLE_PHASE","V0.1","MEDIAN_PRICE",,"False","INITIALIZING","2026-09-11T18:50:12.275Z"
"20260911T161623Z-1","A","MSFT","37","120","EHLERS_DOMINANT_CYCLE_PHASE","V0.1","MEDIAN_PRICE",,"False","INITIALIZING","2026-09-11T18:50:12.275Z"
"20260911T161623Z-1","A","MSFT","38","120","EHLERS_DOMINANT_CYCLE_PHASE","V0.1","MEDIAN_PRICE",,"False","INITIALIZING","2026-09-11T18:50:12.275Z"
"20260911T161623Z-1","A","MSFT","39","120","EHLERS_DOMINANT_CYCLE_PHASE","V0.1","MEDIAN_PRICE",,"False","INITIALIZING","2026-09-11T18:50:12.275Z"
"20260911T161623Z-1","A","MSFT","40","120","EHLERS_DOMINANT_CYCLE_PHASE","V0.1","MEDIAN_PRICE",,"False","INITIALIZING","2026-09-11T18:50:12.275Z"
"20260911T161623Z-1","A","MSFT","41","120","EHLERS_DOMINANT_CYCLE_PHASE","V0.1","MEDIAN_PRICE",,"False","INITIALIZING","2026-09-11T18:50:12.275Z"
"20260911T161623Z-1","A","MSFT","42","120","EHLERS_DOMINANT_CYCLE_PHASE","V0.1","MEDIAN_PRICE",,"False","INITIALIZING","2026-09-11T18:50:12.275Z"
"20260911T161623Z-1","A","MSFT","43","120","EHLERS_DOMINANT_CYCLE_PHASE","V0.1","MEDIAN_PRICE",,"False","INITIALIZING","2026-09-11T18:50:12.275Z"
"20260911T161623Z-1","A","MSFT","44","120","EHLERS_DOMINANT_CYCLE_PHASE","V0.1","MEDIAN_PRICE",,"False","INITIALIZING","2026-09-11T18:50:12.275Z"
"20260911T161623Z-1","A","MSFT","45","120","EHLERS_DOMINANT_CYCLE_PHASE","V0.1","MEDIAN_PRICE",,"False","INITIALIZING","2026-09-11T18:50:12.275Z"
"20260911T161623Z-1","A","MSFT","46","120","EHLERS_DOMINANT_CYCLE_PHASE","V0.1","MEDIAN_PRICE",,"False","INITIALIZING","2026-09-11T18:50:12.275Z"
"20260911T161623Z-1","A","MSFT","47","120","EHLERS_DOMINANT_CYCLE_PHASE","V0.1","MEDIAN_PRICE",,"False","INITIALIZING","2026-09-11T18:50:12.275Z"
"20260911T161623Z-1","A","MSFT","48","120","EHLERS_DOMINANT_CYCLE_PHASE","V0.1","MEDIAN_PRICE",,"False","INITIALIZING","2026-09-11T18:50:12.275Z"
"20260911T161623Z-1","A","MSFT","49","120","EHLERS_DOMINANT_CYCLE_PHASE","V0.1","MEDIAN_PRICE",,"False","INITIALIZING","2026-09-11T18:50:12.275Z"
"20260911T161623Z-1","A","MSFT","50","120","EHLERS_DOMINANT_CYCLE_PHASE","V0.1","MEDIAN_PRICE",,"False","INITIALIZING","2026-09-11T18:50:12.275Z"
"20260911T161623Z-1","A","MSFT","51","120","EHLERS_DOMINANT_CYCLE_PHASE","V0.1","MEDIAN_PRICE",,"False","INITIALIZING","2026-09-11T18:50:12.275Z"
"20260911T161623Z-1","A","MSFT","52","120","EHLERS_DOMINANT_CYCLE_PHASE","V0.1","MEDIAN_PRICE",,"False","INITIALIZING","2026-09-11T18:50:12.275Z"
"20260911T161623Z-1","A","MSFT","53","120","EHLERS_DOMINANT_CYCLE_PHASE","V0.1","MEDIAN_PRICE",,"False","INITIALIZING","2026-09-11T18:50:12.275Z"
"20260911T161623Z-1","A","MSFT","54","120","EHLERS_DOMINANT_CYCLE_PHASE","V0.1","MEDIAN_PRICE",,"False","INITIALIZING","2026-09-11T18:50:12.275Z"
"20260911T161623Z-1","A","MSFT","55","120","EHLERS_DOMINANT_CYCLE_PHASE","V0.1","MEDIAN_PRICE",,"False","INITIALIZING","2026-09-11T18:50:12.275Z"
"20260911T161623Z-1","A","MSFT","56","120","EHLERS_DOMINANT_CYCLE_PHASE","V0.1","MEDIAN_PRICE",,"False","INITIALIZING","2026-09-11T18:50:12.275Z"
"20260911T161623Z-1","A","MSFT","57","120","EHLERS_DOMINANT_CYCLE_PHASE","V0.1","MEDIAN_PRICE",,"False","INITIALIZING","2026-09-11T18:50:12.275Z"
"20260911T161623Z-1","A","MSFT","58","120","EHLERS_DOMINANT_CYCLE_PHASE","V0.1","MEDIAN_PRICE",,"False","INITIALIZING","2026-09-11T18:50:12.275Z"
"20260911T161623Z-1","A","MSFT","59","120","EHLERS_DOMINANT_CYCLE_PHASE","V0.1","MEDIAN_PRICE",,"False","INITIALIZING","2026-09-11T18:50:12.275Z"
"20260911T161623Z-1","A","MSFT","60","120","EHLERS_DOMINANT_CYCLE_PHASE","V0.1","MEDIAN_PRICE",,"False","INITIALIZING","2026-09-11T18:50:12.275Z"
"20260911T161623Z-1","A","MSFT","61","120","EHLERS_DOMINANT_CYCLE_PHASE","V0.1","MEDIAN_PRICE",,"False","INITIALIZING","2026-09-11T18:50:12.275Z"
"20260911T161623Z-1","A","MSFT","62","120","EHLERS_DOMINANT_CYCLE_PHASE","V0.1","MEDIAN_PRICE",,"False","INITIALIZING","2026-09-11T18:50:12.275Z"
"20260911T161623Z-1","A","MSFT","63","120","EHLERS_DOMINANT_CYCLE_PHASE","V0.1","MEDIAN_PRICE",,"False","INITIALIZING","2026-09-11T18:50:12.275Z"
"20260911T161623Z-1","A","MSFT","64","120","EHLERS_DOMINANT_CYCLE_PHASE","V0.1","MEDIAN_PRICE","191.276229313185","True","OBSERVABLE","2026-09-11T18:50:12.275Z"
"20260911T161623Z-1","A","MSFT","65","120","EHLERS_DOMINANT_CYCLE_PHASE","V0.1","MEDIAN_PRICE","177.14782578938483","True","OBSERVABLE","2026-09-11T18:50:12.275Z"
"20260911T161623Z-1","A","MSFT","66","120","EHLERS_DOMINANT_CYCLE_PHASE","V0.1","MEDIAN_PRICE","166.1346929028776","True","OBSERVABLE","2026-09-11T18:50:12.275Z"
"20260911T161623Z-1","A","MSFT","67","120","EHLERS_DOMINANT_CYCLE_PHASE","V0.1","MEDIAN_PRICE","163.52335255802706","True","OBSERVABLE","2026-09-11T18:50:12.275Z"
"20260911T161623Z-1","A","MSFT","68","120","EHLERS_DOMINANT_CYCLE_PHASE","V0.1","MEDIAN_PRICE","158.76822640698515","True","OBSERVABLE","2026-09-11T18:50:12.275Z"
"20260911T161623Z-1","A","MSFT","69","120","EHLERS_DOMINANT_CYCLE_PHASE","V0.1","MEDIAN_PRICE","155.83514902962776","True","OBSERVABLE","2026-09-11T18:50:12.275Z"
"20260911T161623Z-1","A","MSFT","70","120","EHLERS_DOMINANT_CYCLE_PHASE","V0.1","MEDIAN_PRICE","156.21714977084025","True","OBSERVABLE","2026-09-11T18:50:12.275Z"
"20260911T161623Z-1","A","MSFT","71","120","EHLERS_DOMINANT_CYCLE_PHASE","V0.1","MEDIAN_PRICE","156.76858326328414","True","OBSERVABLE","2026-09-11T18:50:12.275Z"
"20260911T161623Z-1","A","MSFT","72","120","EHLERS_DOMINANT_CYCLE_PHASE","V0.1","MEDIAN_PRICE","159.69434890186602","True","OBSERVABLE","2026-09-11T18:50:12.275Z"
"20260911T161623Z-1","A","MSFT","73","120","EHLERS_DOMINANT_CYCLE_PHASE","V0.1","MEDIAN_PRICE","162.49612561342897","True","OBSERVABLE","2026-09-11T18:50:12.275Z"
"20260911T161623Z-1","A","MSFT","74","120","EHLERS_DOMINANT_CYCLE_PHASE","V0.1","MEDIAN_PRICE","164.2374324817481","True","OBSERVABLE","2026-09-11T18:50:12.275Z"
"20260911T161623Z-1","A","MSFT","75","120","EHLERS_DOMINANT_CYCLE_PHASE","V0.1","MEDIAN_PRICE","166.66408207648192","True","OBSERVABLE","2026-09-11T18:50:12.275Z"
"20260911T161623Z-1","A","MSFT","76","120","EHLERS_DOMINANT_CYCLE_PHASE","V0.1","MEDIAN_PRICE","170.1641424506346","True","OBSERVABLE","2026-09-11T18:50:12.275Z"
"20260911T161623Z-1","A","MSFT","77","120","EHLERS_DOMINANT_CYCLE_PHASE","V0.1","MEDIAN_PRICE","174.52720903816663","True","OBSERVABLE","2026-09-11T18:50:12.275Z"
"20260911T161623Z-1","A","MSFT","78","120","EHLERS_DOMINANT_CYCLE_PHASE","V0.1","MEDIAN_PRICE","179.40839514039834","True","OBSERVABLE","2026-09-11T18:50:12.275Z"
"20260911T161623Z-1","A","MSFT","79","120","EHLERS_DOMINANT_CYCLE_PHASE","V0.1","MEDIAN_PRICE","185.29331703676309","True","OBSERVABLE","2026-09-11T18:50:12.275Z"
"20260911T161623Z-1","A","MSFT","80","120","EHLERS_DOMINANT_CYCLE_PHASE","V0.1","MEDIAN_PRICE","192.37093509060378","True","OBSERVABLE","2026-09-11T18:50:12.275Z"
"20260911T161623Z-1","A","MSFT","81","120","EHLERS_DOMINANT_CYCLE_PHASE","V0.1","MEDIAN_PRICE","200.51045186013246","True","OBSERVABLE","2026-09-11T18:50:12.275Z"
"20260911T161623Z-1","A","MSFT","82","120","EHLERS_DOMINANT_CYCLE_PHASE","V0.1","MEDIAN_PRICE","209.912749296817","True","OBSERVABLE","2026-09-11T18:50:12.275Z"
"20260911T161623Z-1","A","MSFT","83","120","EHLERS_DOMINANT_CYCLE_PHASE","V0.1","MEDIAN_PRICE","219.48309239528834","True","OBSERVABLE","2026-09-11T18:50:12.275Z"
"20260911T161623Z-1","A","MSFT","84","120","EHLERS_DOMINANT_CYCLE_PHASE","V0.1","MEDIAN_PRICE","229.66440407525022","True","OBSERVABLE","2026-09-11T18:50:12.275Z"
"20260911T161623Z-1","A","MSFT","85","120","EHLERS_DOMINANT_CYCLE_PHASE","V0.1","MEDIAN_PRICE","239.8478013766175","True","OBSERVABLE","2026-09-11T18:50:12.275Z"
"20260911T161623Z-1","A","MSFT","86","120","EHLERS_DOMINANT_CYCLE_PHASE","V0.1","MEDIAN_PRICE","250.36599475196132","True","OBSERVABLE","2026-09-11T18:50:12.275Z"
"20260911T161623Z-1","A","MSFT","87","120","EHLERS_DOMINANT_CYCLE_PHASE","V0.1","MEDIAN_PRICE","261.2363226103846","True","OBSERVABLE","2026-09-11T18:50:12.275Z"
"20260911T161623Z-1","A","MSFT","88","120","EHLERS_DOMINANT_CYCLE_PHASE","V0.1","MEDIAN_PRICE","272.46243411398103","True","OBSERVABLE","2026-09-11T18:50:12.275Z"
"20260911T161623Z-1","A","MSFT","89","120","EHLERS_DOMINANT_CYCLE_PHASE","V0.1","MEDIAN_PRICE","284.1617783458041","True","OBSERVABLE","2026-09-11T18:50:12.275Z"
"20260911T161623Z-1","A","MSFT","90","120","EHLERS_DOMINANT_CYCLE_PHASE","V0.1","MEDIAN_PRICE","296.48318600253845","True","OBSERVABLE","2026-09-11T18:50:12.275Z"
"20260911T161623Z-1","A","MSFT","91","120","EHLERS_DOMINANT_CYCLE_PHASE","V0.1","MEDIAN_PRICE","309.1482604190676","True","OBSERVABLE","2026-09-11T18:50:12.275Z"
"20260911T161623Z-1","A","MSFT","92","120","EHLERS_DOMINANT_CYCLE_PHASE","V0.1","MEDIAN_PRICE","322.98465262056806","True","OBSERVABLE","2026-09-11T18:50:12.275Z"
"20260911T161623Z-1","A","MSFT","93","120","EHLERS_DOMINANT_CYCLE_PHASE","V0.1","MEDIAN_PRICE","337.30591635942756","True","OBSERVABLE","2026-09-11T18:50:12.275Z"
"20260911T161623Z-1","A","MSFT","94","120","EHLERS_DOMINANT_CYCLE_PHASE","V0.1","MEDIAN_PRICE","351.023741674893","True","OBSERVABLE","2026-09-11T18:50:12.275Z"
"20260911T161623Z-1","A","MSFT","95","120","EHLERS_DOMINANT_CYCLE_PHASE","V0.1","MEDIAN_PRICE","3.8824931307541988","True","OBSERVABLE","2026-09-11T18:50:12.275Z"
"20260911T161623Z-1","A","MSFT","96","120","EHLERS_DOMINANT_CYCLE_PHASE","V0.1","MEDIAN_PRICE","15.168592606677805","True","OBSERVABLE","2026-09-11T18:50:12.275Z"
"20260911T161623Z-1","A","MSFT","97","120","EHLERS_DOMINANT_CYCLE_PHASE","V0.1","MEDIAN_PRICE","26.245886711352895","True","OBSERVABLE","2026-09-11T18:50:12.275Z"
"20260911T161623Z-1","A","MSFT","98","120","EHLERS_DOMINANT_CYCLE_PHASE","V0.1","MEDIAN_PRICE","42.26043875955102","True","OBSERVABLE","2026-09-11T18:50:12.275Z"
"20260911T161623Z-1","A","MSFT","99","120","EHLERS_DOMINANT_CYCLE_PHASE","V0.1","MEDIAN_PRICE","51.63787128419381","True","OBSERVABLE","2026-09-11T18:50:12.275Z"
"20260911T161623Z-1","A","MSFT","100","120","EHLERS_DOMINANT_CYCLE_PHASE","V0.1","MEDIAN_PRICE","64.92616995895074","True","OBSERVABLE","2026-09-11T18:50:12.275Z"
"20260911T161623Z-1","A","MSFT","101","120","EHLERS_DOMINANT_CYCLE_PHASE","V0.1","MEDIAN_PRICE","82.7514515693998","True","OBSERVABLE","2026-09-11T18:50:12.275Z"
"20260911T161623Z-1","A","MSFT","102","120","EHLERS_DOMINANT_CYCLE_PHASE","V0.1","MEDIAN_PRICE","103.04994729519406","True","OBSERVABLE","2026-09-11T18:50:12.275Z"
"20260911T161623Z-1","A","MSFT","103","120","EHLERS_DOMINANT_CYCLE_PHASE","V0.1","MEDIAN_PRICE","116.65066156037683","True","OBSERVABLE","2026-09-11T18:50:12.275Z"
"20260911T161623Z-1","A","MSFT","104","120","EHLERS_DOMINANT_CYCLE_PHASE","V0.1","MEDIAN_PRICE","136.71930611198363","True","OBSERVABLE","2026-09-11T18:50:12.275Z"
"20260911T161623Z-1","A","MSFT","105","120","EHLERS_DOMINANT_CYCLE_PHASE","V0.1","MEDIAN_PRICE","148.98078658395036","True","OBSERVABLE","2026-09-11T18:50:12.275Z"
"20260911T161623Z-1","A","MSFT","106","120","EHLERS_DOMINANT_CYCLE_PHASE","V0.1","MEDIAN_PRICE","167.0269961667068","True","OBSERVABLE","2026-09-11T18:50:12.275Z"
"20260911T161623Z-1","A","MSFT","107","120","EHLERS_DOMINANT_CYCLE_PHASE","V0.1","MEDIAN_PRICE","174.99976570376498","True","OBSERVABLE","2026-09-11T18:50:12.275Z"
"20260911T161623Z-1","A","MSFT","108","120","EHLERS_DOMINANT_CYCLE_PHASE","V0.1","MEDIAN_PRICE","177.47755677931514","True","OBSERVABLE","2026-09-11T18:50:12.275Z"
"20260911T161623Z-1","A","MSFT","109","120","EHLERS_DOMINANT_CYCLE_PHASE","V0.1","MEDIAN_PRICE","185.2219244794267","True","OBSERVABLE","2026-09-11T18:50:12.275Z"
"20260911T161623Z-1","A","MSFT","110","120","EHLERS_DOMINANT_CYCLE_PHASE","V0.1","MEDIAN_PRICE","191.67207511715839","True","OBSERVABLE","2026-09-11T18:50:12.275Z"
"20260911T161623Z-1","A","MSFT","111","120","EHLERS_DOMINANT_CYCLE_PHASE","V0.1","MEDIAN_PRICE","193.25840676028417","True","OBSERVABLE","2026-09-11T18:50:12.275Z"
"20260911T161623Z-1","A","MSFT","112","120","EHLERS_DOMINANT_CYCLE_PHASE","V0.1","MEDIAN_PRICE","198.1337598431735","True","OBSERVABLE","2026-09-11T18:50:12.275Z"
"20260911T161623Z-1","A","MSFT","113","120","EHLERS_DOMINANT_CYCLE_PHASE","V0.1","MEDIAN_PRICE","201.09971679200694","True","OBSERVABLE","2026-09-11T18:50:12.275Z"
"20260911T161623Z-1","A","MSFT","114","120","EHLERS_DOMINANT_CYCLE_PHASE","V0.1","MEDIAN_PRICE","201.13546776548282","True","OBSERVABLE","2026-09-11T18:50:12.275Z"
"20260911T161623Z-1","A","NFLX","1","120","EHLERS_DOMINANT_CYCLE_PHASE","V0.1","MEDIAN_PRICE",,"False","INITIALIZING","2026-09-11T18:50:12.304Z"
"20260911T161623Z-1","A","NFLX","2","120","EHLERS_DOMINANT_CYCLE_PHASE","V0.1","MEDIAN_PRICE",,"False","INITIALIZING","2026-09-11T18:50:12.304Z"
"20260911T161623Z-1","A","NFLX","3","120","EHLERS_DOMINANT_CYCLE_PHASE","V0.1","MEDIAN_PRICE",,"False","INITIALIZING","2026-09-11T18:50:12.304Z"
"20260911T161623Z-1","A","NFLX","4","120","EHLERS_DOMINANT_CYCLE_PHASE","V0.1","MEDIAN_PRICE",,"False","INITIALIZING","2026-09-11T18:50:12.304Z"
"20260911T161623Z-1","A","NFLX","5","120","EHLERS_DOMINANT_CYCLE_PHASE","V0.1","MEDIAN_PRICE",,"False","INITIALIZING","2026-09-11T18:50:12.304Z"
"20260911T161623Z-1","A","NFLX","6","120","EHLERS_DOMINANT_CYCLE_PHASE","V0.1","MEDIAN_PRICE",,"False","INITIALIZING","2026-09-11T18:50:12.304Z"
"20260911T161623Z-1","A","NFLX","7","120","EHLERS_DOMINANT_CYCLE_PHASE","V0.1","MEDIAN_PRICE",,"False","INITIALIZING","2026-09-11T18:50:12.304Z"
"20260911T161623Z-1","A","NFLX","8","120","EHLERS_DOMINANT_CYCLE_PHASE","V0.1","MEDIAN_PRICE",,"False","INITIALIZING","2026-09-11T18:50:12.304Z"
"20260911T161623Z-1","A","NFLX","9","120","EHLERS_DOMINANT_CYCLE_PHASE","V0.1","MEDIAN_PRICE",,"False","INITIALIZING","2026-09-11T18:50:12.304Z"
"20260911T161623Z-1","A","NFLX","10","120","EHLERS_DOMINANT_CYCLE_PHASE","V0.1","MEDIAN_PRICE",,"False","INITIALIZING","2026-09-11T18:50:12.304Z"
"20260911T161623Z-1","A","NFLX","11","120","EHLERS_DOMINANT_CYCLE_PHASE","V0.1","MEDIAN_PRICE",,"False","INITIALIZING","2026-09-11T18:50:12.304Z"
"20260911T161623Z-1","A","NFLX","12","120","EHLERS_DOMINANT_CYCLE_PHASE","V0.1","MEDIAN_PRICE",,"False","INITIALIZING","2026-09-11T18:50:12.304Z"
"20260911T161623Z-1","A","NFLX","13","120","EHLERS_DOMINANT_CYCLE_PHASE","V0.1","MEDIAN_PRICE",,"False","INITIALIZING","2026-09-11T18:50:12.304Z"
"20260911T161623Z-1","A","NFLX","14","120","EHLERS_DOMINANT_CYCLE_PHASE","V0.1","MEDIAN_PRICE",,"False","INITIALIZING","2026-09-11T18:50:12.304Z"
"20260911T161623Z-1","A","NFLX","15","120","EHLERS_DOMINANT_CYCLE_PHASE","V0.1","MEDIAN_PRICE",,"False","INITIALIZING","2026-09-11T18:50:12.304Z"
"20260911T161623Z-1","A","NFLX","16","120","EHLERS_DOMINANT_CYCLE_PHASE","V0.1","MEDIAN_PRICE",,"False","INITIALIZING","2026-09-11T18:50:12.304Z"
"20260911T161623Z-1","A","NFLX","17","120","EHLERS_DOMINANT_CYCLE_PHASE","V0.1","MEDIAN_PRICE",,"False","INITIALIZING","2026-09-11T18:50:12.304Z"
"20260911T161623Z-1","A","NFLX","18","120","EHLERS_DOMINANT_CYCLE_PHASE","V0.1","MEDIAN_PRICE",,"False","INITIALIZING","2026-09-11T18:50:12.304Z"
"20260911T161623Z-1","A","NFLX","19","120","EHLERS_DOMINANT_CYCLE_PHASE","V0.1","MEDIAN_PRICE",,"False","INITIALIZING","2026-09-11T18:50:12.304Z"
"20260911T161623Z-1","A","NFLX","20","120","EHLERS_DOMINANT_CYCLE_PHASE","V0.1","MEDIAN_PRICE",,"False","INITIALIZING","2026-09-11T18:50:12.304Z"
"20260911T161623Z-1","A","NFLX","21","120","EHLERS_DOMINANT_CYCLE_PHASE","V0.1","MEDIAN_PRICE",,"False","INITIALIZING","2026-09-11T18:50:12.304Z"
"20260911T161623Z-1","A","NFLX","22","120","EHLERS_DOMINANT_CYCLE_PHASE","V0.1","MEDIAN_PRICE",,"False","INITIALIZING","2026-09-11T18:50:12.304Z"
"20260911T161623Z-1","A","NFLX","23","120","EHLERS_DOMINANT_CYCLE_PHASE","V0.1","MEDIAN_PRICE",,"False","INITIALIZING","2026-09-11T18:50:12.304Z"
"20260911T161623Z-1","A","NFLX","24","120","EHLERS_DOMINANT_CYCLE_PHASE","V0.1","MEDIAN_PRICE",,"False","INITIALIZING","2026-09-11T18:50:12.304Z"
"20260911T161623Z-1","A","NFLX","25","120","EHLERS_DOMINANT_CYCLE_PHASE","V0.1","MEDIAN_PRICE",,"False","INITIALIZING","2026-09-11T18:50:12.304Z"
"20260911T161623Z-1","A","NFLX","26","120","EHLERS_DOMINANT_CYCLE_PHASE","V0.1","MEDIAN_PRICE",,"False","INITIALIZING","2026-09-11T18:50:12.304Z"
"20260911T161623Z-1","A","NFLX","27","120","EHLERS_DOMINANT_CYCLE_PHASE","V0.1","MEDIAN_PRICE",,"False","INITIALIZING","2026-09-11T18:50:12.304Z"
"20260911T161623Z-1","A","NFLX","28","120","EHLERS_DOMINANT_CYCLE_PHASE","V0.1","MEDIAN_PRICE",,"False","INITIALIZING","2026-09-11T18:50:12.304Z"
"20260911T161623Z-1","A","NFLX","29","120","EHLERS_DOMINANT_CYCLE_PHASE","V0.1","MEDIAN_PRICE",,"False","INITIALIZING","2026-09-11T18:50:12.304Z"
"20260911T161623Z-1","A","NFLX","30","120","EHLERS_DOMINANT_CYCLE_PHASE","V0.1","MEDIAN_PRICE",,"False","INITIALIZING","2026-09-11T18:50:12.304Z"
"20260911T161623Z-1","A","NFLX","31","120","EHLERS_DOMINANT_CYCLE_PHASE","V0.1","MEDIAN_PRICE",,"False","INITIALIZING","2026-09-11T18:50:12.304Z"
"20260911T161623Z-1","A","NFLX","32","120","EHLERS_DOMINANT_CYCLE_PHASE","V0.1","MEDIAN_PRICE",,"False","INITIALIZING","2026-09-11T18:50:12.304Z"
"20260911T161623Z-1","A","NFLX","33","120","EHLERS_DOMINANT_CYCLE_PHASE","V0.1","MEDIAN_PRICE",,"False","INITIALIZING","2026-09-11T18:50:12.304Z"
"20260911T161623Z-1","A","NFLX","34","120","EHLERS_DOMINANT_CYCLE_PHASE","V0.1","MEDIAN_PRICE",,"False","INITIALIZING","2026-09-11T18:50:12.304Z"
"20260911T161623Z-1","A","NFLX","35","120","EHLERS_DOMINANT_CYCLE_PHASE","V0.1","MEDIAN_PRICE",,"False","INITIALIZING","2026-09-11T18:50:12.304Z"
"20260911T161623Z-1","A","NFLX","36","120","EHLERS_DOMINANT_CYCLE_PHASE","V0.1","MEDIAN_PRICE",,"False","INITIALIZING","2026-09-11T18:50:12.304Z"
"20260911T161623Z-1","A","NFLX","37","120","EHLERS_DOMINANT_CYCLE_PHASE","V0.1","MEDIAN_PRICE",,"False","INITIALIZING","2026-09-11T18:50:12.304Z"
"20260911T161623Z-1","A","NFLX","38","120","EHLERS_DOMINANT_CYCLE_PHASE","V0.1","MEDIAN_PRICE",,"False","INITIALIZING","2026-09-11T18:50:12.304Z"
"20260911T161623Z-1","A","NFLX","39","120","EHLERS_DOMINANT_CYCLE_PHASE","V0.1","MEDIAN_PRICE",,"False","INITIALIZING","2026-09-11T18:50:12.304Z"
"20260911T161623Z-1","A","NFLX","40","120","EHLERS_DOMINANT_CYCLE_PHASE","V0.1","MEDIAN_PRICE",,"False","INITIALIZING","2026-09-11T18:50:12.304Z"
"20260911T161623Z-1","A","NFLX","41","120","EHLERS_DOMINANT_CYCLE_PHASE","V0.1","MEDIAN_PRICE",,"False","INITIALIZING","2026-09-11T18:50:12.304Z"
"20260911T161623Z-1","A","NFLX","42","120","EHLERS_DOMINANT_CYCLE_PHASE","V0.1","MEDIAN_PRICE",,"False","INITIALIZING","2026-09-11T18:50:12.304Z"
"20260911T161623Z-1","A","NFLX","43","120","EHLERS_DOMINANT_CYCLE_PHASE","V0.1","MEDIAN_PRICE",,"False","INITIALIZING","2026-09-11T18:50:12.304Z"
"20260911T161623Z-1","A","NFLX","44","120","EHLERS_DOMINANT_CYCLE_PHASE","V0.1","MEDIAN_PRICE",,"False","INITIALIZING","2026-09-11T18:50:12.304Z"
"20260911T161623Z-1","A","NFLX","45","120","EHLERS_DOMINANT_CYCLE_PHASE","V0.1","MEDIAN_PRICE",,"False","INITIALIZING","2026-09-11T18:50:12.304Z"
"20260911T161623Z-1","A","NFLX","46","120","EHLERS_DOMINANT_CYCLE_PHASE","V0.1","MEDIAN_PRICE",,"False","INITIALIZING","2026-09-11T18:50:12.304Z"
"20260911T161623Z-1","A","NFLX","47","120","EHLERS_DOMINANT_CYCLE_PHASE","V0.1","MEDIAN_PRICE",,"False","INITIALIZING","2026-09-11T18:50:12.304Z"
"20260911T161623Z-1","A","NFLX","48","120","EHLERS_DOMINANT_CYCLE_PHASE","V0.1","MEDIAN_PRICE",,"False","INITIALIZING","2026-09-11T18:50:12.304Z"
"20260911T161623Z-1","A","NFLX","49","120","EHLERS_DOMINANT_CYCLE_PHASE","V0.1","MEDIAN_PRICE",,"False","INITIALIZING","2026-09-11T18:50:12.304Z"
"20260911T161623Z-1","A","NFLX","50","120","EHLERS_DOMINANT_CYCLE_PHASE","V0.1","MEDIAN_PRICE",,"False","INITIALIZING","2026-09-11T18:50:12.304Z"
"20260911T161623Z-1","A","NFLX","51","120","EHLERS_DOMINANT_CYCLE_PHASE","V0.1","MEDIAN_PRICE",,"False","INITIALIZING","2026-09-11T18:50:12.304Z"
"20260911T161623Z-1","A","NFLX","52","120","EHLERS_DOMINANT_CYCLE_PHASE","V0.1","MEDIAN_PRICE",,"False","INITIALIZING","2026-09-11T18:50:12.304Z"
"20260911T161623Z-1","A","NFLX","53","120","EHLERS_DOMINANT_CYCLE_PHASE","V0.1","MEDIAN_PRICE",,"False","INITIALIZING","2026-09-11T18:50:12.304Z"
"20260911T161623Z-1","A","NFLX","54","120","EHLERS_DOMINANT_CYCLE_PHASE","V0.1","MEDIAN_PRICE",,"False","INITIALIZING","2026-09-11T18:50:12.304Z"
"20260911T161623Z-1","A","NFLX","55","120","EHLERS_DOMINANT_CYCLE_PHASE","V0.1","MEDIAN_PRICE",,"False","INITIALIZING","2026-09-11T18:50:12.304Z"
"20260911T161623Z-1","A","NFLX","56","120","EHLERS_DOMINANT_CYCLE_PHASE","V0.1","MEDIAN_PRICE",,"False","INITIALIZING","2026-09-11T18:50:12.304Z"
"20260911T161623Z-1","A","NFLX","57","120","EHLERS_DOMINANT_CYCLE_PHASE","V0.1","MEDIAN_PRICE",,"False","INITIALIZING","2026-09-11T18:50:12.304Z"
"20260911T161623Z-1","A","NFLX","58","120","EHLERS_DOMINANT_CYCLE_PHASE","V0.1","MEDIAN_PRICE",,"False","INITIALIZING","2026-09-11T18:50:12.304Z"
"20260911T161623Z-1","A","NFLX","59","120","EHLERS_DOMINANT_CYCLE_PHASE","V0.1","MEDIAN_PRICE",,"False","INITIALIZING","2026-09-11T18:50:12.304Z"
"20260911T161623Z-1","A","NFLX","60","120","EHLERS_DOMINANT_CYCLE_PHASE","V0.1","MEDIAN_PRICE",,"False","INITIALIZING","2026-09-11T18:50:12.304Z"
"20260911T161623Z-1","A","NFLX","61","120","EHLERS_DOMINANT_CYCLE_PHASE","V0.1","MEDIAN_PRICE",,"False","INITIALIZING","2026-09-11T18:50:12.304Z"
"20260911T161623Z-1","A","NFLX","62","120","EHLERS_DOMINANT_CYCLE_PHASE","V0.1","MEDIAN_PRICE",,"False","INITIALIZING","2026-09-11T18:50:12.304Z"
"20260911T161623Z-1","A","NFLX","63","120","EHLERS_DOMINANT_CYCLE_PHASE","V0.1","MEDIAN_PRICE",,"False","INITIALIZING","2026-09-11T18:50:12.304Z"
"20260911T161623Z-1","A","NFLX","64","120","EHLERS_DOMINANT_CYCLE_PHASE","V0.1","MEDIAN_PRICE","193.60907808557818","True","OBSERVABLE","2026-09-11T18:50:12.304Z"
"20260911T161623Z-1","A","NFLX","65","120","EHLERS_DOMINANT_CYCLE_PHASE","V0.1","MEDIAN_PRICE","192.9311058230385","True","OBSERVABLE","2026-09-11T18:50:12.304Z"
"20260911T161623Z-1","A","NFLX","66","120","EHLERS_DOMINANT_CYCLE_PHASE","V0.1","MEDIAN_PRICE","191.93562808350578","True","OBSERVABLE","2026-09-11T18:50:12.304Z"
"20260911T161623Z-1","A","NFLX","67","120","EHLERS_DOMINANT_CYCLE_PHASE","V0.1","MEDIAN_PRICE","193.58711377833052","True","OBSERVABLE","2026-09-11T18:50:12.304Z"
"20260911T161623Z-1","A","NFLX","68","120","EHLERS_DOMINANT_CYCLE_PHASE","V0.1","MEDIAN_PRICE","192.08075171410718","True","OBSERVABLE","2026-09-11T18:50:12.304Z"
"20260911T161623Z-1","A","NFLX","69","120","EHLERS_DOMINANT_CYCLE_PHASE","V0.1","MEDIAN_PRICE","189.9031242645803","True","OBSERVABLE","2026-09-11T18:50:12.304Z"
"20260911T161623Z-1","A","NFLX","70","120","EHLERS_DOMINANT_CYCLE_PHASE","V0.1","MEDIAN_PRICE","187.26129747705596","True","OBSERVABLE","2026-09-11T18:50:12.304Z"
"20260911T161623Z-1","A","NFLX","71","120","EHLERS_DOMINANT_CYCLE_PHASE","V0.1","MEDIAN_PRICE","177.60932638977192","True","OBSERVABLE","2026-09-11T18:50:12.304Z"
"20260911T161623Z-1","A","NFLX","72","120","EHLERS_DOMINANT_CYCLE_PHASE","V0.1","MEDIAN_PRICE","168.40840275989615","True","OBSERVABLE","2026-09-11T18:50:12.304Z"
"20260911T161623Z-1","A","NFLX","73","120","EHLERS_DOMINANT_CYCLE_PHASE","V0.1","MEDIAN_PRICE","160.8146123759318","True","OBSERVABLE","2026-09-11T18:50:12.304Z"
"20260911T161623Z-1","A","NFLX","74","120","EHLERS_DOMINANT_CYCLE_PHASE","V0.1","MEDIAN_PRICE","158.10550282171806","True","OBSERVABLE","2026-09-11T18:50:12.304Z"
"20260911T161623Z-1","A","NFLX","75","120","EHLERS_DOMINANT_CYCLE_PHASE","V0.1","MEDIAN_PRICE","158.4823445617023","True","OBSERVABLE","2026-09-11T18:50:12.304Z"
"20260911T161623Z-1","A","NFLX","76","120","EHLERS_DOMINANT_CYCLE_PHASE","V0.1","MEDIAN_PRICE","161.65780540837085","True","OBSERVABLE","2026-09-11T18:50:12.304Z"
"20260911T161623Z-1","A","NFLX","77","120","EHLERS_DOMINANT_CYCLE_PHASE","V0.1","MEDIAN_PRICE","162.36147981044087","True","OBSERVABLE","2026-09-11T18:50:12.304Z"
"20260911T161623Z-1","A","NFLX","78","120","EHLERS_DOMINANT_CYCLE_PHASE","V0.1","MEDIAN_PRICE","163.91585311978264","True","OBSERVABLE","2026-09-11T18:50:12.304Z"
"20260911T161623Z-1","A","NFLX","79","120","EHLERS_DOMINANT_CYCLE_PHASE","V0.1","MEDIAN_PRICE","168.00865870387324","True","OBSERVABLE","2026-09-11T18:50:12.304Z"
"20260911T161623Z-1","A","NFLX","80","120","EHLERS_DOMINANT_CYCLE_PHASE","V0.1","MEDIAN_PRICE","173.51976112635472","True","OBSERVABLE","2026-09-11T18:50:12.304Z"
"20260911T161623Z-1","A","NFLX","81","120","EHLERS_DOMINANT_CYCLE_PHASE","V0.1","MEDIAN_PRICE","179.68550921112052","True","OBSERVABLE","2026-09-11T18:50:12.304Z"
"20260911T161623Z-1","A","NFLX","82","120","EHLERS_DOMINANT_CYCLE_PHASE","V0.1","MEDIAN_PRICE","185.38562334288048","True","OBSERVABLE","2026-09-11T18:50:12.304Z"
"20260911T161623Z-1","A","NFLX","83","120","EHLERS_DOMINANT_CYCLE_PHASE","V0.1","MEDIAN_PRICE","190.35601339249587","True","OBSERVABLE","2026-09-11T18:50:12.304Z"
"20260911T161623Z-1","A","NFLX","84","120","EHLERS_DOMINANT_CYCLE_PHASE","V0.1","MEDIAN_PRICE","197.53228799421458","True","OBSERVABLE","2026-09-11T18:50:12.304Z"
"20260911T161623Z-1","A","NFLX","85","120","EHLERS_DOMINANT_CYCLE_PHASE","V0.1","MEDIAN_PRICE","202.08856596976938","True","OBSERVABLE","2026-09-11T18:50:12.304Z"
"20260911T161623Z-1","A","NFLX","86","120","EHLERS_DOMINANT_CYCLE_PHASE","V0.1","MEDIAN_PRICE","206.29445541846664","True","OBSERVABLE","2026-09-11T18:50:12.304Z"
"20260911T161623Z-1","A","NFLX","87","120","EHLERS_DOMINANT_CYCLE_PHASE","V0.1","MEDIAN_PRICE","213.76094270422584","True","OBSERVABLE","2026-09-11T18:50:12.304Z"
"20260911T161623Z-1","A","NFLX","88","120","EHLERS_DOMINANT_CYCLE_PHASE","V0.1","MEDIAN_PRICE","216.79340079784305","True","OBSERVABLE","2026-09-11T18:50:12.304Z"
"20260911T161623Z-1","A","NFLX","89","120","EHLERS_DOMINANT_CYCLE_PHASE","V0.1","MEDIAN_PRICE","218.61651454480528","True","OBSERVABLE","2026-09-11T18:50:12.304Z"
"20260911T161623Z-1","A","NFLX","90","120","EHLERS_DOMINANT_CYCLE_PHASE","V0.1","MEDIAN_PRICE","219.68869739737275","True","OBSERVABLE","2026-09-11T18:50:12.304Z"
"20260911T161623Z-1","A","NFLX","91","120","EHLERS_DOMINANT_CYCLE_PHASE","V0.1","MEDIAN_PRICE","219.5147635181691","True","OBSERVABLE","2026-09-11T18:50:12.304Z"
"20260911T161623Z-1","A","NFLX","92","120","EHLERS_DOMINANT_CYCLE_PHASE","V0.1","MEDIAN_PRICE","213.30036294950924","True","OBSERVABLE","2026-09-11T18:50:12.304Z"
"20260911T161623Z-1","A","NFLX","93","120","EHLERS_DOMINANT_CYCLE_PHASE","V0.1","MEDIAN_PRICE","194.6065060849716","True","OBSERVABLE","2026-09-11T18:50:12.304Z"
"20260911T161623Z-1","A","NFLX","94","120","EHLERS_DOMINANT_CYCLE_PHASE","V0.1","MEDIAN_PRICE","155.63521070725844","True","OBSERVABLE","2026-09-11T18:50:12.304Z"
"20260911T161623Z-1","A","NFLX","95","120","EHLERS_DOMINANT_CYCLE_PHASE","V0.1","MEDIAN_PRICE","144.56385864297442","True","OBSERVABLE","2026-09-11T18:50:12.304Z"
"20260911T161623Z-1","A","NFLX","96","120","EHLERS_DOMINANT_CYCLE_PHASE","V0.1","MEDIAN_PRICE","141.69525291755934","True","OBSERVABLE","2026-09-11T18:50:12.304Z"
"20260911T161623Z-1","A","NFLX","97","120","EHLERS_DOMINANT_CYCLE_PHASE","V0.1","MEDIAN_PRICE","143.31767909416564","True","OBSERVABLE","2026-09-11T18:50:12.304Z"
"20260911T161623Z-1","A","NFLX","98","120","EHLERS_DOMINANT_CYCLE_PHASE","V0.1","MEDIAN_PRICE","148.3927370136264","True","OBSERVABLE","2026-09-11T18:50:12.304Z"
"20260911T161623Z-1","A","NFLX","99","120","EHLERS_DOMINANT_CYCLE_PHASE","V0.1","MEDIAN_PRICE","155.4792958736842","True","OBSERVABLE","2026-09-11T18:50:12.304Z"
"20260911T161623Z-1","A","NFLX","100","120","EHLERS_DOMINANT_CYCLE_PHASE","V0.1","MEDIAN_PRICE","162.73653700985705","True","OBSERVABLE","2026-09-11T18:50:12.304Z"
"20260911T161623Z-1","A","NFLX","101","120","EHLERS_DOMINANT_CYCLE_PHASE","V0.1","MEDIAN_PRICE","168.82824564349204","True","OBSERVABLE","2026-09-11T18:50:12.304Z"
"20260911T161623Z-1","A","NFLX","102","120","EHLERS_DOMINANT_CYCLE_PHASE","V0.1","MEDIAN_PRICE","173.8214505562496","True","OBSERVABLE","2026-09-11T18:50:12.304Z"
"20260911T161623Z-1","A","NFLX","103","120","EHLERS_DOMINANT_CYCLE_PHASE","V0.1","MEDIAN_PRICE","179.69427350621817","True","OBSERVABLE","2026-09-11T18:50:12.304Z"
"20260911T161623Z-1","A","NFLX","104","120","EHLERS_DOMINANT_CYCLE_PHASE","V0.1","MEDIAN_PRICE","188.01550351705725","True","OBSERVABLE","2026-09-11T18:50:12.304Z"
"20260911T161623Z-1","A","NFLX","105","120","EHLERS_DOMINANT_CYCLE_PHASE","V0.1","MEDIAN_PRICE","196.4140213173369","True","OBSERVABLE","2026-09-11T18:50:12.304Z"
"20260911T161623Z-1","A","NFLX","106","120","EHLERS_DOMINANT_CYCLE_PHASE","V0.1","MEDIAN_PRICE","203.04698870102231","True","OBSERVABLE","2026-09-11T18:50:12.304Z"
"20260911T161623Z-1","A","NFLX","107","120","EHLERS_DOMINANT_CYCLE_PHASE","V0.1","MEDIAN_PRICE","207.1966819234272","True","OBSERVABLE","2026-09-11T18:50:12.304Z"
"20260911T161623Z-1","A","NFLX","108","120","EHLERS_DOMINANT_CYCLE_PHASE","V0.1","MEDIAN_PRICE","206.90803782488229","True","OBSERVABLE","2026-09-11T18:50:12.304Z"
"20260911T161623Z-1","A","NFLX","109","120","EHLERS_DOMINANT_CYCLE_PHASE","V0.1","MEDIAN_PRICE","207.40979712776365","True","OBSERVABLE","2026-09-11T18:50:12.304Z"
"20260911T161623Z-1","A","NFLX","110","120","EHLERS_DOMINANT_CYCLE_PHASE","V0.1","MEDIAN_PRICE","206.6725965887273","True","OBSERVABLE","2026-09-11T18:50:12.304Z"
"20260911T161623Z-1","A","NFLX","111","120","EHLERS_DOMINANT_CYCLE_PHASE","V0.1","MEDIAN_PRICE","207.4043340643157","True","OBSERVABLE","2026-09-11T18:50:12.304Z"
"20260911T161623Z-1","A","NFLX","112","120","EHLERS_DOMINANT_CYCLE_PHASE","V0.1","MEDIAN_PRICE","210.29154531811974","True","OBSERVABLE","2026-09-11T18:50:12.304Z"
"20260911T161623Z-1","A","NFLX","113","120","EHLERS_DOMINANT_CYCLE_PHASE","V0.1","MEDIAN_PRICE","213.3218570913334","True","OBSERVABLE","2026-09-11T18:50:12.304Z"
"20260911T161623Z-1","A","NFLX","114","120","EHLERS_DOMINANT_CYCLE_PHASE","V0.1","MEDIAN_PRICE","216.65233902763111","True","OBSERVABLE","2026-09-11T18:50:12.304Z"
"20260911T161623Z-1","A","NFLX","115","120","EHLERS_DOMINANT_CYCLE_PHASE","V0.1","MEDIAN_PRICE","222.335285540347","True","OBSERVABLE","2026-09-11T18:50:12.304Z"
"20260911T161623Z-1","A","NFLX","116","120","EHLERS_DOMINANT_CYCLE_PHASE","V0.1","MEDIAN_PRICE","232.14869645897915","True","OBSERVABLE","2026-09-11T18:50:12.304Z"
"20260911T161623Z-1","A","NFLX","117","120","EHLERS_DOMINANT_CYCLE_PHASE","V0.1","MEDIAN_PRICE","243.4629693093453","True","OBSERVABLE","2026-09-11T18:50:12.304Z"
"20260911T161623Z-1","A","NFLX","118","120","EHLERS_DOMINANT_CYCLE_PHASE","V0.1","MEDIAN_PRICE","256.4344253116175","True","OBSERVABLE","2026-09-11T18:50:12.304Z"
"20260911T161623Z-1","A","NFLX","119","120","EHLERS_DOMINANT_CYCLE_PHASE","V0.1","MEDIAN_PRICE","272.218093949147","True","OBSERVABLE","2026-09-11T18:50:12.304Z"
"20260911T161623Z-1","A","NFLX","120","120","EHLERS_DOMINANT_CYCLE_PHASE","V0.1","MEDIAN_PRICE","292.25518190423963","True","OBSERVABLE","2026-09-11T18:50:12.304Z"
"20260911T161623Z-1","A","NVDA","1","120","EHLERS_DOMINANT_CYCLE_PHASE","V0.1","MEDIAN_PRICE",,"False","INITIALIZING","2026-09-11T18:50:12.361Z"
"20260911T161623Z-1","A","NVDA","2","120","EHLERS_DOMINANT_CYCLE_PHASE","V0.1","MEDIAN_PRICE",,"False","INITIALIZING","2026-09-11T18:50:12.361Z"
"20260911T161623Z-1","A","NVDA","3","120","EHLERS_DOMINANT_CYCLE_PHASE","V0.1","MEDIAN_PRICE",,"False","INITIALIZING","2026-09-11T18:50:12.361Z"
"20260911T161623Z-1","A","NVDA","4","120","EHLERS_DOMINANT_CYCLE_PHASE","V0.1","MEDIAN_PRICE",,"False","INITIALIZING","2026-09-11T18:50:12.361Z"
"20260911T161623Z-1","A","NVDA","5","120","EHLERS_DOMINANT_CYCLE_PHASE","V0.1","MEDIAN_PRICE",,"False","INITIALIZING","2026-09-11T18:50:12.361Z"
"20260911T161623Z-1","A","NVDA","6","120","EHLERS_DOMINANT_CYCLE_PHASE","V0.1","MEDIAN_PRICE",,"False","INITIALIZING","2026-09-11T18:50:12.361Z"
"20260911T161623Z-1","A","NVDA","7","120","EHLERS_DOMINANT_CYCLE_PHASE","V0.1","MEDIAN_PRICE",,"False","INITIALIZING","2026-09-11T18:50:12.361Z"
"20260911T161623Z-1","A","NVDA","8","120","EHLERS_DOMINANT_CYCLE_PHASE","V0.1","MEDIAN_PRICE",,"False","INITIALIZING","2026-09-11T18:50:12.361Z"
"20260911T161623Z-1","A","NVDA","9","120","EHLERS_DOMINANT_CYCLE_PHASE","V0.1","MEDIAN_PRICE",,"False","INITIALIZING","2026-09-11T18:50:12.361Z"
"20260911T161623Z-1","A","NVDA","10","120","EHLERS_DOMINANT_CYCLE_PHASE","V0.1","MEDIAN_PRICE",,"False","INITIALIZING","2026-09-11T18:50:12.361Z"
"20260911T161623Z-1","A","NVDA","11","120","EHLERS_DOMINANT_CYCLE_PHASE","V0.1","MEDIAN_PRICE",,"False","INITIALIZING","2026-09-11T18:50:12.361Z"
"20260911T161623Z-1","A","NVDA","12","120","EHLERS_DOMINANT_CYCLE_PHASE","V0.1","MEDIAN_PRICE",,"False","INITIALIZING","2026-09-11T18:50:12.361Z"
"20260911T161623Z-1","A","NVDA","13","120","EHLERS_DOMINANT_CYCLE_PHASE","V0.1","MEDIAN_PRICE",,"False","INITIALIZING","2026-09-11T18:50:12.361Z"
"20260911T161623Z-1","A","NVDA","14","120","EHLERS_DOMINANT_CYCLE_PHASE","V0.1","MEDIAN_PRICE",,"False","INITIALIZING","2026-09-11T18:50:12.361Z"
"20260911T161623Z-1","A","NVDA","15","120","EHLERS_DOMINANT_CYCLE_PHASE","V0.1","MEDIAN_PRICE",,"False","INITIALIZING","2026-09-11T18:50:12.361Z"
"20260911T161623Z-1","A","NVDA","16","120","EHLERS_DOMINANT_CYCLE_PHASE","V0.1","MEDIAN_PRICE",,"False","INITIALIZING","2026-09-11T18:50:12.361Z"
"20260911T161623Z-1","A","NVDA","17","120","EHLERS_DOMINANT_CYCLE_PHASE","V0.1","MEDIAN_PRICE",,"False","INITIALIZING","2026-09-11T18:50:12.361Z"
"20260911T161623Z-1","A","NVDA","18","120","EHLERS_DOMINANT_CYCLE_PHASE","V0.1","MEDIAN_PRICE",,"False","INITIALIZING","2026-09-11T18:50:12.361Z"
"20260911T161623Z-1","A","NVDA","19","120","EHLERS_DOMINANT_CYCLE_PHASE","V0.1","MEDIAN_PRICE",,"False","INITIALIZING","2026-09-11T18:50:12.361Z"
"20260911T161623Z-1","A","NVDA","20","120","EHLERS_DOMINANT_CYCLE_PHASE","V0.1","MEDIAN_PRICE",,"False","INITIALIZING","2026-09-11T18:50:12.361Z"
"20260911T161623Z-1","A","NVDA","21","120","EHLERS_DOMINANT_CYCLE_PHASE","V0.1","MEDIAN_PRICE",,"False","INITIALIZING","2026-09-11T18:50:12.361Z"
"20260911T161623Z-1","A","NVDA","22","120","EHLERS_DOMINANT_CYCLE_PHASE","V0.1","MEDIAN_PRICE",,"False","INITIALIZING","2026-09-11T18:50:12.361Z"
"20260911T161623Z-1","A","NVDA","23","120","EHLERS_DOMINANT_CYCLE_PHASE","V0.1","MEDIAN_PRICE",,"False","INITIALIZING","2026-09-11T18:50:12.361Z"
"20260911T161623Z-1","A","NVDA","24","120","EHLERS_DOMINANT_CYCLE_PHASE","V0.1","MEDIAN_PRICE",,"False","INITIALIZING","2026-09-11T18:50:12.361Z"
"20260911T161623Z-1","A","NVDA","25","120","EHLERS_DOMINANT_CYCLE_PHASE","V0.1","MEDIAN_PRICE",,"False","INITIALIZING","2026-09-11T18:50:12.361Z"
"20260911T161623Z-1","A","NVDA","26","120","EHLERS_DOMINANT_CYCLE_PHASE","V0.1","MEDIAN_PRICE",,"False","INITIALIZING","2026-09-11T18:50:12.361Z"
"20260911T161623Z-1","A","NVDA","27","120","EHLERS_DOMINANT_CYCLE_PHASE","V0.1","MEDIAN_PRICE",,"False","INITIALIZING","2026-09-11T18:50:12.361Z"
"20260911T161623Z-1","A","NVDA","28","120","EHLERS_DOMINANT_CYCLE_PHASE","V0.1","MEDIAN_PRICE",,"False","INITIALIZING","2026-09-11T18:50:12.361Z"
"20260911T161623Z-1","A","NVDA","29","120","EHLERS_DOMINANT_CYCLE_PHASE","V0.1","MEDIAN_PRICE",,"False","INITIALIZING","2026-09-11T18:50:12.361Z"
"20260911T161623Z-1","A","NVDA","30","120","EHLERS_DOMINANT_CYCLE_PHASE","V0.1","MEDIAN_PRICE",,"False","INITIALIZING","2026-09-11T18:50:12.361Z"
"20260911T161623Z-1","A","NVDA","31","120","EHLERS_DOMINANT_CYCLE_PHASE","V0.1","MEDIAN_PRICE",,"False","INITIALIZING","2026-09-11T18:50:12.361Z"
"20260911T161623Z-1","A","NVDA","32","120","EHLERS_DOMINANT_CYCLE_PHASE","V0.1","MEDIAN_PRICE",,"False","INITIALIZING","2026-09-11T18:50:12.361Z"
"20260911T161623Z-1","A","NVDA","33","120","EHLERS_DOMINANT_CYCLE_PHASE","V0.1","MEDIAN_PRICE",,"False","INITIALIZING","2026-09-11T18:50:12.361Z"
"20260911T161623Z-1","A","NVDA","34","120","EHLERS_DOMINANT_CYCLE_PHASE","V0.1","MEDIAN_PRICE",,"False","INITIALIZING","2026-09-11T18:50:12.361Z"
"20260911T161623Z-1","A","NVDA","35","120","EHLERS_DOMINANT_CYCLE_PHASE","V0.1","MEDIAN_PRICE",,"False","INITIALIZING","2026-09-11T18:50:12.361Z"
"20260911T161623Z-1","A","NVDA","36","120","EHLERS_DOMINANT_CYCLE_PHASE","V0.1","MEDIAN_PRICE",,"False","INITIALIZING","2026-09-11T18:50:12.361Z"
"20260911T161623Z-1","A","NVDA","37","120","EHLERS_DOMINANT_CYCLE_PHASE","V0.1","MEDIAN_PRICE",,"False","INITIALIZING","2026-09-11T18:50:12.361Z"
"20260911T161623Z-1","A","NVDA","38","120","EHLERS_DOMINANT_CYCLE_PHASE","V0.1","MEDIAN_PRICE",,"False","INITIALIZING","2026-09-11T18:50:12.361Z"
"20260911T161623Z-1","A","NVDA","39","120","EHLERS_DOMINANT_CYCLE_PHASE","V0.1","MEDIAN_PRICE",,"False","INITIALIZING","2026-09-11T18:50:12.361Z"
"20260911T161623Z-1","A","NVDA","40","120","EHLERS_DOMINANT_CYCLE_PHASE","V0.1","MEDIAN_PRICE",,"False","INITIALIZING","2026-09-11T18:50:12.361Z"
"20260911T161623Z-1","A","NVDA","41","120","EHLERS_DOMINANT_CYCLE_PHASE","V0.1","MEDIAN_PRICE",,"False","INITIALIZING","2026-09-11T18:50:12.361Z"
"20260911T161623Z-1","A","NVDA","42","120","EHLERS_DOMINANT_CYCLE_PHASE","V0.1","MEDIAN_PRICE",,"False","INITIALIZING","2026-09-11T18:50:12.361Z"
"20260911T161623Z-1","A","NVDA","43","120","EHLERS_DOMINANT_CYCLE_PHASE","V0.1","MEDIAN_PRICE",,"False","INITIALIZING","2026-09-11T18:50:12.361Z"
"20260911T161623Z-1","A","NVDA","44","120","EHLERS_DOMINANT_CYCLE_PHASE","V0.1","MEDIAN_PRICE",,"False","INITIALIZING","2026-09-11T18:50:12.361Z"
"20260911T161623Z-1","A","NVDA","45","120","EHLERS_DOMINANT_CYCLE_PHASE","V0.1","MEDIAN_PRICE",,"False","INITIALIZING","2026-09-11T18:50:12.361Z"
"20260911T161623Z-1","A","NVDA","46","120","EHLERS_DOMINANT_CYCLE_PHASE","V0.1","MEDIAN_PRICE",,"False","INITIALIZING","2026-09-11T18:50:12.361Z"
"20260911T161623Z-1","A","NVDA","47","120","EHLERS_DOMINANT_CYCLE_PHASE","V0.1","MEDIAN_PRICE",,"False","INITIALIZING","2026-09-11T18:50:12.361Z"
"20260911T161623Z-1","A","NVDA","48","120","EHLERS_DOMINANT_CYCLE_PHASE","V0.1","MEDIAN_PRICE",,"False","INITIALIZING","2026-09-11T18:50:12.361Z"
"20260911T161623Z-1","A","NVDA","49","120","EHLERS_DOMINANT_CYCLE_PHASE","V0.1","MEDIAN_PRICE",,"False","INITIALIZING","2026-09-11T18:50:12.361Z"
"20260911T161623Z-1","A","NVDA","50","120","EHLERS_DOMINANT_CYCLE_PHASE","V0.1","MEDIAN_PRICE",,"False","INITIALIZING","2026-09-11T18:50:12.361Z"
"20260911T161623Z-1","A","NVDA","51","120","EHLERS_DOMINANT_CYCLE_PHASE","V0.1","MEDIAN_PRICE",,"False","INITIALIZING","2026-09-11T18:50:12.361Z"
"20260911T161623Z-1","A","NVDA","52","120","EHLERS_DOMINANT_CYCLE_PHASE","V0.1","MEDIAN_PRICE",,"False","INITIALIZING","2026-09-11T18:50:12.361Z"
"20260911T161623Z-1","A","NVDA","53","120","EHLERS_DOMINANT_CYCLE_PHASE","V0.1","MEDIAN_PRICE",,"False","INITIALIZING","2026-09-11T18:50:12.361Z"
"20260911T161623Z-1","A","NVDA","54","120","EHLERS_DOMINANT_CYCLE_PHASE","V0.1","MEDIAN_PRICE",,"False","INITIALIZING","2026-09-11T18:50:12.361Z"
"20260911T161623Z-1","A","NVDA","55","120","EHLERS_DOMINANT_CYCLE_PHASE","V0.1","MEDIAN_PRICE",,"False","INITIALIZING","2026-09-11T18:50:12.361Z"
"20260911T161623Z-1","A","NVDA","56","120","EHLERS_DOMINANT_CYCLE_PHASE","V0.1","MEDIAN_PRICE",,"False","INITIALIZING","2026-09-11T18:50:12.361Z"
"20260911T161623Z-1","A","NVDA","57","120","EHLERS_DOMINANT_CYCLE_PHASE","V0.1","MEDIAN_PRICE",,"False","INITIALIZING","2026-09-11T18:50:12.361Z"
"20260911T161623Z-1","A","NVDA","58","120","EHLERS_DOMINANT_CYCLE_PHASE","V0.1","MEDIAN_PRICE",,"False","INITIALIZING","2026-09-11T18:50:12.361Z"
"20260911T161623Z-1","A","NVDA","59","120","EHLERS_DOMINANT_CYCLE_PHASE","V0.1","MEDIAN_PRICE",,"False","INITIALIZING","2026-09-11T18:50:12.361Z"
"20260911T161623Z-1","A","NVDA","60","120","EHLERS_DOMINANT_CYCLE_PHASE","V0.1","MEDIAN_PRICE",,"False","INITIALIZING","2026-09-11T18:50:12.361Z"
"20260911T161623Z-1","A","NVDA","61","120","EHLERS_DOMINANT_CYCLE_PHASE","V0.1","MEDIAN_PRICE",,"False","INITIALIZING","2026-09-11T18:50:12.361Z"
"20260911T161623Z-1","A","NVDA","62","120","EHLERS_DOMINANT_CYCLE_PHASE","V0.1","MEDIAN_PRICE",,"False","INITIALIZING","2026-09-11T18:50:12.361Z"
"20260911T161623Z-1","A","NVDA","63","120","EHLERS_DOMINANT_CYCLE_PHASE","V0.1","MEDIAN_PRICE",,"False","INITIALIZING","2026-09-11T18:50:12.361Z"
"20260911T161623Z-1","A","NVDA","64","120","EHLERS_DOMINANT_CYCLE_PHASE","V0.1","MEDIAN_PRICE","327.2938847422488","True","OBSERVABLE","2026-09-11T18:50:12.361Z"
"20260911T161623Z-1","A","NVDA","65","120","EHLERS_DOMINANT_CYCLE_PHASE","V0.1","MEDIAN_PRICE","356.11564071068904","True","OBSERVABLE","2026-09-11T18:50:12.361Z"
"20260911T161623Z-1","A","NVDA","66","120","EHLERS_DOMINANT_CYCLE_PHASE","V0.1","MEDIAN_PRICE","34.54176192552792","True","OBSERVABLE","2026-09-11T18:50:12.361Z"
"20260911T161623Z-1","A","NVDA","67","120","EHLERS_DOMINANT_CYCLE_PHASE","V0.1","MEDIAN_PRICE","66.24332343989389","True","OBSERVABLE","2026-09-11T18:50:12.361Z"
"20260911T161623Z-1","A","NVDA","68","120","EHLERS_DOMINANT_CYCLE_PHASE","V0.1","MEDIAN_PRICE","86.33198707471912","True","OBSERVABLE","2026-09-11T18:50:12.361Z"
"20260911T161623Z-1","A","NVDA","69","120","EHLERS_DOMINANT_CYCLE_PHASE","V0.1","MEDIAN_PRICE","100.54876609671832","True","OBSERVABLE","2026-09-11T18:50:12.361Z"
"20260911T161623Z-1","A","NVDA","70","120","EHLERS_DOMINANT_CYCLE_PHASE","V0.1","MEDIAN_PRICE","110.11082405882975","True","OBSERVABLE","2026-09-11T18:50:12.361Z"
"20260911T161623Z-1","A","NVDA","71","120","EHLERS_DOMINANT_CYCLE_PHASE","V0.1","MEDIAN_PRICE","118.33184429799044","True","OBSERVABLE","2026-09-11T18:50:12.361Z"
"20260911T161623Z-1","A","NVDA","72","120","EHLERS_DOMINANT_CYCLE_PHASE","V0.1","MEDIAN_PRICE","125.72755767118969","True","OBSERVABLE","2026-09-11T18:50:12.361Z"
"20260911T161623Z-1","A","NVDA","73","120","EHLERS_DOMINANT_CYCLE_PHASE","V0.1","MEDIAN_PRICE","134.36230548288114","True","OBSERVABLE","2026-09-11T18:50:12.361Z"
"20260911T161623Z-1","A","NVDA","74","120","EHLERS_DOMINANT_CYCLE_PHASE","V0.1","MEDIAN_PRICE","143.60495231802355","True","OBSERVABLE","2026-09-11T18:50:12.361Z"
"20260911T161623Z-1","A","NVDA","75","120","EHLERS_DOMINANT_CYCLE_PHASE","V0.1","MEDIAN_PRICE","153.10143998435106","True","OBSERVABLE","2026-09-11T18:50:12.361Z"
"20260911T161623Z-1","A","NVDA","76","120","EHLERS_DOMINANT_CYCLE_PHASE","V0.1","MEDIAN_PRICE","162.36525421695896","True","OBSERVABLE","2026-09-11T18:50:12.361Z"
"20260911T161623Z-1","A","NVDA","77","120","EHLERS_DOMINANT_CYCLE_PHASE","V0.1","MEDIAN_PRICE","170.331005866255","True","OBSERVABLE","2026-09-11T18:50:12.361Z"
"20260911T161623Z-1","A","NVDA","78","120","EHLERS_DOMINANT_CYCLE_PHASE","V0.1","MEDIAN_PRICE","178.1836333116427","True","OBSERVABLE","2026-09-11T18:50:12.361Z"
"20260911T161623Z-1","A","NVDA","79","120","EHLERS_DOMINANT_CYCLE_PHASE","V0.1","MEDIAN_PRICE","182.86352324189835","True","OBSERVABLE","2026-09-11T18:50:12.361Z"
"20260911T161623Z-1","A","NVDA","80","120","EHLERS_DOMINANT_CYCLE_PHASE","V0.1","MEDIAN_PRICE","190.28821025411463","True","OBSERVABLE","2026-09-11T18:50:12.361Z"
"20260911T161623Z-1","A","NVDA","81","120","EHLERS_DOMINANT_CYCLE_PHASE","V0.1","MEDIAN_PRICE","198.29011383737662","True","OBSERVABLE","2026-09-11T18:50:12.361Z"
"20260911T161623Z-1","A","NVDA","82","120","EHLERS_DOMINANT_CYCLE_PHASE","V0.1","MEDIAN_PRICE","205.6206551551519","True","OBSERVABLE","2026-09-11T18:50:12.361Z"
"20260911T161623Z-1","A","NVDA","83","120","EHLERS_DOMINANT_CYCLE_PHASE","V0.1","MEDIAN_PRICE","214.79861562586927","True","OBSERVABLE","2026-09-11T18:50:12.361Z"
"20260911T161623Z-1","A","NVDA","84","120","EHLERS_DOMINANT_CYCLE_PHASE","V0.1","MEDIAN_PRICE","232.2079288060967","True","OBSERVABLE","2026-09-11T18:50:12.361Z"
"20260911T161623Z-1","A","NVDA","85","120","EHLERS_DOMINANT_CYCLE_PHASE","V0.1","MEDIAN_PRICE","243.72495820135632","True","OBSERVABLE","2026-09-11T18:50:12.361Z"
"20260911T161623Z-1","A","NVDA","86","120","EHLERS_DOMINANT_CYCLE_PHASE","V0.1","MEDIAN_PRICE","254.4300309232949","True","OBSERVABLE","2026-09-11T18:50:12.361Z"
"20260911T161623Z-1","A","NVDA","87","120","EHLERS_DOMINANT_CYCLE_PHASE","V0.1","MEDIAN_PRICE","264.9898023082831","True","OBSERVABLE","2026-09-11T18:50:12.361Z"
"20260911T161623Z-1","A","NVDA","88","120","EHLERS_DOMINANT_CYCLE_PHASE","V0.1","MEDIAN_PRICE","276.2149565404392","True","OBSERVABLE","2026-09-11T18:50:12.361Z"
"20260911T161623Z-1","A","NVDA","89","120","EHLERS_DOMINANT_CYCLE_PHASE","V0.1","MEDIAN_PRICE","289.7289517305022","True","OBSERVABLE","2026-09-11T18:50:12.361Z"
"20260911T161623Z-1","A","NVDA","90","120","EHLERS_DOMINANT_CYCLE_PHASE","V0.1","MEDIAN_PRICE","308.0186105788476","True","OBSERVABLE","2026-09-11T18:50:12.361Z"
"20260911T161623Z-1","A","NVDA","91","120","EHLERS_DOMINANT_CYCLE_PHASE","V0.1","MEDIAN_PRICE","337.58735395643004","True","OBSERVABLE","2026-09-11T18:50:12.361Z"
"20260911T161623Z-1","A","NVDA","92","120","EHLERS_DOMINANT_CYCLE_PHASE","V0.1","MEDIAN_PRICE","348.9390014883221","True","OBSERVABLE","2026-09-11T18:50:12.361Z"
"20260911T161623Z-1","A","NVDA","93","120","EHLERS_DOMINANT_CYCLE_PHASE","V0.1","MEDIAN_PRICE","27.867165883633376","True","OBSERVABLE","2026-09-11T18:50:12.361Z"
"20260911T161623Z-1","A","NVDA","94","120","EHLERS_DOMINANT_CYCLE_PHASE","V0.1","MEDIAN_PRICE","52.63900223017191","True","OBSERVABLE","2026-09-11T18:50:12.361Z"
"20260911T161623Z-1","A","NVDA","95","120","EHLERS_DOMINANT_CYCLE_PHASE","V0.1","MEDIAN_PRICE","68.13527754482575","True","OBSERVABLE","2026-09-11T18:50:12.361Z"
"20260911T161623Z-1","A","NVDA","96","120","EHLERS_DOMINANT_CYCLE_PHASE","V0.1","MEDIAN_PRICE","84.70800518072004","True","OBSERVABLE","2026-09-11T18:50:12.361Z"
"20260911T161623Z-1","A","NVDA","97","120","EHLERS_DOMINANT_CYCLE_PHASE","V0.1","MEDIAN_PRICE","103.21198295072979","True","OBSERVABLE","2026-09-11T18:50:12.361Z"
"20260911T161623Z-1","A","NVDA","98","120","EHLERS_DOMINANT_CYCLE_PHASE","V0.1","MEDIAN_PRICE","125.04264990650148","True","OBSERVABLE","2026-09-11T18:50:12.361Z"
"20260911T161623Z-1","A","NVDA","99","120","EHLERS_DOMINANT_CYCLE_PHASE","V0.1","MEDIAN_PRICE","152.62854083331652","True","OBSERVABLE","2026-09-11T18:50:12.361Z"
"20260911T161623Z-1","A","NVDA","100","120","EHLERS_DOMINANT_CYCLE_PHASE","V0.1","MEDIAN_PRICE","164.89046873350023","True","OBSERVABLE","2026-09-11T18:50:12.361Z"
"20260911T161623Z-1","A","NVDA","101","120","EHLERS_DOMINANT_CYCLE_PHASE","V0.1","MEDIAN_PRICE","186.32912306881497","True","OBSERVABLE","2026-09-11T18:50:12.361Z"
"20260911T161623Z-1","A","NVDA","102","120","EHLERS_DOMINANT_CYCLE_PHASE","V0.1","MEDIAN_PRICE","210.07086203278902","True","OBSERVABLE","2026-09-11T18:50:12.361Z"
"20260911T161623Z-1","A","NVDA","103","120","EHLERS_DOMINANT_CYCLE_PHASE","V0.1","MEDIAN_PRICE","237.29725292245297","True","OBSERVABLE","2026-09-11T18:50:12.361Z"
"20260911T161623Z-1","A","NVDA","104","120","EHLERS_DOMINANT_CYCLE_PHASE","V0.1","MEDIAN_PRICE","259.5219385714239","True","OBSERVABLE","2026-09-11T18:50:12.361Z"
"20260911T161623Z-1","A","NVDA","105","120","EHLERS_DOMINANT_CYCLE_PHASE","V0.1","MEDIAN_PRICE","285.85318666665717","True","OBSERVABLE","2026-09-11T18:50:12.361Z"
"20260911T161623Z-1","A","NVDA","106","120","EHLERS_DOMINANT_CYCLE_PHASE","V0.1","MEDIAN_PRICE","302.57687495823575","True","OBSERVABLE","2026-09-11T18:50:12.361Z"
"20260911T161623Z-1","A","NVDA","107","120","EHLERS_DOMINANT_CYCLE_PHASE","V0.1","MEDIAN_PRICE","327.44853882282064","True","OBSERVABLE","2026-09-11T18:50:12.361Z"
"20260911T161623Z-1","A","NVDA","108","120","EHLERS_DOMINANT_CYCLE_PHASE","V0.1","MEDIAN_PRICE","341.2386095268329","True","OBSERVABLE","2026-09-11T18:50:12.361Z"
"20260911T161623Z-1","A","NVDA","109","120","EHLERS_DOMINANT_CYCLE_PHASE","V0.1","MEDIAN_PRICE","347.14272205122586","True","OBSERVABLE","2026-09-11T18:50:12.361Z"
"20260911T161623Z-1","A","NVDA","110","120","EHLERS_DOMINANT_CYCLE_PHASE","V0.1","MEDIAN_PRICE","358.01353247822993","True","OBSERVABLE","2026-09-11T18:50:12.361Z"
"20260911T161623Z-1","A","NVDA","111","120","EHLERS_DOMINANT_CYCLE_PHASE","V0.1","MEDIAN_PRICE","6.345777429252394","True","OBSERVABLE","2026-09-11T18:50:12.361Z"
"20260911T161623Z-1","A","NVDA","112","120","EHLERS_DOMINANT_CYCLE_PHASE","V0.1","MEDIAN_PRICE","12.687154209260314","True","OBSERVABLE","2026-09-11T18:50:12.361Z"
"20260911T161623Z-1","A","NVDA","113","120","EHLERS_DOMINANT_CYCLE_PHASE","V0.1","MEDIAN_PRICE","17.79769775666898","True","OBSERVABLE","2026-09-11T18:50:12.361Z"
"20260911T161623Z-1","A","NVDA","114","120","EHLERS_DOMINANT_CYCLE_PHASE","V0.1","MEDIAN_PRICE","23.26585498480827","True","OBSERVABLE","2026-09-11T18:50:12.361Z"
"20260911T161623Z-1","A","NVDA","115","120","EHLERS_DOMINANT_CYCLE_PHASE","V0.1","MEDIAN_PRICE","31.169205165997425","True","OBSERVABLE","2026-09-11T18:50:12.361Z"
"20260911T161623Z-1","A","NVDA","116","120","EHLERS_DOMINANT_CYCLE_PHASE","V0.1","MEDIAN_PRICE","36.869215740942366","True","OBSERVABLE","2026-09-11T18:50:12.361Z"
"20260911T161623Z-1","A","NVDA","117","120","EHLERS_DOMINANT_CYCLE_PHASE","V0.1","MEDIAN_PRICE","45.607283753742145","True","OBSERVABLE","2026-09-11T18:50:12.361Z"
"20260911T161623Z-1","A","NVDA","118","120","EHLERS_DOMINANT_CYCLE_PHASE","V0.1","MEDIAN_PRICE","55.39999534769306","True","OBSERVABLE","2026-09-11T18:50:12.361Z"
"20260911T161623Z-1","A","NVDA","119","120","EHLERS_DOMINANT_CYCLE_PHASE","V0.1","MEDIAN_PRICE","65.57644233773661","True","OBSERVABLE","2026-09-11T18:50:12.361Z"
"20260911T161623Z-1","A","NVDA","120","120","EHLERS_DOMINANT_CYCLE_PHASE","V0.1","MEDIAN_PRICE","69.6457329151961","True","OBSERVABLE","2026-09-11T18:50:12.361Z"
"20260911T161623Z-1","A","TSLA","1","120","EHLERS_DOMINANT_CYCLE_PHASE","V0.1","MEDIAN_PRICE",,"False","INITIALIZING","2026-09-11T18:50:12.429Z"
"20260911T161623Z-1","A","TSLA","2","120","EHLERS_DOMINANT_CYCLE_PHASE","V0.1","MEDIAN_PRICE",,"False","INITIALIZING","2026-09-11T18:50:12.429Z"
"20260911T161623Z-1","A","TSLA","3","120","EHLERS_DOMINANT_CYCLE_PHASE","V0.1","MEDIAN_PRICE",,"False","INITIALIZING","2026-09-11T18:50:12.429Z"
"20260911T161623Z-1","A","TSLA","4","120","EHLERS_DOMINANT_CYCLE_PHASE","V0.1","MEDIAN_PRICE",,"False","INITIALIZING","2026-09-11T18:50:12.429Z"
"20260911T161623Z-1","A","TSLA","5","120","EHLERS_DOMINANT_CYCLE_PHASE","V0.1","MEDIAN_PRICE",,"False","INITIALIZING","2026-09-11T18:50:12.429Z"
"20260911T161623Z-1","A","TSLA","6","120","EHLERS_DOMINANT_CYCLE_PHASE","V0.1","MEDIAN_PRICE",,"False","INITIALIZING","2026-09-11T18:50:12.429Z"
"20260911T161623Z-1","A","TSLA","7","120","EHLERS_DOMINANT_CYCLE_PHASE","V0.1","MEDIAN_PRICE",,"False","INITIALIZING","2026-09-11T18:50:12.429Z"
"20260911T161623Z-1","A","TSLA","8","120","EHLERS_DOMINANT_CYCLE_PHASE","V0.1","MEDIAN_PRICE",,"False","INITIALIZING","2026-09-11T18:50:12.429Z"
"20260911T161623Z-1","A","TSLA","9","120","EHLERS_DOMINANT_CYCLE_PHASE","V0.1","MEDIAN_PRICE",,"False","INITIALIZING","2026-09-11T18:50:12.429Z"
"20260911T161623Z-1","A","TSLA","10","120","EHLERS_DOMINANT_CYCLE_PHASE","V0.1","MEDIAN_PRICE",,"False","INITIALIZING","2026-09-11T18:50:12.429Z"
"20260911T161623Z-1","A","TSLA","11","120","EHLERS_DOMINANT_CYCLE_PHASE","V0.1","MEDIAN_PRICE",,"False","INITIALIZING","2026-09-11T18:50:12.429Z"
"20260911T161623Z-1","A","TSLA","12","120","EHLERS_DOMINANT_CYCLE_PHASE","V0.1","MEDIAN_PRICE",,"False","INITIALIZING","2026-09-11T18:50:12.429Z"
"20260911T161623Z-1","A","TSLA","13","120","EHLERS_DOMINANT_CYCLE_PHASE","V0.1","MEDIAN_PRICE",,"False","INITIALIZING","2026-09-11T18:50:12.429Z"
"20260911T161623Z-1","A","TSLA","14","120","EHLERS_DOMINANT_CYCLE_PHASE","V0.1","MEDIAN_PRICE",,"False","INITIALIZING","2026-09-11T18:50:12.429Z"
"20260911T161623Z-1","A","TSLA","15","120","EHLERS_DOMINANT_CYCLE_PHASE","V0.1","MEDIAN_PRICE",,"False","INITIALIZING","2026-09-11T18:50:12.429Z"
"20260911T161623Z-1","A","TSLA","16","120","EHLERS_DOMINANT_CYCLE_PHASE","V0.1","MEDIAN_PRICE",,"False","INITIALIZING","2026-09-11T18:50:12.429Z"
"20260911T161623Z-1","A","TSLA","17","120","EHLERS_DOMINANT_CYCLE_PHASE","V0.1","MEDIAN_PRICE",,"False","INITIALIZING","2026-09-11T18:50:12.429Z"
"20260911T161623Z-1","A","TSLA","18","120","EHLERS_DOMINANT_CYCLE_PHASE","V0.1","MEDIAN_PRICE",,"False","INITIALIZING","2026-09-11T18:50:12.429Z"
"20260911T161623Z-1","A","TSLA","19","120","EHLERS_DOMINANT_CYCLE_PHASE","V0.1","MEDIAN_PRICE",,"False","INITIALIZING","2026-09-11T18:50:12.429Z"
"20260911T161623Z-1","A","TSLA","20","120","EHLERS_DOMINANT_CYCLE_PHASE","V0.1","MEDIAN_PRICE",,"False","INITIALIZING","2026-09-11T18:50:12.429Z"
"20260911T161623Z-1","A","TSLA","21","120","EHLERS_DOMINANT_CYCLE_PHASE","V0.1","MEDIAN_PRICE",,"False","INITIALIZING","2026-09-11T18:50:12.429Z"
"20260911T161623Z-1","A","TSLA","22","120","EHLERS_DOMINANT_CYCLE_PHASE","V0.1","MEDIAN_PRICE",,"False","INITIALIZING","2026-09-11T18:50:12.429Z"
"20260911T161623Z-1","A","TSLA","23","120","EHLERS_DOMINANT_CYCLE_PHASE","V0.1","MEDIAN_PRICE",,"False","INITIALIZING","2026-09-11T18:50:12.429Z"
"20260911T161623Z-1","A","TSLA","24","120","EHLERS_DOMINANT_CYCLE_PHASE","V0.1","MEDIAN_PRICE",,"False","INITIALIZING","2026-09-11T18:50:12.429Z"
"20260911T161623Z-1","A","TSLA","25","120","EHLERS_DOMINANT_CYCLE_PHASE","V0.1","MEDIAN_PRICE",,"False","INITIALIZING","2026-09-11T18:50:12.429Z"
"20260911T161623Z-1","A","TSLA","26","120","EHLERS_DOMINANT_CYCLE_PHASE","V0.1","MEDIAN_PRICE",,"False","INITIALIZING","2026-09-11T18:50:12.429Z"
"20260911T161623Z-1","A","TSLA","27","120","EHLERS_DOMINANT_CYCLE_PHASE","V0.1","MEDIAN_PRICE",,"False","INITIALIZING","2026-09-11T18:50:12.429Z"
"20260911T161623Z-1","A","TSLA","28","120","EHLERS_DOMINANT_CYCLE_PHASE","V0.1","MEDIAN_PRICE",,"False","INITIALIZING","2026-09-11T18:50:12.429Z"
"20260911T161623Z-1","A","TSLA","29","120","EHLERS_DOMINANT_CYCLE_PHASE","V0.1","MEDIAN_PRICE",,"False","INITIALIZING","2026-09-11T18:50:12.429Z"
"20260911T161623Z-1","A","TSLA","30","120","EHLERS_DOMINANT_CYCLE_PHASE","V0.1","MEDIAN_PRICE",,"False","INITIALIZING","2026-09-11T18:50:12.429Z"
"20260911T161623Z-1","A","TSLA","31","120","EHLERS_DOMINANT_CYCLE_PHASE","V0.1","MEDIAN_PRICE",,"False","INITIALIZING","2026-09-11T18:50:12.429Z"
"20260911T161623Z-1","A","TSLA","32","120","EHLERS_DOMINANT_CYCLE_PHASE","V0.1","MEDIAN_PRICE",,"False","INITIALIZING","2026-09-11T18:50:12.429Z"
"20260911T161623Z-1","A","TSLA","33","120","EHLERS_DOMINANT_CYCLE_PHASE","V0.1","MEDIAN_PRICE",,"False","INITIALIZING","2026-09-11T18:50:12.429Z"
"20260911T161623Z-1","A","TSLA","34","120","EHLERS_DOMINANT_CYCLE_PHASE","V0.1","MEDIAN_PRICE",,"False","INITIALIZING","2026-09-11T18:50:12.429Z"
"20260911T161623Z-1","A","TSLA","35","120","EHLERS_DOMINANT_CYCLE_PHASE","V0.1","MEDIAN_PRICE",,"False","INITIALIZING","2026-09-11T18:50:12.429Z"
"20260911T161623Z-1","A","TSLA","36","120","EHLERS_DOMINANT_CYCLE_PHASE","V0.1","MEDIAN_PRICE",,"False","INITIALIZING","2026-09-11T18:50:12.429Z"
"20260911T161623Z-1","A","TSLA","37","120","EHLERS_DOMINANT_CYCLE_PHASE","V0.1","MEDIAN_PRICE",,"False","INITIALIZING","2026-09-11T18:50:12.429Z"
"20260911T161623Z-1","A","TSLA","38","120","EHLERS_DOMINANT_CYCLE_PHASE","V0.1","MEDIAN_PRICE",,"False","INITIALIZING","2026-09-11T18:50:12.429Z"
"20260911T161623Z-1","A","TSLA","39","120","EHLERS_DOMINANT_CYCLE_PHASE","V0.1","MEDIAN_PRICE",,"False","INITIALIZING","2026-09-11T18:50:12.429Z"
"20260911T161623Z-1","A","TSLA","40","120","EHLERS_DOMINANT_CYCLE_PHASE","V0.1","MEDIAN_PRICE",,"False","INITIALIZING","2026-09-11T18:50:12.429Z"
"20260911T161623Z-1","A","TSLA","41","120","EHLERS_DOMINANT_CYCLE_PHASE","V0.1","MEDIAN_PRICE",,"False","INITIALIZING","2026-09-11T18:50:12.429Z"
"20260911T161623Z-1","A","TSLA","42","120","EHLERS_DOMINANT_CYCLE_PHASE","V0.1","MEDIAN_PRICE",,"False","INITIALIZING","2026-09-11T18:50:12.429Z"
"20260911T161623Z-1","A","TSLA","43","120","EHLERS_DOMINANT_CYCLE_PHASE","V0.1","MEDIAN_PRICE",,"False","INITIALIZING","2026-09-11T18:50:12.429Z"
"20260911T161623Z-1","A","TSLA","44","120","EHLERS_DOMINANT_CYCLE_PHASE","V0.1","MEDIAN_PRICE",,"False","INITIALIZING","2026-09-11T18:50:12.429Z"
"20260911T161623Z-1","A","TSLA","45","120","EHLERS_DOMINANT_CYCLE_PHASE","V0.1","MEDIAN_PRICE",,"False","INITIALIZING","2026-09-11T18:50:12.429Z"
"20260911T161623Z-1","A","TSLA","46","120","EHLERS_DOMINANT_CYCLE_PHASE","V0.1","MEDIAN_PRICE",,"False","INITIALIZING","2026-09-11T18:50:12.429Z"
"20260911T161623Z-1","A","TSLA","47","120","EHLERS_DOMINANT_CYCLE_PHASE","V0.1","MEDIAN_PRICE",,"False","INITIALIZING","2026-09-11T18:50:12.429Z"
"20260911T161623Z-1","A","TSLA","48","120","EHLERS_DOMINANT_CYCLE_PHASE","V0.1","MEDIAN_PRICE",,"False","INITIALIZING","2026-09-11T18:50:12.429Z"
"20260911T161623Z-1","A","TSLA","49","120","EHLERS_DOMINANT_CYCLE_PHASE","V0.1","MEDIAN_PRICE",,"False","INITIALIZING","2026-09-11T18:50:12.429Z"
"20260911T161623Z-1","A","TSLA","50","120","EHLERS_DOMINANT_CYCLE_PHASE","V0.1","MEDIAN_PRICE",,"False","INITIALIZING","2026-09-11T18:50:12.429Z"
"20260911T161623Z-1","A","TSLA","51","120","EHLERS_DOMINANT_CYCLE_PHASE","V0.1","MEDIAN_PRICE",,"False","INITIALIZING","2026-09-11T18:50:12.429Z"
"20260911T161623Z-1","A","TSLA","52","120","EHLERS_DOMINANT_CYCLE_PHASE","V0.1","MEDIAN_PRICE",,"False","INITIALIZING","2026-09-11T18:50:12.429Z"
"20260911T161623Z-1","A","TSLA","53","120","EHLERS_DOMINANT_CYCLE_PHASE","V0.1","MEDIAN_PRICE",,"False","INITIALIZING","2026-09-11T18:50:12.429Z"
"20260911T161623Z-1","A","TSLA","54","120","EHLERS_DOMINANT_CYCLE_PHASE","V0.1","MEDIAN_PRICE",,"False","INITIALIZING","2026-09-11T18:50:12.429Z"
"20260911T161623Z-1","A","TSLA","55","120","EHLERS_DOMINANT_CYCLE_PHASE","V0.1","MEDIAN_PRICE",,"False","INITIALIZING","2026-09-11T18:50:12.429Z"
"20260911T161623Z-1","A","TSLA","56","120","EHLERS_DOMINANT_CYCLE_PHASE","V0.1","MEDIAN_PRICE",,"False","INITIALIZING","2026-09-11T18:50:12.429Z"
"20260911T161623Z-1","A","TSLA","57","120","EHLERS_DOMINANT_CYCLE_PHASE","V0.1","MEDIAN_PRICE",,"False","INITIALIZING","2026-09-11T18:50:12.429Z"
"20260911T161623Z-1","A","TSLA","58","120","EHLERS_DOMINANT_CYCLE_PHASE","V0.1","MEDIAN_PRICE",,"False","INITIALIZING","2026-09-11T18:50:12.429Z"
"20260911T161623Z-1","A","TSLA","59","120","EHLERS_DOMINANT_CYCLE_PHASE","V0.1","MEDIAN_PRICE",,"False","INITIALIZING","2026-09-11T18:50:12.429Z"
"20260911T161623Z-1","A","TSLA","60","120","EHLERS_DOMINANT_CYCLE_PHASE","V0.1","MEDIAN_PRICE",,"False","INITIALIZING","2026-09-11T18:50:12.429Z"
"20260911T161623Z-1","A","TSLA","61","120","EHLERS_DOMINANT_CYCLE_PHASE","V0.1","MEDIAN_PRICE",,"False","INITIALIZING","2026-09-11T18:50:12.429Z"
"20260911T161623Z-1","A","TSLA","62","120","EHLERS_DOMINANT_CYCLE_PHASE","V0.1","MEDIAN_PRICE",,"False","INITIALIZING","2026-09-11T18:50:12.429Z"
"20260911T161623Z-1","A","TSLA","63","120","EHLERS_DOMINANT_CYCLE_PHASE","V0.1","MEDIAN_PRICE",,"False","INITIALIZING","2026-09-11T18:50:12.429Z"
"20260911T161623Z-1","A","TSLA","64","120","EHLERS_DOMINANT_CYCLE_PHASE","V0.1","MEDIAN_PRICE","135.6371935017329","True","OBSERVABLE","2026-09-11T18:50:12.429Z"
"20260911T161623Z-1","A","TSLA","65","120","EHLERS_DOMINANT_CYCLE_PHASE","V0.1","MEDIAN_PRICE","139.77386170214228","True","OBSERVABLE","2026-09-11T18:50:12.429Z"
"20260911T161623Z-1","A","TSLA","66","120","EHLERS_DOMINANT_CYCLE_PHASE","V0.1","MEDIAN_PRICE","143.70947628208228","True","OBSERVABLE","2026-09-11T18:50:12.429Z"
"20260911T161623Z-1","A","TSLA","67","120","EHLERS_DOMINANT_CYCLE_PHASE","V0.1","MEDIAN_PRICE","155.0942174269626","True","OBSERVABLE","2026-09-11T18:50:12.429Z"
"20260911T161623Z-1","A","TSLA","68","120","EHLERS_DOMINANT_CYCLE_PHASE","V0.1","MEDIAN_PRICE","158.79807194689613","True","OBSERVABLE","2026-09-11T18:50:12.429Z"
"20260911T161623Z-1","A","TSLA","69","120","EHLERS_DOMINANT_CYCLE_PHASE","V0.1","MEDIAN_PRICE","163.08482400032037","True","OBSERVABLE","2026-09-11T18:50:12.429Z"
"20260911T161623Z-1","A","TSLA","70","120","EHLERS_DOMINANT_CYCLE_PHASE","V0.1","MEDIAN_PRICE","175.50281477906861","True","OBSERVABLE","2026-09-11T18:50:12.429Z"
"20260911T161623Z-1","A","TSLA","71","120","EHLERS_DOMINANT_CYCLE_PHASE","V0.1","MEDIAN_PRICE","186.55527016006943","True","OBSERVABLE","2026-09-11T18:50:12.429Z"
"20260911T161623Z-1","A","TSLA","72","120","EHLERS_DOMINANT_CYCLE_PHASE","V0.1","MEDIAN_PRICE","190.22444531045304","True","OBSERVABLE","2026-09-11T18:50:12.429Z"
"20260911T161623Z-1","A","TSLA","73","120","EHLERS_DOMINANT_CYCLE_PHASE","V0.1","MEDIAN_PRICE","197.81945387323663","True","OBSERVABLE","2026-09-11T18:50:12.429Z"
"20260911T161623Z-1","A","TSLA","74","120","EHLERS_DOMINANT_CYCLE_PHASE","V0.1","MEDIAN_PRICE","202.9038000922443","True","OBSERVABLE","2026-09-11T18:50:12.429Z"
"20260911T161623Z-1","A","TSLA","75","120","EHLERS_DOMINANT_CYCLE_PHASE","V0.1","MEDIAN_PRICE","206.88626768918064","True","OBSERVABLE","2026-09-11T18:50:12.429Z"
"20260911T161623Z-1","A","TSLA","76","120","EHLERS_DOMINANT_CYCLE_PHASE","V0.1","MEDIAN_PRICE","205.21979217407875","True","OBSERVABLE","2026-09-11T18:50:12.429Z"
"20260911T161623Z-1","A","TSLA","77","120","EHLERS_DOMINANT_CYCLE_PHASE","V0.1","MEDIAN_PRICE","204.46445426925666","True","OBSERVABLE","2026-09-11T18:50:12.429Z"
"20260911T161623Z-1","A","TSLA","78","120","EHLERS_DOMINANT_CYCLE_PHASE","V0.1","MEDIAN_PRICE","200.90050544419435","True","OBSERVABLE","2026-09-11T18:50:12.429Z"
"20260911T161623Z-1","A","TSLA","79","120","EHLERS_DOMINANT_CYCLE_PHASE","V0.1","MEDIAN_PRICE","195.82898871197054","True","OBSERVABLE","2026-09-11T18:50:12.429Z"
"20260911T161623Z-1","A","TSLA","80","120","EHLERS_DOMINANT_CYCLE_PHASE","V0.1","MEDIAN_PRICE","189.48688364712336","True","OBSERVABLE","2026-09-11T18:50:12.429Z"
"20260911T161623Z-1","A","TSLA","81","120","EHLERS_DOMINANT_CYCLE_PHASE","V0.1","MEDIAN_PRICE","176.3710418752036","True","OBSERVABLE","2026-09-11T18:50:12.429Z"
"20260911T161623Z-1","A","TSLA","82","120","EHLERS_DOMINANT_CYCLE_PHASE","V0.1","MEDIAN_PRICE","169.94233861980427","True","OBSERVABLE","2026-09-11T18:50:12.429Z"
"20260911T161623Z-1","A","TSLA","83","120","EHLERS_DOMINANT_CYCLE_PHASE","V0.1","MEDIAN_PRICE","167.27889004065577","True","OBSERVABLE","2026-09-11T18:50:12.429Z"
"20260911T161623Z-1","A","TSLA","84","120","EHLERS_DOMINANT_CYCLE_PHASE","V0.1","MEDIAN_PRICE","165.91052365285998","True","OBSERVABLE","2026-09-11T18:50:12.429Z"
"20260911T161623Z-1","A","TSLA","85","120","EHLERS_DOMINANT_CYCLE_PHASE","V0.1","MEDIAN_PRICE","170.11636120744987","True","OBSERVABLE","2026-09-11T18:50:12.429Z"
"20260911T161623Z-1","A","TSLA","86","120","EHLERS_DOMINANT_CYCLE_PHASE","V0.1","MEDIAN_PRICE","176.76068218889307","True","OBSERVABLE","2026-09-11T18:50:12.429Z"
"20260911T161623Z-1","A","TSLA","87","120","EHLERS_DOMINANT_CYCLE_PHASE","V0.1","MEDIAN_PRICE","185.90913507815134","True","OBSERVABLE","2026-09-11T18:50:12.429Z"
"20260911T161623Z-1","A","TSLA","88","120","EHLERS_DOMINANT_CYCLE_PHASE","V0.1","MEDIAN_PRICE","198.93246891270917","True","OBSERVABLE","2026-09-11T18:50:12.429Z"
"20260911T161623Z-1","A","TSLA","89","120","EHLERS_DOMINANT_CYCLE_PHASE","V0.1","MEDIAN_PRICE","218.34286655338997","True","OBSERVABLE","2026-09-11T18:50:12.429Z"
"20260911T161623Z-1","A","TSLA","90","120","EHLERS_DOMINANT_CYCLE_PHASE","V0.1","MEDIAN_PRICE","234.18034426183655","True","OBSERVABLE","2026-09-11T18:50:12.429Z"
"20260911T161623Z-1","A","TSLA","91","120","EHLERS_DOMINANT_CYCLE_PHASE","V0.1","MEDIAN_PRICE","255.5208009628422","True","OBSERVABLE","2026-09-11T18:50:12.429Z"
"20260911T161623Z-1","A","TSLA","92","120","EHLERS_DOMINANT_CYCLE_PHASE","V0.1","MEDIAN_PRICE","270.81527526352363","True","OBSERVABLE","2026-09-11T18:50:12.429Z"
"20260911T161623Z-1","A","TSLA","93","120","EHLERS_DOMINANT_CYCLE_PHASE","V0.1","MEDIAN_PRICE","285.1841171713592","True","OBSERVABLE","2026-09-11T18:50:12.429Z"
"20260911T161623Z-1","A","TSLA","94","120","EHLERS_DOMINANT_CYCLE_PHASE","V0.1","MEDIAN_PRICE","298.9448320365289","True","OBSERVABLE","2026-09-11T18:50:12.429Z"
"20260911T161623Z-1","A","TSLA","95","120","EHLERS_DOMINANT_CYCLE_PHASE","V0.1","MEDIAN_PRICE","312.88372649415294","True","OBSERVABLE","2026-09-11T18:50:12.429Z"
"20260911T161623Z-1","A","TSLA","96","120","EHLERS_DOMINANT_CYCLE_PHASE","V0.1","MEDIAN_PRICE","326.7045319301934","True","OBSERVABLE","2026-09-11T18:50:12.429Z"
"20260911T161623Z-1","A","TSLA","97","120","EHLERS_DOMINANT_CYCLE_PHASE","V0.1","MEDIAN_PRICE","347.94046482495645","True","OBSERVABLE","2026-09-11T18:50:12.429Z"
"20260911T161623Z-1","A","TSLA","98","120","EHLERS_DOMINANT_CYCLE_PHASE","V0.1","MEDIAN_PRICE","359.0274106673008","True","OBSERVABLE","2026-09-11T18:50:12.429Z"
"20260911T161623Z-1","A","TSLA","99","120","EHLERS_DOMINANT_CYCLE_PHASE","V0.1","MEDIAN_PRICE","8.402429087510768","True","OBSERVABLE","2026-09-11T18:50:12.429Z"
"20260911T161623Z-1","A","TSLA","100","120","EHLERS_DOMINANT_CYCLE_PHASE","V0.1","MEDIAN_PRICE","15.990983607189804","True","OBSERVABLE","2026-09-11T18:50:12.429Z"
"20260911T161623Z-1","A","TSLA","101","120","EHLERS_DOMINANT_CYCLE_PHASE","V0.1","MEDIAN_PRICE","22.103174816258843","True","OBSERVABLE","2026-09-11T18:50:12.429Z"
"20260911T161623Z-1","A","TSLA","102","120","EHLERS_DOMINANT_CYCLE_PHASE","V0.1","MEDIAN_PRICE","27.227999751781425","True","OBSERVABLE","2026-09-11T18:50:12.429Z"
"20260911T161623Z-1","A","TSLA","103","120","EHLERS_DOMINANT_CYCLE_PHASE","V0.1","MEDIAN_PRICE","31.971332575906345","True","OBSERVABLE","2026-09-11T18:50:12.429Z"
"20260911T161623Z-1","A","TSLA","104","120","EHLERS_DOMINANT_CYCLE_PHASE","V0.1","MEDIAN_PRICE","36.535925943660686","True","OBSERVABLE","2026-09-11T18:50:12.429Z"
"20260911T161623Z-1","A","TSLA","105","120","EHLERS_DOMINANT_CYCLE_PHASE","V0.1","MEDIAN_PRICE","39.903632370558995","True","OBSERVABLE","2026-09-11T18:50:12.429Z"
"20260911T161623Z-1","A","TSLA","106","120","EHLERS_DOMINANT_CYCLE_PHASE","V0.1","MEDIAN_PRICE","40.377842821789585","True","OBSERVABLE","2026-09-11T18:50:12.429Z"
"20260911T161623Z-1","A","TSLA","107","120","EHLERS_DOMINANT_CYCLE_PHASE","V0.1","MEDIAN_PRICE","41.38044810413409","True","OBSERVABLE","2026-09-11T18:50:12.429Z"
"20260911T161623Z-1","A","TSLA","108","120","EHLERS_DOMINANT_CYCLE_PHASE","V0.1","MEDIAN_PRICE","39.11879865899631","True","OBSERVABLE","2026-09-11T18:50:12.429Z"
"20260911T161623Z-1","A","TSLA","109","120","EHLERS_DOMINANT_CYCLE_PHASE","V0.1","MEDIAN_PRICE","36.7741365375565","True","OBSERVABLE","2026-09-11T18:50:12.429Z"
"20260911T161623Z-1","A","TSLA","110","120","EHLERS_DOMINANT_CYCLE_PHASE","V0.1","MEDIAN_PRICE","35.37594752233443","True","OBSERVABLE","2026-09-11T18:50:12.429Z"
"20260911T161623Z-1","A","TSLA","111","120","EHLERS_DOMINANT_CYCLE_PHASE","V0.1","MEDIAN_PRICE","32.63328086457582","True","OBSERVABLE","2026-09-11T18:50:12.429Z"
"20260911T161623Z-1","A","TSLA","112","120","EHLERS_DOMINANT_CYCLE_PHASE","V0.1","MEDIAN_PRICE","26.469212033025315","True","OBSERVABLE","2026-09-11T18:50:12.429Z"
"20260911T161623Z-1","A","TSLA","113","120","EHLERS_DOMINANT_CYCLE_PHASE","V0.1","MEDIAN_PRICE","16.14116802291504","True","OBSERVABLE","2026-09-11T18:50:12.429Z"
"20260911T161623Z-1","A","TSLA","114","120","EHLERS_DOMINANT_CYCLE_PHASE","V0.1","MEDIAN_PRICE","6.978172250959801","True","OBSERVABLE","2026-09-11T18:50:12.429Z"
"20260911T161623Z-1","A","TSLA","115","120","EHLERS_DOMINANT_CYCLE_PHASE","V0.1","MEDIAN_PRICE","2.4661738911931934","True","OBSERVABLE","2026-09-11T18:50:12.429Z"
"20260911T161623Z-1","A","TSLA","116","120","EHLERS_DOMINANT_CYCLE_PHASE","V0.1","MEDIAN_PRICE","6.930546519386212","True","OBSERVABLE","2026-09-11T18:50:12.429Z"
"20260911T161623Z-1","A","TSLA","117","120","EHLERS_DOMINANT_CYCLE_PHASE","V0.1","MEDIAN_PRICE","14.507018487229686","True","OBSERVABLE","2026-09-11T18:50:12.429Z"
"20260911T161623Z-1","A","TSLA","118","120","EHLERS_DOMINANT_CYCLE_PHASE","V0.1","MEDIAN_PRICE","28.92555494282719","True","OBSERVABLE","2026-09-11T18:50:12.429Z"
"20260911T161623Z-1","A","TSLA","119","120","EHLERS_DOMINANT_CYCLE_PHASE","V0.1","MEDIAN_PRICE","44.723188183259424","True","OBSERVABLE","2026-09-11T18:50:12.429Z"
"20260911T161623Z-1","A","TSLA","120","120","EHLERS_DOMINANT_CYCLE_PHASE","V0.1","MEDIAN_PRICE","59.14703377984734","True","OBSERVABLE","2026-09-11T18:50:12.429Z"
"20260911T161623Z-1","B","DIA","1","120","EHLERS_DOMINANT_CYCLE_PHASE","V0.1","MEDIAN_PRICE",,"False","INITIALIZING","2026-09-11T18:50:12.464Z"
"20260911T161623Z-1","B","DIA","2","120","EHLERS_DOMINANT_CYCLE_PHASE","V0.1","MEDIAN_PRICE",,"False","INITIALIZING","2026-09-11T18:50:12.464Z"
"20260911T161623Z-1","B","DIA","3","120","EHLERS_DOMINANT_CYCLE_PHASE","V0.1","MEDIAN_PRICE",,"False","INITIALIZING","2026-09-11T18:50:12.464Z"
"20260911T161623Z-1","B","DIA","4","120","EHLERS_DOMINANT_CYCLE_PHASE","V0.1","MEDIAN_PRICE",,"False","INITIALIZING","2026-09-11T18:50:12.464Z"
"20260911T161623Z-1","B","DIA","5","120","EHLERS_DOMINANT_CYCLE_PHASE","V0.1","MEDIAN_PRICE",,"False","INITIALIZING","2026-09-11T18:50:12.464Z"
"20260911T161623Z-1","B","DIA","6","120","EHLERS_DOMINANT_CYCLE_PHASE","V0.1","MEDIAN_PRICE",,"False","INITIALIZING","2026-09-11T18:50:12.464Z"
"20260911T161623Z-1","B","DIA","7","120","EHLERS_DOMINANT_CYCLE_PHASE","V0.1","MEDIAN_PRICE",,"False","INITIALIZING","2026-09-11T18:50:12.464Z"
"20260911T161623Z-1","B","DIA","8","120","EHLERS_DOMINANT_CYCLE_PHASE","V0.1","MEDIAN_PRICE",,"False","INITIALIZING","2026-09-11T18:50:12.464Z"
"20260911T161623Z-1","B","DIA","9","120","EHLERS_DOMINANT_CYCLE_PHASE","V0.1","MEDIAN_PRICE",,"False","INITIALIZING","2026-09-11T18:50:12.464Z"
"20260911T161623Z-1","B","DIA","10","120","EHLERS_DOMINANT_CYCLE_PHASE","V0.1","MEDIAN_PRICE",,"False","INITIALIZING","2026-09-11T18:50:12.464Z"
"20260911T161623Z-1","B","DIA","11","120","EHLERS_DOMINANT_CYCLE_PHASE","V0.1","MEDIAN_PRICE",,"False","INITIALIZING","2026-09-11T18:50:12.464Z"
"20260911T161623Z-1","B","DIA","12","120","EHLERS_DOMINANT_CYCLE_PHASE","V0.1","MEDIAN_PRICE",,"False","INITIALIZING","2026-09-11T18:50:12.464Z"
"20260911T161623Z-1","B","DIA","13","120","EHLERS_DOMINANT_CYCLE_PHASE","V0.1","MEDIAN_PRICE",,"False","INITIALIZING","2026-09-11T18:50:12.464Z"
"20260911T161623Z-1","B","DIA","14","120","EHLERS_DOMINANT_CYCLE_PHASE","V0.1","MEDIAN_PRICE",,"False","INITIALIZING","2026-09-11T18:50:12.464Z"
"20260911T161623Z-1","B","DIA","15","120","EHLERS_DOMINANT_CYCLE_PHASE","V0.1","MEDIAN_PRICE",,"False","INITIALIZING","2026-09-11T18:50:12.464Z"
"20260911T161623Z-1","B","DIA","16","120","EHLERS_DOMINANT_CYCLE_PHASE","V0.1","MEDIAN_PRICE",,"False","INITIALIZING","2026-09-11T18:50:12.464Z"
"20260911T161623Z-1","B","DIA","17","120","EHLERS_DOMINANT_CYCLE_PHASE","V0.1","MEDIAN_PRICE",,"False","INITIALIZING","2026-09-11T18:50:12.464Z"
"20260911T161623Z-1","B","DIA","18","120","EHLERS_DOMINANT_CYCLE_PHASE","V0.1","MEDIAN_PRICE",,"False","INITIALIZING","2026-09-11T18:50:12.464Z"
"20260911T161623Z-1","B","DIA","19","120","EHLERS_DOMINANT_CYCLE_PHASE","V0.1","MEDIAN_PRICE",,"False","INITIALIZING","2026-09-11T18:50:12.464Z"
"20260911T161623Z-1","B","DIA","20","120","EHLERS_DOMINANT_CYCLE_PHASE","V0.1","MEDIAN_PRICE",,"False","INITIALIZING","2026-09-11T18:50:12.464Z"
"20260911T161623Z-1","B","DIA","21","120","EHLERS_DOMINANT_CYCLE_PHASE","V0.1","MEDIAN_PRICE",,"False","INITIALIZING","2026-09-11T18:50:12.464Z"
"20260911T161623Z-1","B","DIA","22","120","EHLERS_DOMINANT_CYCLE_PHASE","V0.1","MEDIAN_PRICE",,"False","INITIALIZING","2026-09-11T18:50:12.464Z"
"20260911T161623Z-1","B","DIA","23","120","EHLERS_DOMINANT_CYCLE_PHASE","V0.1","MEDIAN_PRICE",,"False","INITIALIZING","2026-09-11T18:50:12.464Z"
"20260911T161623Z-1","B","DIA","24","120","EHLERS_DOMINANT_CYCLE_PHASE","V0.1","MEDIAN_PRICE",,"False","INITIALIZING","2026-09-11T18:50:12.464Z"
"20260911T161623Z-1","B","DIA","25","120","EHLERS_DOMINANT_CYCLE_PHASE","V0.1","MEDIAN_PRICE",,"False","INITIALIZING","2026-09-11T18:50:12.464Z"
"20260911T161623Z-1","B","DIA","26","120","EHLERS_DOMINANT_CYCLE_PHASE","V0.1","MEDIAN_PRICE",,"False","INITIALIZING","2026-09-11T18:50:12.464Z"
"20260911T161623Z-1","B","DIA","27","120","EHLERS_DOMINANT_CYCLE_PHASE","V0.1","MEDIAN_PRICE",,"False","INITIALIZING","2026-09-11T18:50:12.464Z"
"20260911T161623Z-1","B","DIA","28","120","EHLERS_DOMINANT_CYCLE_PHASE","V0.1","MEDIAN_PRICE",,"False","INITIALIZING","2026-09-11T18:50:12.464Z"
"20260911T161623Z-1","B","DIA","29","120","EHLERS_DOMINANT_CYCLE_PHASE","V0.1","MEDIAN_PRICE",,"False","INITIALIZING","2026-09-11T18:50:12.464Z"
"20260911T161623Z-1","B","DIA","30","120","EHLERS_DOMINANT_CYCLE_PHASE","V0.1","MEDIAN_PRICE",,"False","INITIALIZING","2026-09-11T18:50:12.464Z"
"20260911T161623Z-1","B","DIA","31","120","EHLERS_DOMINANT_CYCLE_PHASE","V0.1","MEDIAN_PRICE",,"False","INITIALIZING","2026-09-11T18:50:12.464Z"
"20260911T161623Z-1","B","DIA","32","120","EHLERS_DOMINANT_CYCLE_PHASE","V0.1","MEDIAN_PRICE",,"False","INITIALIZING","2026-09-11T18:50:12.464Z"
"20260911T161623Z-1","B","DIA","33","120","EHLERS_DOMINANT_CYCLE_PHASE","V0.1","MEDIAN_PRICE",,"False","INITIALIZING","2026-09-11T18:50:12.464Z"
"20260911T161623Z-1","B","EEM","1","120","EHLERS_DOMINANT_CYCLE_PHASE","V0.1","MEDIAN_PRICE",,"False","INITIALIZING","2026-09-11T18:50:12.475Z"
"20260911T161623Z-1","B","EEM","2","120","EHLERS_DOMINANT_CYCLE_PHASE","V0.1","MEDIAN_PRICE",,"False","INITIALIZING","2026-09-11T18:50:12.475Z"
"20260911T161623Z-1","B","EEM","3","120","EHLERS_DOMINANT_CYCLE_PHASE","V0.1","MEDIAN_PRICE",,"False","INITIALIZING","2026-09-11T18:50:12.475Z"
"20260911T161623Z-1","B","EEM","4","120","EHLERS_DOMINANT_CYCLE_PHASE","V0.1","MEDIAN_PRICE",,"False","INITIALIZING","2026-09-11T18:50:12.475Z"
"20260911T161623Z-1","B","EEM","5","120","EHLERS_DOMINANT_CYCLE_PHASE","V0.1","MEDIAN_PRICE",,"False","INITIALIZING","2026-09-11T18:50:12.475Z"
"20260911T161623Z-1","B","EEM","6","120","EHLERS_DOMINANT_CYCLE_PHASE","V0.1","MEDIAN_PRICE",,"False","INITIALIZING","2026-09-11T18:50:12.475Z"
"20260911T161623Z-1","B","EEM","7","120","EHLERS_DOMINANT_CYCLE_PHASE","V0.1","MEDIAN_PRICE",,"False","INITIALIZING","2026-09-11T18:50:12.475Z"
"20260911T161623Z-1","B","EEM","8","120","EHLERS_DOMINANT_CYCLE_PHASE","V0.1","MEDIAN_PRICE",,"False","INITIALIZING","2026-09-11T18:50:12.475Z"
"20260911T161623Z-1","B","EEM","9","120","EHLERS_DOMINANT_CYCLE_PHASE","V0.1","MEDIAN_PRICE",,"False","INITIALIZING","2026-09-11T18:50:12.475Z"
"20260911T161623Z-1","B","EEM","10","120","EHLERS_DOMINANT_CYCLE_PHASE","V0.1","MEDIAN_PRICE",,"False","INITIALIZING","2026-09-11T18:50:12.475Z"
"20260911T161623Z-1","B","EEM","11","120","EHLERS_DOMINANT_CYCLE_PHASE","V0.1","MEDIAN_PRICE",,"False","INITIALIZING","2026-09-11T18:50:12.475Z"
"20260911T161623Z-1","B","EEM","12","120","EHLERS_DOMINANT_CYCLE_PHASE","V0.1","MEDIAN_PRICE",,"False","INITIALIZING","2026-09-11T18:50:12.475Z"
"20260911T161623Z-1","B","EEM","13","120","EHLERS_DOMINANT_CYCLE_PHASE","V0.1","MEDIAN_PRICE",,"False","INITIALIZING","2026-09-11T18:50:12.475Z"
"20260911T161623Z-1","B","EEM","14","120","EHLERS_DOMINANT_CYCLE_PHASE","V0.1","MEDIAN_PRICE",,"False","INITIALIZING","2026-09-11T18:50:12.475Z"
"20260911T161623Z-1","B","EEM","15","120","EHLERS_DOMINANT_CYCLE_PHASE","V0.1","MEDIAN_PRICE",,"False","INITIALIZING","2026-09-11T18:50:12.475Z"
"20260911T161623Z-1","B","EEM","16","120","EHLERS_DOMINANT_CYCLE_PHASE","V0.1","MEDIAN_PRICE",,"False","INITIALIZING","2026-09-11T18:50:12.475Z"
"20260911T161623Z-1","B","EEM","17","120","EHLERS_DOMINANT_CYCLE_PHASE","V0.1","MEDIAN_PRICE",,"False","INITIALIZING","2026-09-11T18:50:12.475Z"
"20260911T161623Z-1","B","EEM","18","120","EHLERS_DOMINANT_CYCLE_PHASE","V0.1","MEDIAN_PRICE",,"False","INITIALIZING","2026-09-11T18:50:12.475Z"
"20260911T161623Z-1","B","EEM","19","120","EHLERS_DOMINANT_CYCLE_PHASE","V0.1","MEDIAN_PRICE",,"False","INITIALIZING","2026-09-11T18:50:12.475Z"
"20260911T161623Z-1","B","EEM","20","120","EHLERS_DOMINANT_CYCLE_PHASE","V0.1","MEDIAN_PRICE",,"False","INITIALIZING","2026-09-11T18:50:12.475Z"
"20260911T161623Z-1","B","EEM","21","120","EHLERS_DOMINANT_CYCLE_PHASE","V0.1","MEDIAN_PRICE",,"False","INITIALIZING","2026-09-11T18:50:12.475Z"
"20260911T161623Z-1","B","EEM","22","120","EHLERS_DOMINANT_CYCLE_PHASE","V0.1","MEDIAN_PRICE",,"False","INITIALIZING","2026-09-11T18:50:12.475Z"
"20260911T161623Z-1","B","EEM","23","120","EHLERS_DOMINANT_CYCLE_PHASE","V0.1","MEDIAN_PRICE",,"False","INITIALIZING","2026-09-11T18:50:12.475Z"
"20260911T161623Z-1","B","EEM","24","120","EHLERS_DOMINANT_CYCLE_PHASE","V0.1","MEDIAN_PRICE",,"False","INITIALIZING","2026-09-11T18:50:12.475Z"
"20260911T161623Z-1","B","EEM","25","120","EHLERS_DOMINANT_CYCLE_PHASE","V0.1","MEDIAN_PRICE",,"False","INITIALIZING","2026-09-11T18:50:12.475Z"
"20260911T161623Z-1","B","EEM","26","120","EHLERS_DOMINANT_CYCLE_PHASE","V0.1","MEDIAN_PRICE",,"False","INITIALIZING","2026-09-11T18:50:12.475Z"
"20260911T161623Z-1","B","EEM","27","120","EHLERS_DOMINANT_CYCLE_PHASE","V0.1","MEDIAN_PRICE",,"False","INITIALIZING","2026-09-11T18:50:12.475Z"
"20260911T161623Z-1","B","EEM","28","120","EHLERS_DOMINANT_CYCLE_PHASE","V0.1","MEDIAN_PRICE",,"False","INITIALIZING","2026-09-11T18:50:12.475Z"
"20260911T161623Z-1","B","EEM","29","120","EHLERS_DOMINANT_CYCLE_PHASE","V0.1","MEDIAN_PRICE",,"False","INITIALIZING","2026-09-11T18:50:12.475Z"
"20260911T161623Z-1","B","EEM","30","120","EHLERS_DOMINANT_CYCLE_PHASE","V0.1","MEDIAN_PRICE",,"False","INITIALIZING","2026-09-11T18:50:12.475Z"
"20260911T161623Z-1","B","EEM","31","120","EHLERS_DOMINANT_CYCLE_PHASE","V0.1","MEDIAN_PRICE",,"False","INITIALIZING","2026-09-11T18:50:12.475Z"
"20260911T161623Z-1","B","EEM","32","120","EHLERS_DOMINANT_CYCLE_PHASE","V0.1","MEDIAN_PRICE",,"False","INITIALIZING","2026-09-11T18:50:12.475Z"
"20260911T161623Z-1","B","EEM","33","120","EHLERS_DOMINANT_CYCLE_PHASE","V0.1","MEDIAN_PRICE",,"False","INITIALIZING","2026-09-11T18:50:12.475Z"
"20260911T161623Z-1","B","EEM","34","120","EHLERS_DOMINANT_CYCLE_PHASE","V0.1","MEDIAN_PRICE",,"False","INITIALIZING","2026-09-11T18:50:12.475Z"
"20260911T161623Z-1","B","EEM","35","120","EHLERS_DOMINANT_CYCLE_PHASE","V0.1","MEDIAN_PRICE",,"False","INITIALIZING","2026-09-11T18:50:12.475Z"
"20260911T161623Z-1","B","EEM","36","120","EHLERS_DOMINANT_CYCLE_PHASE","V0.1","MEDIAN_PRICE",,"False","INITIALIZING","2026-09-11T18:50:12.475Z"
"20260911T161623Z-1","B","EEM","37","120","EHLERS_DOMINANT_CYCLE_PHASE","V0.1","MEDIAN_PRICE",,"False","INITIALIZING","2026-09-11T18:50:12.475Z"
"20260911T161623Z-1","B","EEM","38","120","EHLERS_DOMINANT_CYCLE_PHASE","V0.1","MEDIAN_PRICE",,"False","INITIALIZING","2026-09-11T18:50:12.475Z"
"20260911T161623Z-1","B","EEM","39","120","EHLERS_DOMINANT_CYCLE_PHASE","V0.1","MEDIAN_PRICE",,"False","INITIALIZING","2026-09-11T18:50:12.475Z"
"20260911T161623Z-1","B","EEM","40","120","EHLERS_DOMINANT_CYCLE_PHASE","V0.1","MEDIAN_PRICE",,"False","INITIALIZING","2026-09-11T18:50:12.475Z"
"20260911T161623Z-1","B","EEM","41","120","EHLERS_DOMINANT_CYCLE_PHASE","V0.1","MEDIAN_PRICE",,"False","INITIALIZING","2026-09-11T18:50:12.475Z"
"20260911T161623Z-1","B","EEM","42","120","EHLERS_DOMINANT_CYCLE_PHASE","V0.1","MEDIAN_PRICE",,"False","INITIALIZING","2026-09-11T18:50:12.475Z"
"20260911T161623Z-1","B","EEM","43","120","EHLERS_DOMINANT_CYCLE_PHASE","V0.1","MEDIAN_PRICE",,"False","INITIALIZING","2026-09-11T18:50:12.475Z"
"20260911T161623Z-1","B","EEM","44","120","EHLERS_DOMINANT_CYCLE_PHASE","V0.1","MEDIAN_PRICE",,"False","INITIALIZING","2026-09-11T18:50:12.475Z"
"20260911T161623Z-1","B","EEM","45","120","EHLERS_DOMINANT_CYCLE_PHASE","V0.1","MEDIAN_PRICE",,"False","INITIALIZING","2026-09-11T18:50:12.475Z"
"20260911T161623Z-1","B","EEM","46","120","EHLERS_DOMINANT_CYCLE_PHASE","V0.1","MEDIAN_PRICE",,"False","INITIALIZING","2026-09-11T18:50:12.475Z"
"20260911T161623Z-1","B","EEM","47","120","EHLERS_DOMINANT_CYCLE_PHASE","V0.1","MEDIAN_PRICE",,"False","INITIALIZING","2026-09-11T18:50:12.475Z"
"20260911T161623Z-1","B","EEM","48","120","EHLERS_DOMINANT_CYCLE_PHASE","V0.1","MEDIAN_PRICE",,"False","INITIALIZING","2026-09-11T18:50:12.475Z"
"20260911T161623Z-1","B","EEM","49","120","EHLERS_DOMINANT_CYCLE_PHASE","V0.1","MEDIAN_PRICE",,"False","INITIALIZING","2026-09-11T18:50:12.475Z"
"20260911T161623Z-1","B","EEM","50","120","EHLERS_DOMINANT_CYCLE_PHASE","V0.1","MEDIAN_PRICE",,"False","INITIALIZING","2026-09-11T18:50:12.475Z"
"20260911T161623Z-1","B","EEM","51","120","EHLERS_DOMINANT_CYCLE_PHASE","V0.1","MEDIAN_PRICE",,"False","INITIALIZING","2026-09-11T18:50:12.475Z"
"20260911T161623Z-1","B","EEM","52","120","EHLERS_DOMINANT_CYCLE_PHASE","V0.1","MEDIAN_PRICE",,"False","INITIALIZING","2026-09-11T18:50:12.475Z"
"20260911T161623Z-1","B","EEM","53","120","EHLERS_DOMINANT_CYCLE_PHASE","V0.1","MEDIAN_PRICE",,"False","INITIALIZING","2026-09-11T18:50:12.475Z"
"20260911T161623Z-1","B","EEM","54","120","EHLERS_DOMINANT_CYCLE_PHASE","V0.1","MEDIAN_PRICE",,"False","INITIALIZING","2026-09-11T18:50:12.475Z"
"20260911T161623Z-1","B","EEM","55","120","EHLERS_DOMINANT_CYCLE_PHASE","V0.1","MEDIAN_PRICE",,"False","INITIALIZING","2026-09-11T18:50:12.475Z"
"20260911T161623Z-1","B","EEM","56","120","EHLERS_DOMINANT_CYCLE_PHASE","V0.1","MEDIAN_PRICE",,"False","INITIALIZING","2026-09-11T18:50:12.475Z"
"20260911T161623Z-1","B","EEM","57","120","EHLERS_DOMINANT_CYCLE_PHASE","V0.1","MEDIAN_PRICE",,"False","INITIALIZING","2026-09-11T18:50:12.475Z"
"20260911T161623Z-1","B","EEM","58","120","EHLERS_DOMINANT_CYCLE_PHASE","V0.1","MEDIAN_PRICE",,"False","INITIALIZING","2026-09-11T18:50:12.475Z"
"20260911T161623Z-1","B","EEM","59","120","EHLERS_DOMINANT_CYCLE_PHASE","V0.1","MEDIAN_PRICE",,"False","INITIALIZING","2026-09-11T18:50:12.475Z"
"20260911T161623Z-1","B","EEM","60","120","EHLERS_DOMINANT_CYCLE_PHASE","V0.1","MEDIAN_PRICE",,"False","INITIALIZING","2026-09-11T18:50:12.475Z"
"20260911T161623Z-1","B","EEM","61","120","EHLERS_DOMINANT_CYCLE_PHASE","V0.1","MEDIAN_PRICE",,"False","INITIALIZING","2026-09-11T18:50:12.475Z"
"20260911T161623Z-1","B","EEM","62","120","EHLERS_DOMINANT_CYCLE_PHASE","V0.1","MEDIAN_PRICE",,"False","INITIALIZING","2026-09-11T18:50:12.475Z"
"20260911T161623Z-1","B","EEM","63","120","EHLERS_DOMINANT_CYCLE_PHASE","V0.1","MEDIAN_PRICE",,"False","INITIALIZING","2026-09-11T18:50:12.475Z"
"20260911T161623Z-1","B","EEM","64","120","EHLERS_DOMINANT_CYCLE_PHASE","V0.1","MEDIAN_PRICE","206.37259427381352","True","OBSERVABLE","2026-09-11T18:50:12.475Z"
"20260911T161623Z-1","B","EEM","65","120","EHLERS_DOMINANT_CYCLE_PHASE","V0.1","MEDIAN_PRICE","212.86195915523766","True","OBSERVABLE","2026-09-11T18:50:12.475Z"
"20260911T161623Z-1","B","EEM","66","120","EHLERS_DOMINANT_CYCLE_PHASE","V0.1","MEDIAN_PRICE","219.4540437279984","True","OBSERVABLE","2026-09-11T18:50:12.475Z"
"20260911T161623Z-1","B","EEM","67","120","EHLERS_DOMINANT_CYCLE_PHASE","V0.1","MEDIAN_PRICE","225.80027840727098","True","OBSERVABLE","2026-09-11T18:50:12.475Z"
"20260911T161623Z-1","B","EEM","68","120","EHLERS_DOMINANT_CYCLE_PHASE","V0.1","MEDIAN_PRICE","237.04191015303175","True","OBSERVABLE","2026-09-11T18:50:12.475Z"
"20260911T161623Z-1","B","EEM","69","120","EHLERS_DOMINANT_CYCLE_PHASE","V0.1","MEDIAN_PRICE","243.37420691598933","True","OBSERVABLE","2026-09-11T18:50:12.475Z"
"20260911T161623Z-1","B","EEM","70","120","EHLERS_DOMINANT_CYCLE_PHASE","V0.1","MEDIAN_PRICE","255.25702868937333","True","OBSERVABLE","2026-09-11T18:50:12.475Z"
"20260911T161623Z-1","B","EEM","71","120","EHLERS_DOMINANT_CYCLE_PHASE","V0.1","MEDIAN_PRICE","261.1563449124922","True","OBSERVABLE","2026-09-11T18:50:12.475Z"
"20260911T161623Z-1","B","EEM","72","120","EHLERS_DOMINANT_CYCLE_PHASE","V0.1","MEDIAN_PRICE","272.9007855870599","True","OBSERVABLE","2026-09-11T18:50:12.475Z"
"20260911T161623Z-1","B","EEM","73","120","EHLERS_DOMINANT_CYCLE_PHASE","V0.1","MEDIAN_PRICE","284.88002895642006","True","OBSERVABLE","2026-09-11T18:50:12.475Z"
"20260911T161623Z-1","B","EEM","74","120","EHLERS_DOMINANT_CYCLE_PHASE","V0.1","MEDIAN_PRICE","297.25619533183476","True","OBSERVABLE","2026-09-11T18:50:12.475Z"
"20260911T161623Z-1","B","EEM","75","120","EHLERS_DOMINANT_CYCLE_PHASE","V0.1","MEDIAN_PRICE","310.08308679828025","True","OBSERVABLE","2026-09-11T18:50:12.475Z"
"20260911T161623Z-1","B","EEM","76","120","EHLERS_DOMINANT_CYCLE_PHASE","V0.1","MEDIAN_PRICE","314.04428541291327","True","OBSERVABLE","2026-09-11T18:50:12.475Z"
"20260911T161623Z-1","B","EEM","77","120","EHLERS_DOMINANT_CYCLE_PHASE","V0.1","MEDIAN_PRICE","326.05126635120484","True","OBSERVABLE","2026-09-11T18:50:12.475Z"
"20260911T161623Z-1","B","EEM","78","120","EHLERS_DOMINANT_CYCLE_PHASE","V0.1","MEDIAN_PRICE","338.07891019232056","True","OBSERVABLE","2026-09-11T18:50:12.475Z"
"20260911T161623Z-1","B","EEM","79","120","EHLERS_DOMINANT_CYCLE_PHASE","V0.1","MEDIAN_PRICE","350.25157580208236","True","OBSERVABLE","2026-09-11T18:50:12.475Z"
"20260911T161623Z-1","B","EEM","80","120","EHLERS_DOMINANT_CYCLE_PHASE","V0.1","MEDIAN_PRICE","1.709824794039946","True","OBSERVABLE","2026-09-11T18:50:12.475Z"
"20260911T161623Z-1","B","EEM","81","120","EHLERS_DOMINANT_CYCLE_PHASE","V0.1","MEDIAN_PRICE","11.432783547535223","True","OBSERVABLE","2026-09-11T18:50:12.475Z"
"20260911T161623Z-1","B","EEM","82","120","EHLERS_DOMINANT_CYCLE_PHASE","V0.1","MEDIAN_PRICE","19.33799554120081","True","OBSERVABLE","2026-09-11T18:50:12.475Z"
"20260911T161623Z-1","B","EEM","83","120","EHLERS_DOMINANT_CYCLE_PHASE","V0.1","MEDIAN_PRICE","25.910224171481104","True","OBSERVABLE","2026-09-11T18:50:12.475Z"
"20260911T161623Z-1","B","EEM","84","120","EHLERS_DOMINANT_CYCLE_PHASE","V0.1","MEDIAN_PRICE","31.26944177472319","True","OBSERVABLE","2026-09-11T18:50:12.475Z"
"20260911T161623Z-1","B","EEM","85","120","EHLERS_DOMINANT_CYCLE_PHASE","V0.1","MEDIAN_PRICE","34.949628695692354","True","OBSERVABLE","2026-09-11T18:50:12.475Z"
"20260911T161623Z-1","B","EEM","86","120","EHLERS_DOMINANT_CYCLE_PHASE","V0.1","MEDIAN_PRICE","37.335567011915415","True","OBSERVABLE","2026-09-11T18:50:12.475Z"
"20260911T161623Z-1","B","EEM","87","120","EHLERS_DOMINANT_CYCLE_PHASE","V0.1","MEDIAN_PRICE","37.90872713338421","True","OBSERVABLE","2026-09-11T18:50:12.475Z"
"20260911T161623Z-1","B","EEM","88","120","EHLERS_DOMINANT_CYCLE_PHASE","V0.1","MEDIAN_PRICE","37.96326830758342","True","OBSERVABLE","2026-09-11T18:50:12.475Z"
"20260911T161623Z-1","B","EEM","89","120","EHLERS_DOMINANT_CYCLE_PHASE","V0.1","MEDIAN_PRICE","38.30738878936203","True","OBSERVABLE","2026-09-11T18:50:12.475Z"
"20260911T161623Z-1","B","EEM","90","120","EHLERS_DOMINANT_CYCLE_PHASE","V0.1","MEDIAN_PRICE","39.995780030069284","True","OBSERVABLE","2026-09-11T18:50:12.475Z"
"20260911T161623Z-1","B","EEM","91","120","EHLERS_DOMINANT_CYCLE_PHASE","V0.1","MEDIAN_PRICE","41.6674217191691","True","OBSERVABLE","2026-09-11T18:50:12.475Z"
"20260911T161623Z-1","B","EEM","92","120","EHLERS_DOMINANT_CYCLE_PHASE","V0.1","MEDIAN_PRICE","43.5460123897041","True","OBSERVABLE","2026-09-11T18:50:12.475Z"
"20260911T161623Z-1","B","EEM","93","120","EHLERS_DOMINANT_CYCLE_PHASE","V0.1","MEDIAN_PRICE","47.3906120395136","True","OBSERVABLE","2026-09-11T18:50:12.475Z"
"20260911T161623Z-1","B","EEM","94","120","EHLERS_DOMINANT_CYCLE_PHASE","V0.1","MEDIAN_PRICE","52.96500848197101","True","OBSERVABLE","2026-09-11T18:50:12.475Z"
"20260911T161623Z-1","B","EEM","95","120","EHLERS_DOMINANT_CYCLE_PHASE","V0.1","MEDIAN_PRICE","57.03445156703856","True","OBSERVABLE","2026-09-11T18:50:12.475Z"
"20260911T161623Z-1","B","EEM","96","120","EHLERS_DOMINANT_CYCLE_PHASE","V0.1","MEDIAN_PRICE","62.79502787768957","True","OBSERVABLE","2026-09-11T18:50:12.475Z"
"20260911T161623Z-1","B","EEM","97","120","EHLERS_DOMINANT_CYCLE_PHASE","V0.1","MEDIAN_PRICE","63.55982275878488","True","OBSERVABLE","2026-09-11T18:50:12.475Z"
"20260911T161623Z-1","B","EEM","98","120","EHLERS_DOMINANT_CYCLE_PHASE","V0.1","MEDIAN_PRICE","72.87227712723183","True","OBSERVABLE","2026-09-11T18:50:12.475Z"
"20260911T161623Z-1","B","EEM","99","120","EHLERS_DOMINANT_CYCLE_PHASE","V0.1","MEDIAN_PRICE","91.36757595447791","True","OBSERVABLE","2026-09-11T18:50:12.475Z"
"20260911T161623Z-1","B","GLD","1","120","EHLERS_DOMINANT_CYCLE_PHASE","V0.1","MEDIAN_PRICE",,"False","INITIALIZING","2026-09-11T18:50:12.505Z"
"20260911T161623Z-1","B","GLD","2","120","EHLERS_DOMINANT_CYCLE_PHASE","V0.1","MEDIAN_PRICE",,"False","INITIALIZING","2026-09-11T18:50:12.505Z"
"20260911T161623Z-1","B","GLD","3","120","EHLERS_DOMINANT_CYCLE_PHASE","V0.1","MEDIAN_PRICE",,"False","INITIALIZING","2026-09-11T18:50:12.505Z"
"20260911T161623Z-1","B","GLD","4","120","EHLERS_DOMINANT_CYCLE_PHASE","V0.1","MEDIAN_PRICE",,"False","INITIALIZING","2026-09-11T18:50:12.505Z"
"20260911T161623Z-1","B","GLD","5","120","EHLERS_DOMINANT_CYCLE_PHASE","V0.1","MEDIAN_PRICE",,"False","INITIALIZING","2026-09-11T18:50:12.505Z"
"20260911T161623Z-1","B","GLD","6","120","EHLERS_DOMINANT_CYCLE_PHASE","V0.1","MEDIAN_PRICE",,"False","INITIALIZING","2026-09-11T18:50:12.505Z"
"20260911T161623Z-1","B","GLD","7","120","EHLERS_DOMINANT_CYCLE_PHASE","V0.1","MEDIAN_PRICE",,"False","INITIALIZING","2026-09-11T18:50:12.505Z"
"20260911T161623Z-1","B","GLD","8","120","EHLERS_DOMINANT_CYCLE_PHASE","V0.1","MEDIAN_PRICE",,"False","INITIALIZING","2026-09-11T18:50:12.505Z"
"20260911T161623Z-1","B","GLD","9","120","EHLERS_DOMINANT_CYCLE_PHASE","V0.1","MEDIAN_PRICE",,"False","INITIALIZING","2026-09-11T18:50:12.505Z"
"20260911T161623Z-1","B","GLD","10","120","EHLERS_DOMINANT_CYCLE_PHASE","V0.1","MEDIAN_PRICE",,"False","INITIALIZING","2026-09-11T18:50:12.505Z"
"20260911T161623Z-1","B","GLD","11","120","EHLERS_DOMINANT_CYCLE_PHASE","V0.1","MEDIAN_PRICE",,"False","INITIALIZING","2026-09-11T18:50:12.505Z"
"20260911T161623Z-1","B","GLD","12","120","EHLERS_DOMINANT_CYCLE_PHASE","V0.1","MEDIAN_PRICE",,"False","INITIALIZING","2026-09-11T18:50:12.505Z"
"20260911T161623Z-1","B","GLD","13","120","EHLERS_DOMINANT_CYCLE_PHASE","V0.1","MEDIAN_PRICE",,"False","INITIALIZING","2026-09-11T18:50:12.505Z"
"20260911T161623Z-1","B","GLD","14","120","EHLERS_DOMINANT_CYCLE_PHASE","V0.1","MEDIAN_PRICE",,"False","INITIALIZING","2026-09-11T18:50:12.505Z"
"20260911T161623Z-1","B","GLD","15","120","EHLERS_DOMINANT_CYCLE_PHASE","V0.1","MEDIAN_PRICE",,"False","INITIALIZING","2026-09-11T18:50:12.505Z"
"20260911T161623Z-1","B","GLD","16","120","EHLERS_DOMINANT_CYCLE_PHASE","V0.1","MEDIAN_PRICE",,"False","INITIALIZING","2026-09-11T18:50:12.505Z"
"20260911T161623Z-1","B","GLD","17","120","EHLERS_DOMINANT_CYCLE_PHASE","V0.1","MEDIAN_PRICE",,"False","INITIALIZING","2026-09-11T18:50:12.505Z"
"20260911T161623Z-1","B","GLD","18","120","EHLERS_DOMINANT_CYCLE_PHASE","V0.1","MEDIAN_PRICE",,"False","INITIALIZING","2026-09-11T18:50:12.505Z"
"20260911T161623Z-1","B","GLD","19","120","EHLERS_DOMINANT_CYCLE_PHASE","V0.1","MEDIAN_PRICE",,"False","INITIALIZING","2026-09-11T18:50:12.505Z"
"20260911T161623Z-1","B","GLD","20","120","EHLERS_DOMINANT_CYCLE_PHASE","V0.1","MEDIAN_PRICE",,"False","INITIALIZING","2026-09-11T18:50:12.505Z"
"20260911T161623Z-1","B","GLD","21","120","EHLERS_DOMINANT_CYCLE_PHASE","V0.1","MEDIAN_PRICE",,"False","INITIALIZING","2026-09-11T18:50:12.505Z"
"20260911T161623Z-1","B","GLD","22","120","EHLERS_DOMINANT_CYCLE_PHASE","V0.1","MEDIAN_PRICE",,"False","INITIALIZING","2026-09-11T18:50:12.505Z"
"20260911T161623Z-1","B","GLD","23","120","EHLERS_DOMINANT_CYCLE_PHASE","V0.1","MEDIAN_PRICE",,"False","INITIALIZING","2026-09-11T18:50:12.505Z"
"20260911T161623Z-1","B","GLD","24","120","EHLERS_DOMINANT_CYCLE_PHASE","V0.1","MEDIAN_PRICE",,"False","INITIALIZING","2026-09-11T18:50:12.505Z"
"20260911T161623Z-1","B","GLD","25","120","EHLERS_DOMINANT_CYCLE_PHASE","V0.1","MEDIAN_PRICE",,"False","INITIALIZING","2026-09-11T18:50:12.505Z"
"20260911T161623Z-1","B","GLD","26","120","EHLERS_DOMINANT_CYCLE_PHASE","V0.1","MEDIAN_PRICE",,"False","INITIALIZING","2026-09-11T18:50:12.505Z"
"20260911T161623Z-1","B","GLD","27","120","EHLERS_DOMINANT_CYCLE_PHASE","V0.1","MEDIAN_PRICE",,"False","INITIALIZING","2026-09-11T18:50:12.505Z"
"20260911T161623Z-1","B","GLD","28","120","EHLERS_DOMINANT_CYCLE_PHASE","V0.1","MEDIAN_PRICE",,"False","INITIALIZING","2026-09-11T18:50:12.505Z"
"20260911T161623Z-1","B","GLD","29","120","EHLERS_DOMINANT_CYCLE_PHASE","V0.1","MEDIAN_PRICE",,"False","INITIALIZING","2026-09-11T18:50:12.505Z"
"20260911T161623Z-1","B","GLD","30","120","EHLERS_DOMINANT_CYCLE_PHASE","V0.1","MEDIAN_PRICE",,"False","INITIALIZING","2026-09-11T18:50:12.505Z"
"20260911T161623Z-1","B","GLD","31","120","EHLERS_DOMINANT_CYCLE_PHASE","V0.1","MEDIAN_PRICE",,"False","INITIALIZING","2026-09-11T18:50:12.505Z"
"20260911T161623Z-1","B","GLD","32","120","EHLERS_DOMINANT_CYCLE_PHASE","V0.1","MEDIAN_PRICE",,"False","INITIALIZING","2026-09-11T18:50:12.505Z"
"20260911T161623Z-1","B","GLD","33","120","EHLERS_DOMINANT_CYCLE_PHASE","V0.1","MEDIAN_PRICE",,"False","INITIALIZING","2026-09-11T18:50:12.505Z"
"20260911T161623Z-1","B","GLD","34","120","EHLERS_DOMINANT_CYCLE_PHASE","V0.1","MEDIAN_PRICE",,"False","INITIALIZING","2026-09-11T18:50:12.505Z"
"20260911T161623Z-1","B","GLD","35","120","EHLERS_DOMINANT_CYCLE_PHASE","V0.1","MEDIAN_PRICE",,"False","INITIALIZING","2026-09-11T18:50:12.505Z"
"20260911T161623Z-1","B","GLD","36","120","EHLERS_DOMINANT_CYCLE_PHASE","V0.1","MEDIAN_PRICE",,"False","INITIALIZING","2026-09-11T18:50:12.505Z"
"20260911T161623Z-1","B","GLD","37","120","EHLERS_DOMINANT_CYCLE_PHASE","V0.1","MEDIAN_PRICE",,"False","INITIALIZING","2026-09-11T18:50:12.505Z"
"20260911T161623Z-1","B","GLD","38","120","EHLERS_DOMINANT_CYCLE_PHASE","V0.1","MEDIAN_PRICE",,"False","INITIALIZING","2026-09-11T18:50:12.505Z"
"20260911T161623Z-1","B","GLD","39","120","EHLERS_DOMINANT_CYCLE_PHASE","V0.1","MEDIAN_PRICE",,"False","INITIALIZING","2026-09-11T18:50:12.505Z"
"20260911T161623Z-1","B","GLD","40","120","EHLERS_DOMINANT_CYCLE_PHASE","V0.1","MEDIAN_PRICE",,"False","INITIALIZING","2026-09-11T18:50:12.505Z"
"20260911T161623Z-1","B","GLD","41","120","EHLERS_DOMINANT_CYCLE_PHASE","V0.1","MEDIAN_PRICE",,"False","INITIALIZING","2026-09-11T18:50:12.505Z"
"20260911T161623Z-1","B","GLD","42","120","EHLERS_DOMINANT_CYCLE_PHASE","V0.1","MEDIAN_PRICE",,"False","INITIALIZING","2026-09-11T18:50:12.505Z"
"20260911T161623Z-1","B","GLD","43","120","EHLERS_DOMINANT_CYCLE_PHASE","V0.1","MEDIAN_PRICE",,"False","INITIALIZING","2026-09-11T18:50:12.505Z"
"20260911T161623Z-1","B","GLD","44","120","EHLERS_DOMINANT_CYCLE_PHASE","V0.1","MEDIAN_PRICE",,"False","INITIALIZING","2026-09-11T18:50:12.505Z"
"20260911T161623Z-1","B","GLD","45","120","EHLERS_DOMINANT_CYCLE_PHASE","V0.1","MEDIAN_PRICE",,"False","INITIALIZING","2026-09-11T18:50:12.505Z"
"20260911T161623Z-1","B","GLD","46","120","EHLERS_DOMINANT_CYCLE_PHASE","V0.1","MEDIAN_PRICE",,"False","INITIALIZING","2026-09-11T18:50:12.505Z"
"20260911T161623Z-1","B","GLD","47","120","EHLERS_DOMINANT_CYCLE_PHASE","V0.1","MEDIAN_PRICE",,"False","INITIALIZING","2026-09-11T18:50:12.505Z"
"20260911T161623Z-1","B","GLD","48","120","EHLERS_DOMINANT_CYCLE_PHASE","V0.1","MEDIAN_PRICE",,"False","INITIALIZING","2026-09-11T18:50:12.505Z"
"20260911T161623Z-1","B","GLD","49","120","EHLERS_DOMINANT_CYCLE_PHASE","V0.1","MEDIAN_PRICE",,"False","INITIALIZING","2026-09-11T18:50:12.505Z"
"20260911T161623Z-1","B","GLD","50","120","EHLERS_DOMINANT_CYCLE_PHASE","V0.1","MEDIAN_PRICE",,"False","INITIALIZING","2026-09-11T18:50:12.505Z"
"20260911T161623Z-1","B","GLD","51","120","EHLERS_DOMINANT_CYCLE_PHASE","V0.1","MEDIAN_PRICE",,"False","INITIALIZING","2026-09-11T18:50:12.505Z"
"20260911T161623Z-1","B","GLD","52","120","EHLERS_DOMINANT_CYCLE_PHASE","V0.1","MEDIAN_PRICE",,"False","INITIALIZING","2026-09-11T18:50:12.505Z"
"20260911T161623Z-1","B","GLD","53","120","EHLERS_DOMINANT_CYCLE_PHASE","V0.1","MEDIAN_PRICE",,"False","INITIALIZING","2026-09-11T18:50:12.505Z"
"20260911T161623Z-1","B","GLD","54","120","EHLERS_DOMINANT_CYCLE_PHASE","V0.1","MEDIAN_PRICE",,"False","INITIALIZING","2026-09-11T18:50:12.505Z"
"20260911T161623Z-1","B","GLD","55","120","EHLERS_DOMINANT_CYCLE_PHASE","V0.1","MEDIAN_PRICE",,"False","INITIALIZING","2026-09-11T18:50:12.505Z"
"20260911T161623Z-1","B","GLD","56","120","EHLERS_DOMINANT_CYCLE_PHASE","V0.1","MEDIAN_PRICE",,"False","INITIALIZING","2026-09-11T18:50:12.505Z"
"20260911T161623Z-1","B","GLD","57","120","EHLERS_DOMINANT_CYCLE_PHASE","V0.1","MEDIAN_PRICE",,"False","INITIALIZING","2026-09-11T18:50:12.505Z"
"20260911T161623Z-1","B","GLD","58","120","EHLERS_DOMINANT_CYCLE_PHASE","V0.1","MEDIAN_PRICE",,"False","INITIALIZING","2026-09-11T18:50:12.505Z"
"20260911T161623Z-1","B","GLD","59","120","EHLERS_DOMINANT_CYCLE_PHASE","V0.1","MEDIAN_PRICE",,"False","INITIALIZING","2026-09-11T18:50:12.505Z"
"20260911T161623Z-1","B","GLD","60","120","EHLERS_DOMINANT_CYCLE_PHASE","V0.1","MEDIAN_PRICE",,"False","INITIALIZING","2026-09-11T18:50:12.505Z"
"20260911T161623Z-1","B","GLD","61","120","EHLERS_DOMINANT_CYCLE_PHASE","V0.1","MEDIAN_PRICE",,"False","INITIALIZING","2026-09-11T18:50:12.505Z"
"20260911T161623Z-1","B","GLD","62","120","EHLERS_DOMINANT_CYCLE_PHASE","V0.1","MEDIAN_PRICE",,"False","INITIALIZING","2026-09-11T18:50:12.505Z"
"20260911T161623Z-1","B","GLD","63","120","EHLERS_DOMINANT_CYCLE_PHASE","V0.1","MEDIAN_PRICE",,"False","INITIALIZING","2026-09-11T18:50:12.505Z"
"20260911T161623Z-1","B","GLD","64","120","EHLERS_DOMINANT_CYCLE_PHASE","V0.1","MEDIAN_PRICE","252.4294452136237","True","OBSERVABLE","2026-09-11T18:50:12.505Z"
"20260911T161623Z-1","B","GLD","65","120","EHLERS_DOMINANT_CYCLE_PHASE","V0.1","MEDIAN_PRICE","262.87050772079937","True","OBSERVABLE","2026-09-11T18:50:12.505Z"
"20260911T161623Z-1","B","GLD","66","120","EHLERS_DOMINANT_CYCLE_PHASE","V0.1","MEDIAN_PRICE","272.2223569952779","True","OBSERVABLE","2026-09-11T18:50:12.505Z"
"20260911T161623Z-1","B","GLD","67","120","EHLERS_DOMINANT_CYCLE_PHASE","V0.1","MEDIAN_PRICE","284.97077851073317","True","OBSERVABLE","2026-09-11T18:50:12.505Z"
"20260911T161623Z-1","B","GLD","68","120","EHLERS_DOMINANT_CYCLE_PHASE","V0.1","MEDIAN_PRICE","292.1753073622705","True","OBSERVABLE","2026-09-11T18:50:12.505Z"
"20260911T161623Z-1","B","GLD","69","120","EHLERS_DOMINANT_CYCLE_PHASE","V0.1","MEDIAN_PRICE","298.98111406458526","True","OBSERVABLE","2026-09-11T18:50:12.505Z"
"20260911T161623Z-1","B","GLD","70","120","EHLERS_DOMINANT_CYCLE_PHASE","V0.1","MEDIAN_PRICE","310.1148200323157","True","OBSERVABLE","2026-09-11T18:50:12.505Z"
"20260911T161623Z-1","B","GLD","71","120","EHLERS_DOMINANT_CYCLE_PHASE","V0.1","MEDIAN_PRICE","321.44089516631345","True","OBSERVABLE","2026-09-11T18:50:12.505Z"
"20260911T161623Z-1","B","GLD","72","120","EHLERS_DOMINANT_CYCLE_PHASE","V0.1","MEDIAN_PRICE","326.4713147262403","True","OBSERVABLE","2026-09-11T18:50:12.505Z"
"20260911T161623Z-1","B","GLD","73","120","EHLERS_DOMINANT_CYCLE_PHASE","V0.1","MEDIAN_PRICE","334.83496697319833","True","OBSERVABLE","2026-09-11T18:50:12.505Z"
"20260911T161623Z-1","B","GLD","74","120","EHLERS_DOMINANT_CYCLE_PHASE","V0.1","MEDIAN_PRICE","341.4322757650326","True","OBSERVABLE","2026-09-11T18:50:12.505Z"
"20260911T161623Z-1","B","GLD","75","120","EHLERS_DOMINANT_CYCLE_PHASE","V0.1","MEDIAN_PRICE","346.6038872959807","True","OBSERVABLE","2026-09-11T18:50:12.505Z"
"20260911T161623Z-1","B","GLD","76","120","EHLERS_DOMINANT_CYCLE_PHASE","V0.1","MEDIAN_PRICE","352.4084800396397","True","OBSERVABLE","2026-09-11T18:50:12.505Z"
"20260911T161623Z-1","B","GLD","77","120","EHLERS_DOMINANT_CYCLE_PHASE","V0.1","MEDIAN_PRICE","357.98523030885883","True","OBSERVABLE","2026-09-11T18:50:12.505Z"
"20260911T161623Z-1","B","GLD","78","120","EHLERS_DOMINANT_CYCLE_PHASE","V0.1","MEDIAN_PRICE","3.0217535830840916","True","OBSERVABLE","2026-09-11T18:50:12.505Z"
"20260911T161623Z-1","B","GLD","79","120","EHLERS_DOMINANT_CYCLE_PHASE","V0.1","MEDIAN_PRICE","6.760418655987678","True","OBSERVABLE","2026-09-11T18:50:12.505Z"
"20260911T161623Z-1","B","GLD","80","120","EHLERS_DOMINANT_CYCLE_PHASE","V0.1","MEDIAN_PRICE","9.364263585812694","True","OBSERVABLE","2026-09-11T18:50:12.505Z"
"20260911T161623Z-1","B","GLD","81","120","EHLERS_DOMINANT_CYCLE_PHASE","V0.1","MEDIAN_PRICE","10.04131232432951","True","OBSERVABLE","2026-09-11T18:50:12.505Z"
"20260911T161623Z-1","B","GLD","82","120","EHLERS_DOMINANT_CYCLE_PHASE","V0.1","MEDIAN_PRICE","10.196559008462202","True","OBSERVABLE","2026-09-11T18:50:12.505Z"
"20260911T161623Z-1","B","GLD","83","120","EHLERS_DOMINANT_CYCLE_PHASE","V0.1","MEDIAN_PRICE","9.68434826680982","True","OBSERVABLE","2026-09-11T18:50:12.505Z"
"20260911T161623Z-1","B","GLD","84","120","EHLERS_DOMINANT_CYCLE_PHASE","V0.1","MEDIAN_PRICE","8.771171192064855","True","OBSERVABLE","2026-09-11T18:50:12.505Z"
"20260911T161623Z-1","B","GLD","85","120","EHLERS_DOMINANT_CYCLE_PHASE","V0.1","MEDIAN_PRICE","7.060033608557092","True","OBSERVABLE","2026-09-11T18:50:12.505Z"
"20260911T161623Z-1","B","GLD","86","120","EHLERS_DOMINANT_CYCLE_PHASE","V0.1","MEDIAN_PRICE","2.4469718054370446","True","OBSERVABLE","2026-09-11T18:50:12.505Z"
"20260911T161623Z-1","B","GLD","87","120","EHLERS_DOMINANT_CYCLE_PHASE","V0.1","MEDIAN_PRICE","356.028691545545","True","OBSERVABLE","2026-09-11T18:50:12.505Z"
"20260911T161623Z-1","B","IWM","1","120","EHLERS_DOMINANT_CYCLE_PHASE","V0.1","MEDIAN_PRICE",,"False","INITIALIZING","2026-09-11T18:50:12.576Z"
"20260911T161623Z-1","B","IWM","2","120","EHLERS_DOMINANT_CYCLE_PHASE","V0.1","MEDIAN_PRICE",,"False","INITIALIZING","2026-09-11T18:50:12.576Z"
"20260911T161623Z-1","B","IWM","3","120","EHLERS_DOMINANT_CYCLE_PHASE","V0.1","MEDIAN_PRICE",,"False","INITIALIZING","2026-09-11T18:50:12.576Z"
"20260911T161623Z-1","B","IWM","4","120","EHLERS_DOMINANT_CYCLE_PHASE","V0.1","MEDIAN_PRICE",,"False","INITIALIZING","2026-09-11T18:50:12.576Z"
"20260911T161623Z-1","B","IWM","5","120","EHLERS_DOMINANT_CYCLE_PHASE","V0.1","MEDIAN_PRICE",,"False","INITIALIZING","2026-09-11T18:50:12.576Z"
"20260911T161623Z-1","B","IWM","6","120","EHLERS_DOMINANT_CYCLE_PHASE","V0.1","MEDIAN_PRICE",,"False","INITIALIZING","2026-09-11T18:50:12.576Z"
"20260911T161623Z-1","B","IWM","7","120","EHLERS_DOMINANT_CYCLE_PHASE","V0.1","MEDIAN_PRICE",,"False","INITIALIZING","2026-09-11T18:50:12.576Z"
"20260911T161623Z-1","B","IWM","8","120","EHLERS_DOMINANT_CYCLE_PHASE","V0.1","MEDIAN_PRICE",,"False","INITIALIZING","2026-09-11T18:50:12.576Z"
"20260911T161623Z-1","B","IWM","9","120","EHLERS_DOMINANT_CYCLE_PHASE","V0.1","MEDIAN_PRICE",,"False","INITIALIZING","2026-09-11T18:50:12.576Z"
"20260911T161623Z-1","B","IWM","10","120","EHLERS_DOMINANT_CYCLE_PHASE","V0.1","MEDIAN_PRICE",,"False","INITIALIZING","2026-09-11T18:50:12.576Z"
"20260911T161623Z-1","B","IWM","11","120","EHLERS_DOMINANT_CYCLE_PHASE","V0.1","MEDIAN_PRICE",,"False","INITIALIZING","2026-09-11T18:50:12.576Z"
"20260911T161623Z-1","B","IWM","12","120","EHLERS_DOMINANT_CYCLE_PHASE","V0.1","MEDIAN_PRICE",,"False","INITIALIZING","2026-09-11T18:50:12.576Z"
"20260911T161623Z-1","B","IWM","13","120","EHLERS_DOMINANT_CYCLE_PHASE","V0.1","MEDIAN_PRICE",,"False","INITIALIZING","2026-09-11T18:50:12.576Z"
"20260911T161623Z-1","B","IWM","14","120","EHLERS_DOMINANT_CYCLE_PHASE","V0.1","MEDIAN_PRICE",,"False","INITIALIZING","2026-09-11T18:50:12.576Z"
"20260911T161623Z-1","B","IWM","15","120","EHLERS_DOMINANT_CYCLE_PHASE","V0.1","MEDIAN_PRICE",,"False","INITIALIZING","2026-09-11T18:50:12.576Z"
"20260911T161623Z-1","B","IWM","16","120","EHLERS_DOMINANT_CYCLE_PHASE","V0.1","MEDIAN_PRICE",,"False","INITIALIZING","2026-09-11T18:50:12.576Z"
"20260911T161623Z-1","B","IWM","17","120","EHLERS_DOMINANT_CYCLE_PHASE","V0.1","MEDIAN_PRICE",,"False","INITIALIZING","2026-09-11T18:50:12.576Z"
"20260911T161623Z-1","B","IWM","18","120","EHLERS_DOMINANT_CYCLE_PHASE","V0.1","MEDIAN_PRICE",,"False","INITIALIZING","2026-09-11T18:50:12.576Z"
"20260911T161623Z-1","B","IWM","19","120","EHLERS_DOMINANT_CYCLE_PHASE","V0.1","MEDIAN_PRICE",,"False","INITIALIZING","2026-09-11T18:50:12.576Z"
"20260911T161623Z-1","B","IWM","20","120","EHLERS_DOMINANT_CYCLE_PHASE","V0.1","MEDIAN_PRICE",,"False","INITIALIZING","2026-09-11T18:50:12.576Z"
"20260911T161623Z-1","B","IWM","21","120","EHLERS_DOMINANT_CYCLE_PHASE","V0.1","MEDIAN_PRICE",,"False","INITIALIZING","2026-09-11T18:50:12.576Z"
"20260911T161623Z-1","B","IWM","22","120","EHLERS_DOMINANT_CYCLE_PHASE","V0.1","MEDIAN_PRICE",,"False","INITIALIZING","2026-09-11T18:50:12.576Z"
"20260911T161623Z-1","B","IWM","23","120","EHLERS_DOMINANT_CYCLE_PHASE","V0.1","MEDIAN_PRICE",,"False","INITIALIZING","2026-09-11T18:50:12.576Z"
"20260911T161623Z-1","B","IWM","24","120","EHLERS_DOMINANT_CYCLE_PHASE","V0.1","MEDIAN_PRICE",,"False","INITIALIZING","2026-09-11T18:50:12.576Z"
"20260911T161623Z-1","B","IWM","25","120","EHLERS_DOMINANT_CYCLE_PHASE","V0.1","MEDIAN_PRICE",,"False","INITIALIZING","2026-09-11T18:50:12.576Z"
"20260911T161623Z-1","B","IWM","26","120","EHLERS_DOMINANT_CYCLE_PHASE","V0.1","MEDIAN_PRICE",,"False","INITIALIZING","2026-09-11T18:50:12.576Z"
"20260911T161623Z-1","B","IWM","27","120","EHLERS_DOMINANT_CYCLE_PHASE","V0.1","MEDIAN_PRICE",,"False","INITIALIZING","2026-09-11T18:50:12.576Z"
"20260911T161623Z-1","B","IWM","28","120","EHLERS_DOMINANT_CYCLE_PHASE","V0.1","MEDIAN_PRICE",,"False","INITIALIZING","2026-09-11T18:50:12.576Z"
"20260911T161623Z-1","B","IWM","29","120","EHLERS_DOMINANT_CYCLE_PHASE","V0.1","MEDIAN_PRICE",,"False","INITIALIZING","2026-09-11T18:50:12.576Z"
"20260911T161623Z-1","B","IWM","30","120","EHLERS_DOMINANT_CYCLE_PHASE","V0.1","MEDIAN_PRICE",,"False","INITIALIZING","2026-09-11T18:50:12.576Z"
"20260911T161623Z-1","B","IWM","31","120","EHLERS_DOMINANT_CYCLE_PHASE","V0.1","MEDIAN_PRICE",,"False","INITIALIZING","2026-09-11T18:50:12.576Z"
"20260911T161623Z-1","B","IWM","32","120","EHLERS_DOMINANT_CYCLE_PHASE","V0.1","MEDIAN_PRICE",,"False","INITIALIZING","2026-09-11T18:50:12.576Z"
"20260911T161623Z-1","B","IWM","33","120","EHLERS_DOMINANT_CYCLE_PHASE","V0.1","MEDIAN_PRICE",,"False","INITIALIZING","2026-09-11T18:50:12.576Z"
"20260911T161623Z-1","B","IWM","34","120","EHLERS_DOMINANT_CYCLE_PHASE","V0.1","MEDIAN_PRICE",,"False","INITIALIZING","2026-09-11T18:50:12.576Z"
"20260911T161623Z-1","B","IWM","35","120","EHLERS_DOMINANT_CYCLE_PHASE","V0.1","MEDIAN_PRICE",,"False","INITIALIZING","2026-09-11T18:50:12.576Z"
"20260911T161623Z-1","B","IWM","36","120","EHLERS_DOMINANT_CYCLE_PHASE","V0.1","MEDIAN_PRICE",,"False","INITIALIZING","2026-09-11T18:50:12.576Z"
"20260911T161623Z-1","B","IWM","37","120","EHLERS_DOMINANT_CYCLE_PHASE","V0.1","MEDIAN_PRICE",,"False","INITIALIZING","2026-09-11T18:50:12.576Z"
"20260911T161623Z-1","B","IWM","38","120","EHLERS_DOMINANT_CYCLE_PHASE","V0.1","MEDIAN_PRICE",,"False","INITIALIZING","2026-09-11T18:50:12.576Z"
"20260911T161623Z-1","B","IWM","39","120","EHLERS_DOMINANT_CYCLE_PHASE","V0.1","MEDIAN_PRICE",,"False","INITIALIZING","2026-09-11T18:50:12.576Z"
"20260911T161623Z-1","B","IWM","40","120","EHLERS_DOMINANT_CYCLE_PHASE","V0.1","MEDIAN_PRICE",,"False","INITIALIZING","2026-09-11T18:50:12.576Z"
"20260911T161623Z-1","B","IWM","41","120","EHLERS_DOMINANT_CYCLE_PHASE","V0.1","MEDIAN_PRICE",,"False","INITIALIZING","2026-09-11T18:50:12.576Z"
"20260911T161623Z-1","B","IWM","42","120","EHLERS_DOMINANT_CYCLE_PHASE","V0.1","MEDIAN_PRICE",,"False","INITIALIZING","2026-09-11T18:50:12.576Z"
"20260911T161623Z-1","B","IWM","43","120","EHLERS_DOMINANT_CYCLE_PHASE","V0.1","MEDIAN_PRICE",,"False","INITIALIZING","2026-09-11T18:50:12.576Z"
"20260911T161623Z-1","B","IWM","44","120","EHLERS_DOMINANT_CYCLE_PHASE","V0.1","MEDIAN_PRICE",,"False","INITIALIZING","2026-09-11T18:50:12.576Z"
"20260911T161623Z-1","B","IWM","45","120","EHLERS_DOMINANT_CYCLE_PHASE","V0.1","MEDIAN_PRICE",,"False","INITIALIZING","2026-09-11T18:50:12.576Z"
"20260911T161623Z-1","B","IWM","46","120","EHLERS_DOMINANT_CYCLE_PHASE","V0.1","MEDIAN_PRICE",,"False","INITIALIZING","2026-09-11T18:50:12.576Z"
"20260911T161623Z-1","B","IWM","47","120","EHLERS_DOMINANT_CYCLE_PHASE","V0.1","MEDIAN_PRICE",,"False","INITIALIZING","2026-09-11T18:50:12.576Z"
"20260911T161623Z-1","B","IWM","48","120","EHLERS_DOMINANT_CYCLE_PHASE","V0.1","MEDIAN_PRICE",,"False","INITIALIZING","2026-09-11T18:50:12.576Z"
"20260911T161623Z-1","B","IWM","49","120","EHLERS_DOMINANT_CYCLE_PHASE","V0.1","MEDIAN_PRICE",,"False","INITIALIZING","2026-09-11T18:50:12.576Z"
"20260911T161623Z-1","B","IWM","50","120","EHLERS_DOMINANT_CYCLE_PHASE","V0.1","MEDIAN_PRICE",,"False","INITIALIZING","2026-09-11T18:50:12.576Z"
"20260911T161623Z-1","B","IWM","51","120","EHLERS_DOMINANT_CYCLE_PHASE","V0.1","MEDIAN_PRICE",,"False","INITIALIZING","2026-09-11T18:50:12.576Z"
"20260911T161623Z-1","B","IWM","52","120","EHLERS_DOMINANT_CYCLE_PHASE","V0.1","MEDIAN_PRICE",,"False","INITIALIZING","2026-09-11T18:50:12.576Z"
"20260911T161623Z-1","B","IWM","53","120","EHLERS_DOMINANT_CYCLE_PHASE","V0.1","MEDIAN_PRICE",,"False","INITIALIZING","2026-09-11T18:50:12.576Z"
"20260911T161623Z-1","B","IWM","54","120","EHLERS_DOMINANT_CYCLE_PHASE","V0.1","MEDIAN_PRICE",,"False","INITIALIZING","2026-09-11T18:50:12.576Z"
"20260911T161623Z-1","B","IWM","55","120","EHLERS_DOMINANT_CYCLE_PHASE","V0.1","MEDIAN_PRICE",,"False","INITIALIZING","2026-09-11T18:50:12.576Z"
"20260911T161623Z-1","B","IWM","56","120","EHLERS_DOMINANT_CYCLE_PHASE","V0.1","MEDIAN_PRICE",,"False","INITIALIZING","2026-09-11T18:50:12.576Z"
"20260911T161623Z-1","B","IWM","57","120","EHLERS_DOMINANT_CYCLE_PHASE","V0.1","MEDIAN_PRICE",,"False","INITIALIZING","2026-09-11T18:50:12.576Z"
"20260911T161623Z-1","B","IWM","58","120","EHLERS_DOMINANT_CYCLE_PHASE","V0.1","MEDIAN_PRICE",,"False","INITIALIZING","2026-09-11T18:50:12.576Z"
"20260911T161623Z-1","B","IWM","59","120","EHLERS_DOMINANT_CYCLE_PHASE","V0.1","MEDIAN_PRICE",,"False","INITIALIZING","2026-09-11T18:50:12.576Z"
"20260911T161623Z-1","B","IWM","60","120","EHLERS_DOMINANT_CYCLE_PHASE","V0.1","MEDIAN_PRICE",,"False","INITIALIZING","2026-09-11T18:50:12.576Z"
"20260911T161623Z-1","B","IWM","61","120","EHLERS_DOMINANT_CYCLE_PHASE","V0.1","MEDIAN_PRICE",,"False","INITIALIZING","2026-09-11T18:50:12.576Z"
"20260911T161623Z-1","B","IWM","62","120","EHLERS_DOMINANT_CYCLE_PHASE","V0.1","MEDIAN_PRICE",,"False","INITIALIZING","2026-09-11T18:50:12.576Z"
"20260911T161623Z-1","B","IWM","63","120","EHLERS_DOMINANT_CYCLE_PHASE","V0.1","MEDIAN_PRICE",,"False","INITIALIZING","2026-09-11T18:50:12.576Z"
"20260911T161623Z-1","B","IWM","64","120","EHLERS_DOMINANT_CYCLE_PHASE","V0.1","MEDIAN_PRICE","184.28603686622392","True","OBSERVABLE","2026-09-11T18:50:12.576Z"
"20260911T161623Z-1","B","IWM","65","120","EHLERS_DOMINANT_CYCLE_PHASE","V0.1","MEDIAN_PRICE","180.62642440385045","True","OBSERVABLE","2026-09-11T18:50:12.576Z"
"20260911T161623Z-1","B","IWM","66","120","EHLERS_DOMINANT_CYCLE_PHASE","V0.1","MEDIAN_PRICE","177.5382676919075","True","OBSERVABLE","2026-09-11T18:50:12.576Z"
"20260911T161623Z-1","B","IWM","67","120","EHLERS_DOMINANT_CYCLE_PHASE","V0.1","MEDIAN_PRICE","174.22253802807035","True","OBSERVABLE","2026-09-11T18:50:12.576Z"
"20260911T161623Z-1","B","IWM","68","120","EHLERS_DOMINANT_CYCLE_PHASE","V0.1","MEDIAN_PRICE","169.32629105307782","True","OBSERVABLE","2026-09-11T18:50:12.576Z"
"20260911T161623Z-1","B","IWM","69","120","EHLERS_DOMINANT_CYCLE_PHASE","V0.1","MEDIAN_PRICE","166.1245204250157","True","OBSERVABLE","2026-09-11T18:50:12.576Z"
"20260911T161623Z-1","B","IWM","70","120","EHLERS_DOMINANT_CYCLE_PHASE","V0.1","MEDIAN_PRICE","164.89535336903737","True","OBSERVABLE","2026-09-11T18:50:12.576Z"
"20260911T161623Z-1","B","IWM","71","120","EHLERS_DOMINANT_CYCLE_PHASE","V0.1","MEDIAN_PRICE","164.33161334603184","True","OBSERVABLE","2026-09-11T18:50:12.576Z"
"20260911T161623Z-1","B","IWM","72","120","EHLERS_DOMINANT_CYCLE_PHASE","V0.1","MEDIAN_PRICE","164.9281648772268","True","OBSERVABLE","2026-09-11T18:50:12.576Z"
"20260911T161623Z-1","B","IWM","73","120","EHLERS_DOMINANT_CYCLE_PHASE","V0.1","MEDIAN_PRICE","165.89201498714698","True","OBSERVABLE","2026-09-11T18:50:12.576Z"
"20260911T161623Z-1","B","IWM","74","120","EHLERS_DOMINANT_CYCLE_PHASE","V0.1","MEDIAN_PRICE","169.1440163408505","True","OBSERVABLE","2026-09-11T18:50:12.576Z"
"20260911T161623Z-1","B","IWM","75","120","EHLERS_DOMINANT_CYCLE_PHASE","V0.1","MEDIAN_PRICE","172.7047047576553","True","OBSERVABLE","2026-09-11T18:50:12.576Z"
"20260911T161623Z-1","B","IWM","76","120","EHLERS_DOMINANT_CYCLE_PHASE","V0.1","MEDIAN_PRICE","176.97206623862348","True","OBSERVABLE","2026-09-11T18:50:12.576Z"
"20260911T161623Z-1","B","IWM","77","120","EHLERS_DOMINANT_CYCLE_PHASE","V0.1","MEDIAN_PRICE","180.6886402113966","True","OBSERVABLE","2026-09-11T18:50:12.576Z"
"20260911T161623Z-1","B","IWM","78","120","EHLERS_DOMINANT_CYCLE_PHASE","V0.1","MEDIAN_PRICE","185.48749589898978","True","OBSERVABLE","2026-09-11T18:50:12.576Z"
"20260911T161623Z-1","B","IWM","79","120","EHLERS_DOMINANT_CYCLE_PHASE","V0.1","MEDIAN_PRICE","189.06365259597698","True","OBSERVABLE","2026-09-11T18:50:12.576Z"
"20260911T161623Z-1","B","IWM","80","120","EHLERS_DOMINANT_CYCLE_PHASE","V0.1","MEDIAN_PRICE","192.14353494246075","True","OBSERVABLE","2026-09-11T18:50:12.576Z"
"20260911T161623Z-1","B","IWM","81","120","EHLERS_DOMINANT_CYCLE_PHASE","V0.1","MEDIAN_PRICE","195.52818044552257","True","OBSERVABLE","2026-09-11T18:50:12.576Z"
"20260911T161623Z-1","B","IWM","82","120","EHLERS_DOMINANT_CYCLE_PHASE","V0.1","MEDIAN_PRICE","202.20880933617073","True","OBSERVABLE","2026-09-11T18:50:12.576Z"
"20260911T161623Z-1","B","IWM","83","120","EHLERS_DOMINANT_CYCLE_PHASE","V0.1","MEDIAN_PRICE","211.37361789685906","True","OBSERVABLE","2026-09-11T18:50:12.576Z"
"20260911T161623Z-1","B","IWM","84","120","EHLERS_DOMINANT_CYCLE_PHASE","V0.1","MEDIAN_PRICE","222.42615501588838","True","OBSERVABLE","2026-09-11T18:50:12.576Z"
"20260911T161623Z-1","B","IWM","85","120","EHLERS_DOMINANT_CYCLE_PHASE","V0.1","MEDIAN_PRICE","234.9706719478399","True","OBSERVABLE","2026-09-11T18:50:12.576Z"
"20260911T161623Z-1","B","IWM","86","120","EHLERS_DOMINANT_CYCLE_PHASE","V0.1","MEDIAN_PRICE","247.5557265766977","True","OBSERVABLE","2026-09-11T18:50:12.576Z"
"20260911T161623Z-1","B","IWM","87","120","EHLERS_DOMINANT_CYCLE_PHASE","V0.1","MEDIAN_PRICE","260.4989785531914","True","OBSERVABLE","2026-09-11T18:50:12.576Z"
"20260911T161623Z-1","B","IWM","88","120","EHLERS_DOMINANT_CYCLE_PHASE","V0.1","MEDIAN_PRICE","272.7316694848248","True","OBSERVABLE","2026-09-11T18:50:12.576Z"
"20260911T161623Z-1","B","IWM","89","120","EHLERS_DOMINANT_CYCLE_PHASE","V0.1","MEDIAN_PRICE","284.10272003710725","True","OBSERVABLE","2026-09-11T18:50:12.576Z"
"20260911T161623Z-1","B","IWM","90","120","EHLERS_DOMINANT_CYCLE_PHASE","V0.1","MEDIAN_PRICE","294.9126717336096","True","OBSERVABLE","2026-09-11T18:50:12.576Z"
"20260911T161623Z-1","B","IWM","91","120","EHLERS_DOMINANT_CYCLE_PHASE","V0.1","MEDIAN_PRICE","305.3518110177904","True","OBSERVABLE","2026-09-11T18:50:12.576Z"
"20260911T161623Z-1","B","IWM","92","120","EHLERS_DOMINANT_CYCLE_PHASE","V0.1","MEDIAN_PRICE","315.22003518346435","True","OBSERVABLE","2026-09-11T18:50:12.576Z"
"20260911T161623Z-1","B","IWM","93","120","EHLERS_DOMINANT_CYCLE_PHASE","V0.1","MEDIAN_PRICE","324.86634963095923","True","OBSERVABLE","2026-09-11T18:50:12.576Z"
"20260911T161623Z-1","B","IWM","94","120","EHLERS_DOMINANT_CYCLE_PHASE","V0.1","MEDIAN_PRICE","334.44477992556114","True","OBSERVABLE","2026-09-11T18:50:12.576Z"
"20260911T161623Z-1","B","IWM","95","120","EHLERS_DOMINANT_CYCLE_PHASE","V0.1","MEDIAN_PRICE","342.96774562204513","True","OBSERVABLE","2026-09-11T18:50:12.576Z"
"20260911T161623Z-1","B","IWM","96","120","EHLERS_DOMINANT_CYCLE_PHASE","V0.1","MEDIAN_PRICE","350.4275547400038","True","OBSERVABLE","2026-09-11T18:50:12.576Z"
"20260911T161623Z-1","B","IWM","97","120","EHLERS_DOMINANT_CYCLE_PHASE","V0.1","MEDIAN_PRICE","357.9848131412598","True","OBSERVABLE","2026-09-11T18:50:12.576Z"
"20260911T161623Z-1","B","IWM","98","120","EHLERS_DOMINANT_CYCLE_PHASE","V0.1","MEDIAN_PRICE","4.598458788713856","True","OBSERVABLE","2026-09-11T18:50:12.576Z"
"20260911T161623Z-1","B","IWM","99","120","EHLERS_DOMINANT_CYCLE_PHASE","V0.1","MEDIAN_PRICE","10.718776483536374","True","OBSERVABLE","2026-09-11T18:50:12.576Z"
"20260911T161623Z-1","B","IWM","100","120","EHLERS_DOMINANT_CYCLE_PHASE","V0.1","MEDIAN_PRICE","16.57524419136506","True","OBSERVABLE","2026-09-11T18:50:12.576Z"
"20260911T161623Z-1","B","IWM","101","120","EHLERS_DOMINANT_CYCLE_PHASE","V0.1","MEDIAN_PRICE","22.201138348366896","True","OBSERVABLE","2026-09-11T18:50:12.576Z"
"20260911T161623Z-1","B","IWM","102","120","EHLERS_DOMINANT_CYCLE_PHASE","V0.1","MEDIAN_PRICE","27.636380610042423","True","OBSERVABLE","2026-09-11T18:50:12.576Z"
"20260911T161623Z-1","B","IWM","103","120","EHLERS_DOMINANT_CYCLE_PHASE","V0.1","MEDIAN_PRICE","32.877845677322924","True","OBSERVABLE","2026-09-11T18:50:12.576Z"
"20260911T161623Z-1","B","IWM","104","120","EHLERS_DOMINANT_CYCLE_PHASE","V0.1","MEDIAN_PRICE","40.07591239019541","True","OBSERVABLE","2026-09-11T18:50:12.576Z"
"20260911T161623Z-1","B","IWM","105","120","EHLERS_DOMINANT_CYCLE_PHASE","V0.1","MEDIAN_PRICE","43.065570504141405","True","OBSERVABLE","2026-09-11T18:50:12.576Z"
"20260911T161623Z-1","B","IWM","106","120","EHLERS_DOMINANT_CYCLE_PHASE","V0.1","MEDIAN_PRICE","45.68271130000847","True","OBSERVABLE","2026-09-11T18:50:12.576Z"
"20260911T161623Z-1","B","IWM","107","120","EHLERS_DOMINANT_CYCLE_PHASE","V0.1","MEDIAN_PRICE","51.367351206701805","True","OBSERVABLE","2026-09-11T18:50:12.576Z"
"20260911T161623Z-1","B","IWM","108","120","EHLERS_DOMINANT_CYCLE_PHASE","V0.1","MEDIAN_PRICE","52.8483432503389","True","OBSERVABLE","2026-09-11T18:50:12.576Z"
"20260911T161623Z-1","B","IWM","109","120","EHLERS_DOMINANT_CYCLE_PHASE","V0.1","MEDIAN_PRICE","49.98839679387525","True","OBSERVABLE","2026-09-11T18:50:12.576Z"
"20260911T161623Z-1","B","IWM","110","120","EHLERS_DOMINANT_CYCLE_PHASE","V0.1","MEDIAN_PRICE","52.40341298817283","True","OBSERVABLE","2026-09-11T18:50:12.576Z"
"20260911T161623Z-1","B","IWM","111","120","EHLERS_DOMINANT_CYCLE_PHASE","V0.1","MEDIAN_PRICE","54.86963859334829","True","OBSERVABLE","2026-09-11T18:50:12.576Z"
"20260911T161623Z-1","B","IWM","112","120","EHLERS_DOMINANT_CYCLE_PHASE","V0.1","MEDIAN_PRICE","65.03545954048346","True","OBSERVABLE","2026-09-11T18:50:12.576Z"
"20260911T161623Z-1","B","IWM","113","120","EHLERS_DOMINANT_CYCLE_PHASE","V0.1","MEDIAN_PRICE","81.9728767305891","True","OBSERVABLE","2026-09-11T18:50:12.576Z"
"20260911T161623Z-1","B","IWM","114","120","EHLERS_DOMINANT_CYCLE_PHASE","V0.1","MEDIAN_PRICE","97.84537614385414","True","OBSERVABLE","2026-09-11T18:50:12.576Z"
"20260911T161623Z-1","B","IWM","115","120","EHLERS_DOMINANT_CYCLE_PHASE","V0.1","MEDIAN_PRICE","111.68402501853045","True","OBSERVABLE","2026-09-11T18:50:12.576Z"
"20260911T161623Z-1","B","IWM","116","120","EHLERS_DOMINANT_CYCLE_PHASE","V0.1","MEDIAN_PRICE","124.28685386830462","True","OBSERVABLE","2026-09-11T18:50:12.576Z"
"20260911T161623Z-1","B","IWM","117","120","EHLERS_DOMINANT_CYCLE_PHASE","V0.1","MEDIAN_PRICE","140.80742044316906","True","OBSERVABLE","2026-09-11T18:50:12.576Z"
"20260911T161623Z-1","B","IWM","118","120","EHLERS_DOMINANT_CYCLE_PHASE","V0.1","MEDIAN_PRICE","167.11090512798876","True","OBSERVABLE","2026-09-11T18:50:12.576Z"
"20260911T161623Z-1","B","IWM","119","120","EHLERS_DOMINANT_CYCLE_PHASE","V0.1","MEDIAN_PRICE","193.56001539238662","True","OBSERVABLE","2026-09-11T18:50:12.576Z"
"20260911T161623Z-1","B","QQQ","1","120","EHLERS_DOMINANT_CYCLE_PHASE","V0.1","MEDIAN_PRICE",,"False","INITIALIZING","2026-09-11T18:50:12.625Z"
"20260911T161623Z-1","B","QQQ","2","120","EHLERS_DOMINANT_CYCLE_PHASE","V0.1","MEDIAN_PRICE",,"False","INITIALIZING","2026-09-11T18:50:12.625Z"
"20260911T161623Z-1","B","QQQ","3","120","EHLERS_DOMINANT_CYCLE_PHASE","V0.1","MEDIAN_PRICE",,"False","INITIALIZING","2026-09-11T18:50:12.625Z"
"20260911T161623Z-1","B","QQQ","4","120","EHLERS_DOMINANT_CYCLE_PHASE","V0.1","MEDIAN_PRICE",,"False","INITIALIZING","2026-09-11T18:50:12.625Z"
"20260911T161623Z-1","B","QQQ","5","120","EHLERS_DOMINANT_CYCLE_PHASE","V0.1","MEDIAN_PRICE",,"False","INITIALIZING","2026-09-11T18:50:12.625Z"
"20260911T161623Z-1","B","QQQ","6","120","EHLERS_DOMINANT_CYCLE_PHASE","V0.1","MEDIAN_PRICE",,"False","INITIALIZING","2026-09-11T18:50:12.625Z"
"20260911T161623Z-1","B","QQQ","7","120","EHLERS_DOMINANT_CYCLE_PHASE","V0.1","MEDIAN_PRICE",,"False","INITIALIZING","2026-09-11T18:50:12.625Z"
"20260911T161623Z-1","B","QQQ","8","120","EHLERS_DOMINANT_CYCLE_PHASE","V0.1","MEDIAN_PRICE",,"False","INITIALIZING","2026-09-11T18:50:12.625Z"
"20260911T161623Z-1","B","QQQ","9","120","EHLERS_DOMINANT_CYCLE_PHASE","V0.1","MEDIAN_PRICE",,"False","INITIALIZING","2026-09-11T18:50:12.625Z"
"20260911T161623Z-1","B","QQQ","10","120","EHLERS_DOMINANT_CYCLE_PHASE","V0.1","MEDIAN_PRICE",,"False","INITIALIZING","2026-09-11T18:50:12.625Z"
"20260911T161623Z-1","B","QQQ","11","120","EHLERS_DOMINANT_CYCLE_PHASE","V0.1","MEDIAN_PRICE",,"False","INITIALIZING","2026-09-11T18:50:12.625Z"
"20260911T161623Z-1","B","QQQ","12","120","EHLERS_DOMINANT_CYCLE_PHASE","V0.1","MEDIAN_PRICE",,"False","INITIALIZING","2026-09-11T18:50:12.625Z"
"20260911T161623Z-1","B","QQQ","13","120","EHLERS_DOMINANT_CYCLE_PHASE","V0.1","MEDIAN_PRICE",,"False","INITIALIZING","2026-09-11T18:50:12.625Z"
"20260911T161623Z-1","B","QQQ","14","120","EHLERS_DOMINANT_CYCLE_PHASE","V0.1","MEDIAN_PRICE",,"False","INITIALIZING","2026-09-11T18:50:12.625Z"
"20260911T161623Z-1","B","QQQ","15","120","EHLERS_DOMINANT_CYCLE_PHASE","V0.1","MEDIAN_PRICE",,"False","INITIALIZING","2026-09-11T18:50:12.625Z"
"20260911T161623Z-1","B","QQQ","16","120","EHLERS_DOMINANT_CYCLE_PHASE","V0.1","MEDIAN_PRICE",,"False","INITIALIZING","2026-09-11T18:50:12.625Z"
"20260911T161623Z-1","B","QQQ","17","120","EHLERS_DOMINANT_CYCLE_PHASE","V0.1","MEDIAN_PRICE",,"False","INITIALIZING","2026-09-11T18:50:12.625Z"
"20260911T161623Z-1","B","QQQ","18","120","EHLERS_DOMINANT_CYCLE_PHASE","V0.1","MEDIAN_PRICE",,"False","INITIALIZING","2026-09-11T18:50:12.625Z"
"20260911T161623Z-1","B","QQQ","19","120","EHLERS_DOMINANT_CYCLE_PHASE","V0.1","MEDIAN_PRICE",,"False","INITIALIZING","2026-09-11T18:50:12.625Z"
"20260911T161623Z-1","B","QQQ","20","120","EHLERS_DOMINANT_CYCLE_PHASE","V0.1","MEDIAN_PRICE",,"False","INITIALIZING","2026-09-11T18:50:12.625Z"
"20260911T161623Z-1","B","QQQ","21","120","EHLERS_DOMINANT_CYCLE_PHASE","V0.1","MEDIAN_PRICE",,"False","INITIALIZING","2026-09-11T18:50:12.625Z"
"20260911T161623Z-1","B","QQQ","22","120","EHLERS_DOMINANT_CYCLE_PHASE","V0.1","MEDIAN_PRICE",,"False","INITIALIZING","2026-09-11T18:50:12.625Z"
"20260911T161623Z-1","B","QQQ","23","120","EHLERS_DOMINANT_CYCLE_PHASE","V0.1","MEDIAN_PRICE",,"False","INITIALIZING","2026-09-11T18:50:12.625Z"
"20260911T161623Z-1","B","QQQ","24","120","EHLERS_DOMINANT_CYCLE_PHASE","V0.1","MEDIAN_PRICE",,"False","INITIALIZING","2026-09-11T18:50:12.625Z"
"20260911T161623Z-1","B","QQQ","25","120","EHLERS_DOMINANT_CYCLE_PHASE","V0.1","MEDIAN_PRICE",,"False","INITIALIZING","2026-09-11T18:50:12.625Z"
"20260911T161623Z-1","B","QQQ","26","120","EHLERS_DOMINANT_CYCLE_PHASE","V0.1","MEDIAN_PRICE",,"False","INITIALIZING","2026-09-11T18:50:12.625Z"
"20260911T161623Z-1","B","QQQ","27","120","EHLERS_DOMINANT_CYCLE_PHASE","V0.1","MEDIAN_PRICE",,"False","INITIALIZING","2026-09-11T18:50:12.625Z"
"20260911T161623Z-1","B","QQQ","28","120","EHLERS_DOMINANT_CYCLE_PHASE","V0.1","MEDIAN_PRICE",,"False","INITIALIZING","2026-09-11T18:50:12.625Z"
"20260911T161623Z-1","B","QQQ","29","120","EHLERS_DOMINANT_CYCLE_PHASE","V0.1","MEDIAN_PRICE",,"False","INITIALIZING","2026-09-11T18:50:12.625Z"
"20260911T161623Z-1","B","QQQ","30","120","EHLERS_DOMINANT_CYCLE_PHASE","V0.1","MEDIAN_PRICE",,"False","INITIALIZING","2026-09-11T18:50:12.625Z"
"20260911T161623Z-1","B","QQQ","31","120","EHLERS_DOMINANT_CYCLE_PHASE","V0.1","MEDIAN_PRICE",,"False","INITIALIZING","2026-09-11T18:50:12.625Z"
"20260911T161623Z-1","B","QQQ","32","120","EHLERS_DOMINANT_CYCLE_PHASE","V0.1","MEDIAN_PRICE",,"False","INITIALIZING","2026-09-11T18:50:12.625Z"
"20260911T161623Z-1","B","QQQ","33","120","EHLERS_DOMINANT_CYCLE_PHASE","V0.1","MEDIAN_PRICE",,"False","INITIALIZING","2026-09-11T18:50:12.625Z"
"20260911T161623Z-1","B","QQQ","34","120","EHLERS_DOMINANT_CYCLE_PHASE","V0.1","MEDIAN_PRICE",,"False","INITIALIZING","2026-09-11T18:50:12.625Z"
"20260911T161623Z-1","B","QQQ","35","120","EHLERS_DOMINANT_CYCLE_PHASE","V0.1","MEDIAN_PRICE",,"False","INITIALIZING","2026-09-11T18:50:12.625Z"
"20260911T161623Z-1","B","QQQ","36","120","EHLERS_DOMINANT_CYCLE_PHASE","V0.1","MEDIAN_PRICE",,"False","INITIALIZING","2026-09-11T18:50:12.625Z"
"20260911T161623Z-1","B","QQQ","37","120","EHLERS_DOMINANT_CYCLE_PHASE","V0.1","MEDIAN_PRICE",,"False","INITIALIZING","2026-09-11T18:50:12.625Z"
"20260911T161623Z-1","B","QQQ","38","120","EHLERS_DOMINANT_CYCLE_PHASE","V0.1","MEDIAN_PRICE",,"False","INITIALIZING","2026-09-11T18:50:12.625Z"
"20260911T161623Z-1","B","QQQ","39","120","EHLERS_DOMINANT_CYCLE_PHASE","V0.1","MEDIAN_PRICE",,"False","INITIALIZING","2026-09-11T18:50:12.625Z"
"20260911T161623Z-1","B","QQQ","40","120","EHLERS_DOMINANT_CYCLE_PHASE","V0.1","MEDIAN_PRICE",,"False","INITIALIZING","2026-09-11T18:50:12.625Z"
"20260911T161623Z-1","B","QQQ","41","120","EHLERS_DOMINANT_CYCLE_PHASE","V0.1","MEDIAN_PRICE",,"False","INITIALIZING","2026-09-11T18:50:12.625Z"
"20260911T161623Z-1","B","QQQ","42","120","EHLERS_DOMINANT_CYCLE_PHASE","V0.1","MEDIAN_PRICE",,"False","INITIALIZING","2026-09-11T18:50:12.625Z"
"20260911T161623Z-1","B","QQQ","43","120","EHLERS_DOMINANT_CYCLE_PHASE","V0.1","MEDIAN_PRICE",,"False","INITIALIZING","2026-09-11T18:50:12.625Z"
"20260911T161623Z-1","B","QQQ","44","120","EHLERS_DOMINANT_CYCLE_PHASE","V0.1","MEDIAN_PRICE",,"False","INITIALIZING","2026-09-11T18:50:12.625Z"
"20260911T161623Z-1","B","QQQ","45","120","EHLERS_DOMINANT_CYCLE_PHASE","V0.1","MEDIAN_PRICE",,"False","INITIALIZING","2026-09-11T18:50:12.625Z"
"20260911T161623Z-1","B","QQQ","46","120","EHLERS_DOMINANT_CYCLE_PHASE","V0.1","MEDIAN_PRICE",,"False","INITIALIZING","2026-09-11T18:50:12.625Z"
"20260911T161623Z-1","B","QQQ","47","120","EHLERS_DOMINANT_CYCLE_PHASE","V0.1","MEDIAN_PRICE",,"False","INITIALIZING","2026-09-11T18:50:12.625Z"
"20260911T161623Z-1","B","QQQ","48","120","EHLERS_DOMINANT_CYCLE_PHASE","V0.1","MEDIAN_PRICE",,"False","INITIALIZING","2026-09-11T18:50:12.625Z"
"20260911T161623Z-1","B","QQQ","49","120","EHLERS_DOMINANT_CYCLE_PHASE","V0.1","MEDIAN_PRICE",,"False","INITIALIZING","2026-09-11T18:50:12.625Z"
"20260911T161623Z-1","B","QQQ","50","120","EHLERS_DOMINANT_CYCLE_PHASE","V0.1","MEDIAN_PRICE",,"False","INITIALIZING","2026-09-11T18:50:12.625Z"
"20260911T161623Z-1","B","QQQ","51","120","EHLERS_DOMINANT_CYCLE_PHASE","V0.1","MEDIAN_PRICE",,"False","INITIALIZING","2026-09-11T18:50:12.625Z"
"20260911T161623Z-1","B","QQQ","52","120","EHLERS_DOMINANT_CYCLE_PHASE","V0.1","MEDIAN_PRICE",,"False","INITIALIZING","2026-09-11T18:50:12.625Z"
"20260911T161623Z-1","B","QQQ","53","120","EHLERS_DOMINANT_CYCLE_PHASE","V0.1","MEDIAN_PRICE",,"False","INITIALIZING","2026-09-11T18:50:12.625Z"
"20260911T161623Z-1","B","QQQ","54","120","EHLERS_DOMINANT_CYCLE_PHASE","V0.1","MEDIAN_PRICE",,"False","INITIALIZING","2026-09-11T18:50:12.625Z"
"20260911T161623Z-1","B","QQQ","55","120","EHLERS_DOMINANT_CYCLE_PHASE","V0.1","MEDIAN_PRICE",,"False","INITIALIZING","2026-09-11T18:50:12.625Z"
"20260911T161623Z-1","B","QQQ","56","120","EHLERS_DOMINANT_CYCLE_PHASE","V0.1","MEDIAN_PRICE",,"False","INITIALIZING","2026-09-11T18:50:12.625Z"
"20260911T161623Z-1","B","QQQ","57","120","EHLERS_DOMINANT_CYCLE_PHASE","V0.1","MEDIAN_PRICE",,"False","INITIALIZING","2026-09-11T18:50:12.625Z"
"20260911T161623Z-1","B","QQQ","58","120","EHLERS_DOMINANT_CYCLE_PHASE","V0.1","MEDIAN_PRICE",,"False","INITIALIZING","2026-09-11T18:50:12.625Z"
"20260911T161623Z-1","B","QQQ","59","120","EHLERS_DOMINANT_CYCLE_PHASE","V0.1","MEDIAN_PRICE",,"False","INITIALIZING","2026-09-11T18:50:12.625Z"
"20260911T161623Z-1","B","QQQ","60","120","EHLERS_DOMINANT_CYCLE_PHASE","V0.1","MEDIAN_PRICE",,"False","INITIALIZING","2026-09-11T18:50:12.625Z"
"20260911T161623Z-1","B","QQQ","61","120","EHLERS_DOMINANT_CYCLE_PHASE","V0.1","MEDIAN_PRICE",,"False","INITIALIZING","2026-09-11T18:50:12.625Z"
"20260911T161623Z-1","B","QQQ","62","120","EHLERS_DOMINANT_CYCLE_PHASE","V0.1","MEDIAN_PRICE",,"False","INITIALIZING","2026-09-11T18:50:12.625Z"
"20260911T161623Z-1","B","QQQ","63","120","EHLERS_DOMINANT_CYCLE_PHASE","V0.1","MEDIAN_PRICE",,"False","INITIALIZING","2026-09-11T18:50:12.625Z"
"20260911T161623Z-1","B","QQQ","64","120","EHLERS_DOMINANT_CYCLE_PHASE","V0.1","MEDIAN_PRICE","206.36423646612104","True","OBSERVABLE","2026-09-11T18:50:12.625Z"
"20260911T161623Z-1","B","QQQ","65","120","EHLERS_DOMINANT_CYCLE_PHASE","V0.1","MEDIAN_PRICE","200.11305730110917","True","OBSERVABLE","2026-09-11T18:50:12.625Z"
"20260911T161623Z-1","B","QQQ","66","120","EHLERS_DOMINANT_CYCLE_PHASE","V0.1","MEDIAN_PRICE","193.6088055024371","True","OBSERVABLE","2026-09-11T18:50:12.625Z"
"20260911T161623Z-1","B","QQQ","67","120","EHLERS_DOMINANT_CYCLE_PHASE","V0.1","MEDIAN_PRICE","183.59827686126948","True","OBSERVABLE","2026-09-11T18:50:12.625Z"
"20260911T161623Z-1","B","QQQ","68","120","EHLERS_DOMINANT_CYCLE_PHASE","V0.1","MEDIAN_PRICE","177.46958133187488","True","OBSERVABLE","2026-09-11T18:50:12.625Z"
"20260911T161623Z-1","B","QQQ","69","120","EHLERS_DOMINANT_CYCLE_PHASE","V0.1","MEDIAN_PRICE","173.3917491972727","True","OBSERVABLE","2026-09-11T18:50:12.625Z"
"20260911T161623Z-1","B","QQQ","70","120","EHLERS_DOMINANT_CYCLE_PHASE","V0.1","MEDIAN_PRICE","167.53830081597852","True","OBSERVABLE","2026-09-11T18:50:12.625Z"
"20260911T161623Z-1","B","QQQ","71","120","EHLERS_DOMINANT_CYCLE_PHASE","V0.1","MEDIAN_PRICE","165.25738458480032","True","OBSERVABLE","2026-09-11T18:50:12.625Z"
"20260911T161623Z-1","B","QQQ","72","120","EHLERS_DOMINANT_CYCLE_PHASE","V0.1","MEDIAN_PRICE","168.02107287038174","True","OBSERVABLE","2026-09-11T18:50:12.625Z"
"20260911T161623Z-1","B","QQQ","73","120","EHLERS_DOMINANT_CYCLE_PHASE","V0.1","MEDIAN_PRICE","169.36986435188072","True","OBSERVABLE","2026-09-11T18:50:12.625Z"
"20260911T161623Z-1","B","QQQ","74","120","EHLERS_DOMINANT_CYCLE_PHASE","V0.1","MEDIAN_PRICE","172.2128974078841","True","OBSERVABLE","2026-09-11T18:50:12.625Z"
"20260911T161623Z-1","B","QQQ","75","120","EHLERS_DOMINANT_CYCLE_PHASE","V0.1","MEDIAN_PRICE","175.08248720173225","True","OBSERVABLE","2026-09-11T18:50:12.625Z"
"20260911T161623Z-1","B","QQQ","76","120","EHLERS_DOMINANT_CYCLE_PHASE","V0.1","MEDIAN_PRICE","178.52853756663325","True","OBSERVABLE","2026-09-11T18:50:12.625Z"
"20260911T161623Z-1","B","QQQ","77","120","EHLERS_DOMINANT_CYCLE_PHASE","V0.1","MEDIAN_PRICE","182.54477622676956","True","OBSERVABLE","2026-09-11T18:50:12.625Z"
"20260911T161623Z-1","B","QQQ","78","120","EHLERS_DOMINANT_CYCLE_PHASE","V0.1","MEDIAN_PRICE","187.608583286455","True","OBSERVABLE","2026-09-11T18:50:12.625Z"
"20260911T161623Z-1","B","QQQ","79","120","EHLERS_DOMINANT_CYCLE_PHASE","V0.1","MEDIAN_PRICE","193.118990310181","True","OBSERVABLE","2026-09-11T18:50:12.625Z"
"20260911T161623Z-1","B","QQQ","80","120","EHLERS_DOMINANT_CYCLE_PHASE","V0.1","MEDIAN_PRICE","198.34956337567473","True","OBSERVABLE","2026-09-11T18:50:12.625Z"
"20260911T161623Z-1","B","QQQ","81","120","EHLERS_DOMINANT_CYCLE_PHASE","V0.1","MEDIAN_PRICE","204.29867066035595","True","OBSERVABLE","2026-09-11T18:50:12.625Z"
"20260911T161623Z-1","B","QQQ","82","120","EHLERS_DOMINANT_CYCLE_PHASE","V0.1","MEDIAN_PRICE","211.69638389468815","True","OBSERVABLE","2026-09-11T18:50:12.625Z"
"20260911T161623Z-1","B","QQQ","83","120","EHLERS_DOMINANT_CYCLE_PHASE","V0.1","MEDIAN_PRICE","219.58873296267575","True","OBSERVABLE","2026-09-11T18:50:12.625Z"
"20260911T161623Z-1","B","QQQ","84","120","EHLERS_DOMINANT_CYCLE_PHASE","V0.1","MEDIAN_PRICE","228.1031206755578","True","OBSERVABLE","2026-09-11T18:50:12.625Z"
"20260911T161623Z-1","B","QQQ","85","120","EHLERS_DOMINANT_CYCLE_PHASE","V0.1","MEDIAN_PRICE","237.6874218985373","True","OBSERVABLE","2026-09-11T18:50:12.625Z"
"20260911T161623Z-1","B","QQQ","86","120","EHLERS_DOMINANT_CYCLE_PHASE","V0.1","MEDIAN_PRICE","246.5471415973037","True","OBSERVABLE","2026-09-11T18:50:12.625Z"
"20260911T161623Z-1","B","QQQ","87","120","EHLERS_DOMINANT_CYCLE_PHASE","V0.1","MEDIAN_PRICE","255.92808515048284","True","OBSERVABLE","2026-09-11T18:50:12.625Z"
"20260911T161623Z-1","B","QQQ","88","120","EHLERS_DOMINANT_CYCLE_PHASE","V0.1","MEDIAN_PRICE","265.58857411759914","True","OBSERVABLE","2026-09-11T18:50:12.625Z"
"20260911T161623Z-1","B","QQQ","89","120","EHLERS_DOMINANT_CYCLE_PHASE","V0.1","MEDIAN_PRICE","276.2990845507769","True","OBSERVABLE","2026-09-11T18:50:12.625Z"
"20260911T161623Z-1","B","QQQ","90","120","EHLERS_DOMINANT_CYCLE_PHASE","V0.1","MEDIAN_PRICE","289.35414171570886","True","OBSERVABLE","2026-09-11T18:50:12.625Z"
"20260911T161623Z-1","B","QQQ","91","120","EHLERS_DOMINANT_CYCLE_PHASE","V0.1","MEDIAN_PRICE","304.6612889775771","True","OBSERVABLE","2026-09-11T18:50:12.625Z"
"20260911T161623Z-1","B","QQQ","92","120","EHLERS_DOMINANT_CYCLE_PHASE","V0.1","MEDIAN_PRICE","320.6563248695143","True","OBSERVABLE","2026-09-11T18:50:12.625Z"
"20260911T161623Z-1","B","QQQ","93","120","EHLERS_DOMINANT_CYCLE_PHASE","V0.1","MEDIAN_PRICE","337.8713217600747","True","OBSERVABLE","2026-09-11T18:50:12.625Z"
"20260911T161623Z-1","B","QQQ","94","120","EHLERS_DOMINANT_CYCLE_PHASE","V0.1","MEDIAN_PRICE","354.29792470327936","True","OBSERVABLE","2026-09-11T18:50:12.625Z"
"20260911T161623Z-1","B","QQQ","95","120","EHLERS_DOMINANT_CYCLE_PHASE","V0.1","MEDIAN_PRICE","10.331881570137057","True","OBSERVABLE","2026-09-11T18:50:12.625Z"
"20260911T161623Z-1","B","QQQ","96","120","EHLERS_DOMINANT_CYCLE_PHASE","V0.1","MEDIAN_PRICE","25.559945045277942","True","OBSERVABLE","2026-09-11T18:50:12.625Z"
"20260911T161623Z-1","B","QQQ","97","120","EHLERS_DOMINANT_CYCLE_PHASE","V0.1","MEDIAN_PRICE","36.191423093983715","True","OBSERVABLE","2026-09-11T18:50:12.625Z"
"20260911T161623Z-1","B","QQQ","98","120","EHLERS_DOMINANT_CYCLE_PHASE","V0.1","MEDIAN_PRICE","42.7976796250761","True","OBSERVABLE","2026-09-11T18:50:12.625Z"
"20260911T161623Z-1","B","QQQ","99","120","EHLERS_DOMINANT_CYCLE_PHASE","V0.1","MEDIAN_PRICE","42.56259050147796","True","OBSERVABLE","2026-09-11T18:50:12.625Z"
"20260911T161623Z-1","B","QQQ","100","120","EHLERS_DOMINANT_CYCLE_PHASE","V0.1","MEDIAN_PRICE","33.5376713350053","True","OBSERVABLE","2026-09-11T18:50:12.625Z"
"20260911T161623Z-1","B","QQQ","101","120","EHLERS_DOMINANT_CYCLE_PHASE","V0.1","MEDIAN_PRICE","15.117245713915622","True","OBSERVABLE","2026-09-11T18:50:12.625Z"
"20260911T161623Z-1","B","QQQ","102","120","EHLERS_DOMINANT_CYCLE_PHASE","V0.1","MEDIAN_PRICE","356.016045428586","True","OBSERVABLE","2026-09-11T18:50:12.625Z"
"20260911T161623Z-1","B","QQQ","103","120","EHLERS_DOMINANT_CYCLE_PHASE","V0.1","MEDIAN_PRICE","351.32548697616244","True","OBSERVABLE","2026-09-11T18:50:12.625Z"
"20260911T161623Z-1","B","QQQ","104","120","EHLERS_DOMINANT_CYCLE_PHASE","V0.1","MEDIAN_PRICE","347.1821239592913","True","OBSERVABLE","2026-09-11T18:50:12.625Z"
"20260911T161623Z-1","B","QQQ","105","120","EHLERS_DOMINANT_CYCLE_PHASE","V0.1","MEDIAN_PRICE","345.37798686863295","True","OBSERVABLE","2026-09-11T18:50:12.625Z"
"20260911T161623Z-1","B","QQQ","106","120","EHLERS_DOMINANT_CYCLE_PHASE","V0.1","MEDIAN_PRICE","342.35111270145717","True","OBSERVABLE","2026-09-11T18:50:12.625Z"
"20260911T161623Z-1","B","QQQ","107","120","EHLERS_DOMINANT_CYCLE_PHASE","V0.1","MEDIAN_PRICE","333.9933023992548","True","OBSERVABLE","2026-09-11T18:50:12.625Z"
"20260911T161623Z-1","B","QQQ","108","120","EHLERS_DOMINANT_CYCLE_PHASE","V0.1","MEDIAN_PRICE","334.6038355351307","True","OBSERVABLE","2026-09-11T18:50:12.625Z"
"20260911T161623Z-1","B","QQQ","109","120","EHLERS_DOMINANT_CYCLE_PHASE","V0.1","MEDIAN_PRICE","336.8832642237627","True","OBSERVABLE","2026-09-11T18:50:12.625Z"
"20260911T161623Z-1","B","QQQ","110","120","EHLERS_DOMINANT_CYCLE_PHASE","V0.1","MEDIAN_PRICE","341.7905621740082","True","OBSERVABLE","2026-09-11T18:50:12.625Z"
"20260911T161623Z-1","B","QQQ","111","120","EHLERS_DOMINANT_CYCLE_PHASE","V0.1","MEDIAN_PRICE","345.6677002850645","True","OBSERVABLE","2026-09-11T18:50:12.625Z"
"20260911T161623Z-1","B","QQQ","112","120","EHLERS_DOMINANT_CYCLE_PHASE","V0.1","MEDIAN_PRICE","350.24718875914266","True","OBSERVABLE","2026-09-11T18:50:12.625Z"
"20260911T161623Z-1","B","QQQ","113","120","EHLERS_DOMINANT_CYCLE_PHASE","V0.1","MEDIAN_PRICE","351.72187671245644","True","OBSERVABLE","2026-09-11T18:50:12.625Z"
"20260911T161623Z-1","B","QQQ","114","120","EHLERS_DOMINANT_CYCLE_PHASE","V0.1","MEDIAN_PRICE","353.63394482289823","True","OBSERVABLE","2026-09-11T18:50:12.625Z"
"20260911T161623Z-1","B","QQQ","115","120","EHLERS_DOMINANT_CYCLE_PHASE","V0.1","MEDIAN_PRICE","357.00699751514946","True","OBSERVABLE","2026-09-11T18:50:12.625Z"
"20260911T161623Z-1","B","QQQ","116","120","EHLERS_DOMINANT_CYCLE_PHASE","V0.1","MEDIAN_PRICE","358.9507369215087","True","OBSERVABLE","2026-09-11T18:50:12.625Z"
"20260911T161623Z-1","B","SPY","1","120","EHLERS_DOMINANT_CYCLE_PHASE","V0.1","MEDIAN_PRICE",,"False","INITIALIZING","2026-09-11T18:50:12.659Z"
"20260911T161623Z-1","B","SPY","2","120","EHLERS_DOMINANT_CYCLE_PHASE","V0.1","MEDIAN_PRICE",,"False","INITIALIZING","2026-09-11T18:50:12.659Z"
"20260911T161623Z-1","B","SPY","3","120","EHLERS_DOMINANT_CYCLE_PHASE","V0.1","MEDIAN_PRICE",,"False","INITIALIZING","2026-09-11T18:50:12.659Z"
"20260911T161623Z-1","B","SPY","4","120","EHLERS_DOMINANT_CYCLE_PHASE","V0.1","MEDIAN_PRICE",,"False","INITIALIZING","2026-09-11T18:50:12.659Z"
"20260911T161623Z-1","B","SPY","5","120","EHLERS_DOMINANT_CYCLE_PHASE","V0.1","MEDIAN_PRICE",,"False","INITIALIZING","2026-09-11T18:50:12.659Z"
"20260911T161623Z-1","B","SPY","6","120","EHLERS_DOMINANT_CYCLE_PHASE","V0.1","MEDIAN_PRICE",,"False","INITIALIZING","2026-09-11T18:50:12.659Z"
"20260911T161623Z-1","B","SPY","7","120","EHLERS_DOMINANT_CYCLE_PHASE","V0.1","MEDIAN_PRICE",,"False","INITIALIZING","2026-09-11T18:50:12.659Z"
"20260911T161623Z-1","B","SPY","8","120","EHLERS_DOMINANT_CYCLE_PHASE","V0.1","MEDIAN_PRICE",,"False","INITIALIZING","2026-09-11T18:50:12.659Z"
"20260911T161623Z-1","B","SPY","9","120","EHLERS_DOMINANT_CYCLE_PHASE","V0.1","MEDIAN_PRICE",,"False","INITIALIZING","2026-09-11T18:50:12.659Z"
"20260911T161623Z-1","B","SPY","10","120","EHLERS_DOMINANT_CYCLE_PHASE","V0.1","MEDIAN_PRICE",,"False","INITIALIZING","2026-09-11T18:50:12.659Z"
"20260911T161623Z-1","B","SPY","11","120","EHLERS_DOMINANT_CYCLE_PHASE","V0.1","MEDIAN_PRICE",,"False","INITIALIZING","2026-09-11T18:50:12.659Z"
"20260911T161623Z-1","B","SPY","12","120","EHLERS_DOMINANT_CYCLE_PHASE","V0.1","MEDIAN_PRICE",,"False","INITIALIZING","2026-09-11T18:50:12.659Z"
"20260911T161623Z-1","B","SPY","13","120","EHLERS_DOMINANT_CYCLE_PHASE","V0.1","MEDIAN_PRICE",,"False","INITIALIZING","2026-09-11T18:50:12.659Z"
"20260911T161623Z-1","B","SPY","14","120","EHLERS_DOMINANT_CYCLE_PHASE","V0.1","MEDIAN_PRICE",,"False","INITIALIZING","2026-09-11T18:50:12.659Z"
"20260911T161623Z-1","B","SPY","15","120","EHLERS_DOMINANT_CYCLE_PHASE","V0.1","MEDIAN_PRICE",,"False","INITIALIZING","2026-09-11T18:50:12.659Z"
"20260911T161623Z-1","B","SPY","16","120","EHLERS_DOMINANT_CYCLE_PHASE","V0.1","MEDIAN_PRICE",,"False","INITIALIZING","2026-09-11T18:50:12.659Z"
"20260911T161623Z-1","B","SPY","17","120","EHLERS_DOMINANT_CYCLE_PHASE","V0.1","MEDIAN_PRICE",,"False","INITIALIZING","2026-09-11T18:50:12.659Z"
"20260911T161623Z-1","B","SPY","18","120","EHLERS_DOMINANT_CYCLE_PHASE","V0.1","MEDIAN_PRICE",,"False","INITIALIZING","2026-09-11T18:50:12.659Z"
"20260911T161623Z-1","B","SPY","19","120","EHLERS_DOMINANT_CYCLE_PHASE","V0.1","MEDIAN_PRICE",,"False","INITIALIZING","2026-09-11T18:50:12.659Z"
"20260911T161623Z-1","B","SPY","20","120","EHLERS_DOMINANT_CYCLE_PHASE","V0.1","MEDIAN_PRICE",,"False","INITIALIZING","2026-09-11T18:50:12.659Z"
"20260911T161623Z-1","B","SPY","21","120","EHLERS_DOMINANT_CYCLE_PHASE","V0.1","MEDIAN_PRICE",,"False","INITIALIZING","2026-09-11T18:50:12.659Z"
"20260911T161623Z-1","B","SPY","22","120","EHLERS_DOMINANT_CYCLE_PHASE","V0.1","MEDIAN_PRICE",,"False","INITIALIZING","2026-09-11T18:50:12.659Z"
"20260911T161623Z-1","B","SPY","23","120","EHLERS_DOMINANT_CYCLE_PHASE","V0.1","MEDIAN_PRICE",,"False","INITIALIZING","2026-09-11T18:50:12.659Z"
"20260911T161623Z-1","B","SPY","24","120","EHLERS_DOMINANT_CYCLE_PHASE","V0.1","MEDIAN_PRICE",,"False","INITIALIZING","2026-09-11T18:50:12.659Z"
"20260911T161623Z-1","B","SPY","25","120","EHLERS_DOMINANT_CYCLE_PHASE","V0.1","MEDIAN_PRICE",,"False","INITIALIZING","2026-09-11T18:50:12.659Z"
"20260911T161623Z-1","B","SPY","26","120","EHLERS_DOMINANT_CYCLE_PHASE","V0.1","MEDIAN_PRICE",,"False","INITIALIZING","2026-09-11T18:50:12.659Z"
"20260911T161623Z-1","B","SPY","27","120","EHLERS_DOMINANT_CYCLE_PHASE","V0.1","MEDIAN_PRICE",,"False","INITIALIZING","2026-09-11T18:50:12.659Z"
"20260911T161623Z-1","B","SPY","28","120","EHLERS_DOMINANT_CYCLE_PHASE","V0.1","MEDIAN_PRICE",,"False","INITIALIZING","2026-09-11T18:50:12.659Z"
"20260911T161623Z-1","B","SPY","29","120","EHLERS_DOMINANT_CYCLE_PHASE","V0.1","MEDIAN_PRICE",,"False","INITIALIZING","2026-09-11T18:50:12.659Z"
"20260911T161623Z-1","B","SPY","30","120","EHLERS_DOMINANT_CYCLE_PHASE","V0.1","MEDIAN_PRICE",,"False","INITIALIZING","2026-09-11T18:50:12.659Z"
"20260911T161623Z-1","B","SPY","31","120","EHLERS_DOMINANT_CYCLE_PHASE","V0.1","MEDIAN_PRICE",,"False","INITIALIZING","2026-09-11T18:50:12.659Z"
"20260911T161623Z-1","B","SPY","32","120","EHLERS_DOMINANT_CYCLE_PHASE","V0.1","MEDIAN_PRICE",,"False","INITIALIZING","2026-09-11T18:50:12.659Z"
"20260911T161623Z-1","B","SPY","33","120","EHLERS_DOMINANT_CYCLE_PHASE","V0.1","MEDIAN_PRICE",,"False","INITIALIZING","2026-09-11T18:50:12.659Z"
"20260911T161623Z-1","B","SPY","34","120","EHLERS_DOMINANT_CYCLE_PHASE","V0.1","MEDIAN_PRICE",,"False","INITIALIZING","2026-09-11T18:50:12.659Z"
"20260911T161623Z-1","B","SPY","35","120","EHLERS_DOMINANT_CYCLE_PHASE","V0.1","MEDIAN_PRICE",,"False","INITIALIZING","2026-09-11T18:50:12.659Z"
"20260911T161623Z-1","B","SPY","36","120","EHLERS_DOMINANT_CYCLE_PHASE","V0.1","MEDIAN_PRICE",,"False","INITIALIZING","2026-09-11T18:50:12.659Z"
"20260911T161623Z-1","B","SPY","37","120","EHLERS_DOMINANT_CYCLE_PHASE","V0.1","MEDIAN_PRICE",,"False","INITIALIZING","2026-09-11T18:50:12.659Z"
"20260911T161623Z-1","B","SPY","38","120","EHLERS_DOMINANT_CYCLE_PHASE","V0.1","MEDIAN_PRICE",,"False","INITIALIZING","2026-09-11T18:50:12.659Z"
"20260911T161623Z-1","B","SPY","39","120","EHLERS_DOMINANT_CYCLE_PHASE","V0.1","MEDIAN_PRICE",,"False","INITIALIZING","2026-09-11T18:50:12.659Z"
"20260911T161623Z-1","B","SPY","40","120","EHLERS_DOMINANT_CYCLE_PHASE","V0.1","MEDIAN_PRICE",,"False","INITIALIZING","2026-09-11T18:50:12.659Z"
"20260911T161623Z-1","B","SPY","41","120","EHLERS_DOMINANT_CYCLE_PHASE","V0.1","MEDIAN_PRICE",,"False","INITIALIZING","2026-09-11T18:50:12.659Z"
"20260911T161623Z-1","B","SPY","42","120","EHLERS_DOMINANT_CYCLE_PHASE","V0.1","MEDIAN_PRICE",,"False","INITIALIZING","2026-09-11T18:50:12.659Z"
"20260911T161623Z-1","B","SPY","43","120","EHLERS_DOMINANT_CYCLE_PHASE","V0.1","MEDIAN_PRICE",,"False","INITIALIZING","2026-09-11T18:50:12.659Z"
"20260911T161623Z-1","B","SPY","44","120","EHLERS_DOMINANT_CYCLE_PHASE","V0.1","MEDIAN_PRICE",,"False","INITIALIZING","2026-09-11T18:50:12.659Z"
"20260911T161623Z-1","B","SPY","45","120","EHLERS_DOMINANT_CYCLE_PHASE","V0.1","MEDIAN_PRICE",,"False","INITIALIZING","2026-09-11T18:50:12.659Z"
"20260911T161623Z-1","B","SPY","46","120","EHLERS_DOMINANT_CYCLE_PHASE","V0.1","MEDIAN_PRICE",,"False","INITIALIZING","2026-09-11T18:50:12.659Z"
"20260911T161623Z-1","B","SPY","47","120","EHLERS_DOMINANT_CYCLE_PHASE","V0.1","MEDIAN_PRICE",,"False","INITIALIZING","2026-09-11T18:50:12.659Z"
"20260911T161623Z-1","B","SPY","48","120","EHLERS_DOMINANT_CYCLE_PHASE","V0.1","MEDIAN_PRICE",,"False","INITIALIZING","2026-09-11T18:50:12.659Z"
"20260911T161623Z-1","B","SPY","49","120","EHLERS_DOMINANT_CYCLE_PHASE","V0.1","MEDIAN_PRICE",,"False","INITIALIZING","2026-09-11T18:50:12.659Z"
"20260911T161623Z-1","B","SPY","50","120","EHLERS_DOMINANT_CYCLE_PHASE","V0.1","MEDIAN_PRICE",,"False","INITIALIZING","2026-09-11T18:50:12.659Z"
"20260911T161623Z-1","B","SPY","51","120","EHLERS_DOMINANT_CYCLE_PHASE","V0.1","MEDIAN_PRICE",,"False","INITIALIZING","2026-09-11T18:50:12.659Z"
"20260911T161623Z-1","B","SPY","52","120","EHLERS_DOMINANT_CYCLE_PHASE","V0.1","MEDIAN_PRICE",,"False","INITIALIZING","2026-09-11T18:50:12.659Z"
"20260911T161623Z-1","B","SPY","53","120","EHLERS_DOMINANT_CYCLE_PHASE","V0.1","MEDIAN_PRICE",,"False","INITIALIZING","2026-09-11T18:50:12.659Z"
"20260911T161623Z-1","B","SPY","54","120","EHLERS_DOMINANT_CYCLE_PHASE","V0.1","MEDIAN_PRICE",,"False","INITIALIZING","2026-09-11T18:50:12.659Z"
"20260911T161623Z-1","B","SPY","55","120","EHLERS_DOMINANT_CYCLE_PHASE","V0.1","MEDIAN_PRICE",,"False","INITIALIZING","2026-09-11T18:50:12.659Z"
"20260911T161623Z-1","B","SPY","56","120","EHLERS_DOMINANT_CYCLE_PHASE","V0.1","MEDIAN_PRICE",,"False","INITIALIZING","2026-09-11T18:50:12.659Z"
"20260911T161623Z-1","B","SPY","57","120","EHLERS_DOMINANT_CYCLE_PHASE","V0.1","MEDIAN_PRICE",,"False","INITIALIZING","2026-09-11T18:50:12.659Z"
"20260911T161623Z-1","B","SPY","58","120","EHLERS_DOMINANT_CYCLE_PHASE","V0.1","MEDIAN_PRICE",,"False","INITIALIZING","2026-09-11T18:50:12.659Z"
"20260911T161623Z-1","B","SPY","59","120","EHLERS_DOMINANT_CYCLE_PHASE","V0.1","MEDIAN_PRICE",,"False","INITIALIZING","2026-09-11T18:50:12.659Z"
"20260911T161623Z-1","B","SPY","60","120","EHLERS_DOMINANT_CYCLE_PHASE","V0.1","MEDIAN_PRICE",,"False","INITIALIZING","2026-09-11T18:50:12.659Z"
"20260911T161623Z-1","B","SPY","61","120","EHLERS_DOMINANT_CYCLE_PHASE","V0.1","MEDIAN_PRICE",,"False","INITIALIZING","2026-09-11T18:50:12.659Z"
"20260911T161623Z-1","B","SPY","62","120","EHLERS_DOMINANT_CYCLE_PHASE","V0.1","MEDIAN_PRICE",,"False","INITIALIZING","2026-09-11T18:50:12.659Z"
"20260911T161623Z-1","B","SPY","63","120","EHLERS_DOMINANT_CYCLE_PHASE","V0.1","MEDIAN_PRICE",,"False","INITIALIZING","2026-09-11T18:50:12.659Z"
"20260911T161623Z-1","B","SPY","64","120","EHLERS_DOMINANT_CYCLE_PHASE","V0.1","MEDIAN_PRICE","247.8402410216026","True","OBSERVABLE","2026-09-11T18:50:12.659Z"
"20260911T161623Z-1","B","SPY","65","120","EHLERS_DOMINANT_CYCLE_PHASE","V0.1","MEDIAN_PRICE","240.79674455916694","True","OBSERVABLE","2026-09-11T18:50:12.659Z"
"20260911T161623Z-1","B","SPY","66","120","EHLERS_DOMINANT_CYCLE_PHASE","V0.1","MEDIAN_PRICE","226.97743084947837","True","OBSERVABLE","2026-09-11T18:50:12.659Z"
"20260911T161623Z-1","B","SPY","67","120","EHLERS_DOMINANT_CYCLE_PHASE","V0.1","MEDIAN_PRICE","196.6340808490785","True","OBSERVABLE","2026-09-11T18:50:12.659Z"
"20260911T161623Z-1","B","SPY","68","120","EHLERS_DOMINANT_CYCLE_PHASE","V0.1","MEDIAN_PRICE","171.20005451552476","True","OBSERVABLE","2026-09-11T18:50:12.659Z"
"20260911T161623Z-1","B","SPY","69","120","EHLERS_DOMINANT_CYCLE_PHASE","V0.1","MEDIAN_PRICE","158.44503427313546","True","OBSERVABLE","2026-09-11T18:50:12.659Z"
"20260911T161623Z-1","B","SPY","70","120","EHLERS_DOMINANT_CYCLE_PHASE","V0.1","MEDIAN_PRICE","143.53116685599892","True","OBSERVABLE","2026-09-11T18:50:12.659Z"
"20260911T161623Z-1","B","SPY","71","120","EHLERS_DOMINANT_CYCLE_PHASE","V0.1","MEDIAN_PRICE","138.57059675782182","True","OBSERVABLE","2026-09-11T18:50:12.659Z"
"20260911T161623Z-1","B","SPY","72","120","EHLERS_DOMINANT_CYCLE_PHASE","V0.1","MEDIAN_PRICE","141.8083793592905","True","OBSERVABLE","2026-09-11T18:50:12.659Z"
"20260911T161623Z-1","B","SPY","73","120","EHLERS_DOMINANT_CYCLE_PHASE","V0.1","MEDIAN_PRICE","143.88010728389403","True","OBSERVABLE","2026-09-11T18:50:12.659Z"
"20260911T161623Z-1","B","SPY","74","120","EHLERS_DOMINANT_CYCLE_PHASE","V0.1","MEDIAN_PRICE","148.44549700508531","True","OBSERVABLE","2026-09-11T18:50:12.659Z"
"20260911T161623Z-1","B","SPY","75","120","EHLERS_DOMINANT_CYCLE_PHASE","V0.1","MEDIAN_PRICE","155.0774442173411","True","OBSERVABLE","2026-09-11T18:50:12.659Z"
"20260911T161623Z-1","B","SPY","76","120","EHLERS_DOMINANT_CYCLE_PHASE","V0.1","MEDIAN_PRICE","161.49759089011008","True","OBSERVABLE","2026-09-11T18:50:12.659Z"
"20260911T161623Z-1","B","SPY","77","120","EHLERS_DOMINANT_CYCLE_PHASE","V0.1","MEDIAN_PRICE","165.50462875018755","True","OBSERVABLE","2026-09-11T18:50:12.659Z"
"20260911T161623Z-1","B","SPY","78","120","EHLERS_DOMINANT_CYCLE_PHASE","V0.1","MEDIAN_PRICE","170.8799384926997","True","OBSERVABLE","2026-09-11T18:50:12.659Z"
"20260911T161623Z-1","B","SPY","79","120","EHLERS_DOMINANT_CYCLE_PHASE","V0.1","MEDIAN_PRICE","176.43802613215945","True","OBSERVABLE","2026-09-11T18:50:12.659Z"
"20260911T161623Z-1","B","SPY","80","120","EHLERS_DOMINANT_CYCLE_PHASE","V0.1","MEDIAN_PRICE","182.8976999587634","True","OBSERVABLE","2026-09-11T18:50:12.659Z"
"20260911T161623Z-1","B","SPY","81","120","EHLERS_DOMINANT_CYCLE_PHASE","V0.1","MEDIAN_PRICE","190.03111671007883","True","OBSERVABLE","2026-09-11T18:50:12.659Z"
"20260911T161623Z-1","B","SPY","82","120","EHLERS_DOMINANT_CYCLE_PHASE","V0.1","MEDIAN_PRICE","197.40791584708796","True","OBSERVABLE","2026-09-11T18:50:12.659Z"
"20260911T161623Z-1","B","SPY","83","120","EHLERS_DOMINANT_CYCLE_PHASE","V0.1","MEDIAN_PRICE","206.4068338409303","True","OBSERVABLE","2026-09-11T18:50:12.659Z"
"20260911T161623Z-1","B","SPY","84","120","EHLERS_DOMINANT_CYCLE_PHASE","V0.1","MEDIAN_PRICE","216.0160153238345","True","OBSERVABLE","2026-09-11T18:50:12.659Z"
"20260911T161623Z-1","B","SPY","85","120","EHLERS_DOMINANT_CYCLE_PHASE","V0.1","MEDIAN_PRICE","225.74546714364777","True","OBSERVABLE","2026-09-11T18:50:12.659Z"
"20260911T161623Z-1","B","SPY","86","120","EHLERS_DOMINANT_CYCLE_PHASE","V0.1","MEDIAN_PRICE","235.86917011790482","True","OBSERVABLE","2026-09-11T18:50:12.659Z"
"20260911T161623Z-1","B","SPY","87","120","EHLERS_DOMINANT_CYCLE_PHASE","V0.1","MEDIAN_PRICE","245.85925768315124","True","OBSERVABLE","2026-09-11T18:50:12.659Z"
"20260911T161623Z-1","B","SPY","88","120","EHLERS_DOMINANT_CYCLE_PHASE","V0.1","MEDIAN_PRICE","256.24629278437436","True","OBSERVABLE","2026-09-11T18:50:12.659Z"
"20260911T161623Z-1","B","SPY","89","120","EHLERS_DOMINANT_CYCLE_PHASE","V0.1","MEDIAN_PRICE","266.92674726925566","True","OBSERVABLE","2026-09-11T18:50:12.659Z"
"20260911T161623Z-1","B","SPY","90","120","EHLERS_DOMINANT_CYCLE_PHASE","V0.1","MEDIAN_PRICE","278.2942047351528","True","OBSERVABLE","2026-09-11T18:50:12.659Z"
"20260911T161623Z-1","B","SPY","91","120","EHLERS_DOMINANT_CYCLE_PHASE","V0.1","MEDIAN_PRICE","290.68178261608045","True","OBSERVABLE","2026-09-11T18:50:12.659Z"
"20260911T161623Z-1","B","SPY","92","120","EHLERS_DOMINANT_CYCLE_PHASE","V0.1","MEDIAN_PRICE","303.95889246756525","True","OBSERVABLE","2026-09-11T18:50:12.659Z"
"20260911T161623Z-1","B","SPY","93","120","EHLERS_DOMINANT_CYCLE_PHASE","V0.1","MEDIAN_PRICE","317.098126894508","True","OBSERVABLE","2026-09-11T18:50:12.659Z"
"20260911T161623Z-1","B","SPY","94","120","EHLERS_DOMINANT_CYCLE_PHASE","V0.1","MEDIAN_PRICE","330.18686535259457","True","OBSERVABLE","2026-09-11T18:50:12.659Z"
"20260911T161623Z-1","B","SPY","95","120","EHLERS_DOMINANT_CYCLE_PHASE","V0.1","MEDIAN_PRICE","342.9147644333758","True","OBSERVABLE","2026-09-11T18:50:12.659Z"
"20260911T161623Z-1","B","SPY","96","120","EHLERS_DOMINANT_CYCLE_PHASE","V0.1","MEDIAN_PRICE","354.1193942237294","True","OBSERVABLE","2026-09-11T18:50:12.659Z"
"20260911T161623Z-1","B","SPY","97","120","EHLERS_DOMINANT_CYCLE_PHASE","V0.1","MEDIAN_PRICE","11.279719794510584","True","OBSERVABLE","2026-09-11T18:50:12.659Z"
"20260911T161623Z-1","B","SPY","98","120","EHLERS_DOMINANT_CYCLE_PHASE","V0.1","MEDIAN_PRICE","20.068101595710857","True","OBSERVABLE","2026-09-11T18:50:12.659Z"
"20260911T161623Z-1","B","SPY","99","120","EHLERS_DOMINANT_CYCLE_PHASE","V0.1","MEDIAN_PRICE","27.32979171324341","True","OBSERVABLE","2026-09-11T18:50:12.659Z"
"20260911T161623Z-1","B","SPY","100","120","EHLERS_DOMINANT_CYCLE_PHASE","V0.1","MEDIAN_PRICE","31.983264389224175","True","OBSERVABLE","2026-09-11T18:50:12.659Z"
"20260911T161623Z-1","B","SPY","101","120","EHLERS_DOMINANT_CYCLE_PHASE","V0.1","MEDIAN_PRICE","34.16216872895315","True","OBSERVABLE","2026-09-11T18:50:12.659Z"
"20260911T161623Z-1","B","SPY","102","120","EHLERS_DOMINANT_CYCLE_PHASE","V0.1","MEDIAN_PRICE","36.31404716857422","True","OBSERVABLE","2026-09-11T18:50:12.659Z"
"20260911T161623Z-1","B","SPY","103","120","EHLERS_DOMINANT_CYCLE_PHASE","V0.1","MEDIAN_PRICE","37.19546635972418","True","OBSERVABLE","2026-09-11T18:50:12.659Z"
"20260911T161623Z-1","B","SPY","104","120","EHLERS_DOMINANT_CYCLE_PHASE","V0.1","MEDIAN_PRICE","41.50438711059804","True","OBSERVABLE","2026-09-11T18:50:12.659Z"
"20260911T161623Z-1","B","SPY","105","120","EHLERS_DOMINANT_CYCLE_PHASE","V0.1","MEDIAN_PRICE","44.27999913951169","True","OBSERVABLE","2026-09-11T18:50:12.659Z"
"20260911T161623Z-1","B","SPY","106","120","EHLERS_DOMINANT_CYCLE_PHASE","V0.1","MEDIAN_PRICE","44.976549194842164","True","OBSERVABLE","2026-09-11T18:50:12.659Z"
"20260911T161623Z-1","B","SPY","107","120","EHLERS_DOMINANT_CYCLE_PHASE","V0.1","MEDIAN_PRICE","40.98884679872303","True","OBSERVABLE","2026-09-11T18:50:12.659Z"
"20260911T161623Z-1","B","SPY","108","120","EHLERS_DOMINANT_CYCLE_PHASE","V0.1","MEDIAN_PRICE","19.890725705624988","True","OBSERVABLE","2026-09-11T18:50:12.659Z"
"20260911T161623Z-1","B","SPY","109","120","EHLERS_DOMINANT_CYCLE_PHASE","V0.1","MEDIAN_PRICE","5.324645249363357","True","OBSERVABLE","2026-09-11T18:50:12.659Z"
"20260911T161623Z-1","B","SPY","110","120","EHLERS_DOMINANT_CYCLE_PHASE","V0.1","MEDIAN_PRICE","5.30431966452619","True","OBSERVABLE","2026-09-11T18:50:12.659Z"
"20260911T161623Z-1","B","SPY","111","120","EHLERS_DOMINANT_CYCLE_PHASE","V0.1","MEDIAN_PRICE","6.710088503222721","True","OBSERVABLE","2026-09-11T18:50:12.659Z"
"20260911T161623Z-1","B","SPY","112","120","EHLERS_DOMINANT_CYCLE_PHASE","V0.1","MEDIAN_PRICE","5.6459295489522106","True","OBSERVABLE","2026-09-11T18:50:12.659Z"
"20260911T161623Z-1","B","SPY","113","120","EHLERS_DOMINANT_CYCLE_PHASE","V0.1","MEDIAN_PRICE","357.53755631985393","True","OBSERVABLE","2026-09-11T18:50:12.659Z"
"20260911T161623Z-1","B","SPY","114","120","EHLERS_DOMINANT_CYCLE_PHASE","V0.1","MEDIAN_PRICE","349.8736017595749","True","OBSERVABLE","2026-09-11T18:50:12.659Z"
"20260911T161623Z-1","B","SPY","115","120","EHLERS_DOMINANT_CYCLE_PHASE","V0.1","MEDIAN_PRICE","355.9252947617242","True","OBSERVABLE","2026-09-11T18:50:12.659Z"
"20260911T161623Z-1","B","SPY","116","120","EHLERS_DOMINANT_CYCLE_PHASE","V0.1","MEDIAN_PRICE","347.4587709192624","True","OBSERVABLE","2026-09-11T18:50:12.659Z"
"20260911T161623Z-1","B","SPY","117","120","EHLERS_DOMINANT_CYCLE_PHASE","V0.1","MEDIAN_PRICE","325.2505361208223","True","OBSERVABLE","2026-09-11T18:50:12.659Z"
"20260911T161623Z-1","B","SPY","118","120","EHLERS_DOMINANT_CYCLE_PHASE","V0.1","MEDIAN_PRICE","322.1245656180175","True","OBSERVABLE","2026-09-11T18:50:12.659Z"
"20260911T161623Z-1","B","SPY","119","120","EHLERS_DOMINANT_CYCLE_PHASE","V0.1","MEDIAN_PRICE","323.2069423659975","True","OBSERVABLE","2026-09-11T18:50:12.659Z"
"20260911T161623Z-1","B","SPY","120","120","EHLERS_DOMINANT_CYCLE_PHASE","V0.1","MEDIAN_PRICE","334.959079390987","True","OBSERVABLE","2026-09-11T18:50:12.659Z"
"20260911T161623Z-1","B","TLT","1","120","EHLERS_DOMINANT_CYCLE_PHASE","V0.1","MEDIAN_PRICE",,"False","INITIALIZING","2026-09-11T18:50:12.688Z"
"20260911T161623Z-1","B","TLT","2","120","EHLERS_DOMINANT_CYCLE_PHASE","V0.1","MEDIAN_PRICE",,"False","INITIALIZING","2026-09-11T18:50:12.688Z"
"20260911T161623Z-1","B","TLT","3","120","EHLERS_DOMINANT_CYCLE_PHASE","V0.1","MEDIAN_PRICE",,"False","INITIALIZING","2026-09-11T18:50:12.688Z"
"20260911T161623Z-1","B","TLT","4","120","EHLERS_DOMINANT_CYCLE_PHASE","V0.1","MEDIAN_PRICE",,"False","INITIALIZING","2026-09-11T18:50:12.688Z"
"20260911T161623Z-1","B","TLT","5","120","EHLERS_DOMINANT_CYCLE_PHASE","V0.1","MEDIAN_PRICE",,"False","INITIALIZING","2026-09-11T18:50:12.688Z"
"20260911T161623Z-1","B","TLT","6","120","EHLERS_DOMINANT_CYCLE_PHASE","V0.1","MEDIAN_PRICE",,"False","INITIALIZING","2026-09-11T18:50:12.688Z"
"20260911T161623Z-1","B","TLT","7","120","EHLERS_DOMINANT_CYCLE_PHASE","V0.1","MEDIAN_PRICE",,"False","INITIALIZING","2026-09-11T18:50:12.688Z"
"20260911T161623Z-1","B","TLT","8","120","EHLERS_DOMINANT_CYCLE_PHASE","V0.1","MEDIAN_PRICE",,"False","INITIALIZING","2026-09-11T18:50:12.688Z"
"20260911T161623Z-1","B","TLT","9","120","EHLERS_DOMINANT_CYCLE_PHASE","V0.1","MEDIAN_PRICE",,"False","INITIALIZING","2026-09-11T18:50:12.688Z"
"20260911T161623Z-1","B","TLT","10","120","EHLERS_DOMINANT_CYCLE_PHASE","V0.1","MEDIAN_PRICE",,"False","INITIALIZING","2026-09-11T18:50:12.688Z"
"20260911T161623Z-1","B","TLT","11","120","EHLERS_DOMINANT_CYCLE_PHASE","V0.1","MEDIAN_PRICE",,"False","INITIALIZING","2026-09-11T18:50:12.688Z"
"20260911T161623Z-1","B","TLT","12","120","EHLERS_DOMINANT_CYCLE_PHASE","V0.1","MEDIAN_PRICE",,"False","INITIALIZING","2026-09-11T18:50:12.688Z"
"20260911T161623Z-1","B","TLT","13","120","EHLERS_DOMINANT_CYCLE_PHASE","V0.1","MEDIAN_PRICE",,"False","INITIALIZING","2026-09-11T18:50:12.688Z"
"20260911T161623Z-1","B","TLT","14","120","EHLERS_DOMINANT_CYCLE_PHASE","V0.1","MEDIAN_PRICE",,"False","INITIALIZING","2026-09-11T18:50:12.688Z"
"20260911T161623Z-1","B","TLT","15","120","EHLERS_DOMINANT_CYCLE_PHASE","V0.1","MEDIAN_PRICE",,"False","INITIALIZING","2026-09-11T18:50:12.688Z"
"20260911T161623Z-1","B","TLT","16","120","EHLERS_DOMINANT_CYCLE_PHASE","V0.1","MEDIAN_PRICE",,"False","INITIALIZING","2026-09-11T18:50:12.688Z"
"20260911T161623Z-1","B","TLT","17","120","EHLERS_DOMINANT_CYCLE_PHASE","V0.1","MEDIAN_PRICE",,"False","INITIALIZING","2026-09-11T18:50:12.688Z"
"20260911T161623Z-1","B","TLT","18","120","EHLERS_DOMINANT_CYCLE_PHASE","V0.1","MEDIAN_PRICE",,"False","INITIALIZING","2026-09-11T18:50:12.688Z"
"20260911T161623Z-1","B","TLT","19","120","EHLERS_DOMINANT_CYCLE_PHASE","V0.1","MEDIAN_PRICE",,"False","INITIALIZING","2026-09-11T18:50:12.688Z"
"20260911T161623Z-1","B","TLT","20","120","EHLERS_DOMINANT_CYCLE_PHASE","V0.1","MEDIAN_PRICE",,"False","INITIALIZING","2026-09-11T18:50:12.688Z"
"20260911T161623Z-1","B","TLT","21","120","EHLERS_DOMINANT_CYCLE_PHASE","V0.1","MEDIAN_PRICE",,"False","INITIALIZING","2026-09-11T18:50:12.688Z"
"20260911T161623Z-1","B","TLT","22","120","EHLERS_DOMINANT_CYCLE_PHASE","V0.1","MEDIAN_PRICE",,"False","INITIALIZING","2026-09-11T18:50:12.688Z"
"20260911T161623Z-1","B","TLT","23","120","EHLERS_DOMINANT_CYCLE_PHASE","V0.1","MEDIAN_PRICE",,"False","INITIALIZING","2026-09-11T18:50:12.688Z"
"20260911T161623Z-1","B","TLT","24","120","EHLERS_DOMINANT_CYCLE_PHASE","V0.1","MEDIAN_PRICE",,"False","INITIALIZING","2026-09-11T18:50:12.688Z"
"20260911T161623Z-1","B","TLT","25","120","EHLERS_DOMINANT_CYCLE_PHASE","V0.1","MEDIAN_PRICE",,"False","INITIALIZING","2026-09-11T18:50:12.688Z"
"20260911T161623Z-1","B","TLT","26","120","EHLERS_DOMINANT_CYCLE_PHASE","V0.1","MEDIAN_PRICE",,"False","INITIALIZING","2026-09-11T18:50:12.688Z"
"20260911T161623Z-1","B","TLT","27","120","EHLERS_DOMINANT_CYCLE_PHASE","V0.1","MEDIAN_PRICE",,"False","INITIALIZING","2026-09-11T18:50:12.688Z"
"20260911T161623Z-1","B","TLT","28","120","EHLERS_DOMINANT_CYCLE_PHASE","V0.1","MEDIAN_PRICE",,"False","INITIALIZING","2026-09-11T18:50:12.688Z"
"20260911T161623Z-1","B","TLT","29","120","EHLERS_DOMINANT_CYCLE_PHASE","V0.1","MEDIAN_PRICE",,"False","INITIALIZING","2026-09-11T18:50:12.688Z"
"20260911T161623Z-1","B","TLT","30","120","EHLERS_DOMINANT_CYCLE_PHASE","V0.1","MEDIAN_PRICE",,"False","INITIALIZING","2026-09-11T18:50:12.688Z"
"20260911T161623Z-1","B","TLT","31","120","EHLERS_DOMINANT_CYCLE_PHASE","V0.1","MEDIAN_PRICE",,"False","INITIALIZING","2026-09-11T18:50:12.688Z"
"20260911T161623Z-1","B","TLT","32","120","EHLERS_DOMINANT_CYCLE_PHASE","V0.1","MEDIAN_PRICE",,"False","INITIALIZING","2026-09-11T18:50:12.688Z"
"20260911T161623Z-1","B","TLT","33","120","EHLERS_DOMINANT_CYCLE_PHASE","V0.1","MEDIAN_PRICE",,"False","INITIALIZING","2026-09-11T18:50:12.688Z"
"20260911T161623Z-1","B","TLT","34","120","EHLERS_DOMINANT_CYCLE_PHASE","V0.1","MEDIAN_PRICE",,"False","INITIALIZING","2026-09-11T18:50:12.688Z"
"20260911T161623Z-1","B","TLT","35","120","EHLERS_DOMINANT_CYCLE_PHASE","V0.1","MEDIAN_PRICE",,"False","INITIALIZING","2026-09-11T18:50:12.688Z"
"20260911T161623Z-1","B","TLT","36","120","EHLERS_DOMINANT_CYCLE_PHASE","V0.1","MEDIAN_PRICE",,"False","INITIALIZING","2026-09-11T18:50:12.688Z"
"20260911T161623Z-1","B","TLT","37","120","EHLERS_DOMINANT_CYCLE_PHASE","V0.1","MEDIAN_PRICE",,"False","INITIALIZING","2026-09-11T18:50:12.688Z"
"20260911T161623Z-1","B","TLT","38","120","EHLERS_DOMINANT_CYCLE_PHASE","V0.1","MEDIAN_PRICE",,"False","INITIALIZING","2026-09-11T18:50:12.688Z"
"20260911T161623Z-1","B","TLT","39","120","EHLERS_DOMINANT_CYCLE_PHASE","V0.1","MEDIAN_PRICE",,"False","INITIALIZING","2026-09-11T18:50:12.688Z"
"20260911T161623Z-1","B","TLT","40","120","EHLERS_DOMINANT_CYCLE_PHASE","V0.1","MEDIAN_PRICE",,"False","INITIALIZING","2026-09-11T18:50:12.688Z"
"20260911T161623Z-1","B","TLT","41","120","EHLERS_DOMINANT_CYCLE_PHASE","V0.1","MEDIAN_PRICE",,"False","INITIALIZING","2026-09-11T18:50:12.688Z"
"20260911T161623Z-1","B","TLT","42","120","EHLERS_DOMINANT_CYCLE_PHASE","V0.1","MEDIAN_PRICE",,"False","INITIALIZING","2026-09-11T18:50:12.688Z"
"20260911T161623Z-1","B","TLT","43","120","EHLERS_DOMINANT_CYCLE_PHASE","V0.1","MEDIAN_PRICE",,"False","INITIALIZING","2026-09-11T18:50:12.688Z"
"20260911T161623Z-1","B","TLT","44","120","EHLERS_DOMINANT_CYCLE_PHASE","V0.1","MEDIAN_PRICE",,"False","INITIALIZING","2026-09-11T18:50:12.688Z"
"20260911T161623Z-1","B","TLT","45","120","EHLERS_DOMINANT_CYCLE_PHASE","V0.1","MEDIAN_PRICE",,"False","INITIALIZING","2026-09-11T18:50:12.688Z"
"20260911T161623Z-1","B","TLT","46","120","EHLERS_DOMINANT_CYCLE_PHASE","V0.1","MEDIAN_PRICE",,"False","INITIALIZING","2026-09-11T18:50:12.688Z"
"20260911T161623Z-1","B","TLT","47","120","EHLERS_DOMINANT_CYCLE_PHASE","V0.1","MEDIAN_PRICE",,"False","INITIALIZING","2026-09-11T18:50:12.688Z"
"20260911T161623Z-1","B","TLT","48","120","EHLERS_DOMINANT_CYCLE_PHASE","V0.1","MEDIAN_PRICE",,"False","INITIALIZING","2026-09-11T18:50:12.688Z"
"20260911T161623Z-1","B","TLT","49","120","EHLERS_DOMINANT_CYCLE_PHASE","V0.1","MEDIAN_PRICE",,"False","INITIALIZING","2026-09-11T18:50:12.688Z"
"20260911T161623Z-1","B","TLT","50","120","EHLERS_DOMINANT_CYCLE_PHASE","V0.1","MEDIAN_PRICE",,"False","INITIALIZING","2026-09-11T18:50:12.688Z"
"20260911T161623Z-1","B","TLT","51","120","EHLERS_DOMINANT_CYCLE_PHASE","V0.1","MEDIAN_PRICE",,"False","INITIALIZING","2026-09-11T18:50:12.688Z"
"20260911T161623Z-1","B","TLT","52","120","EHLERS_DOMINANT_CYCLE_PHASE","V0.1","MEDIAN_PRICE",,"False","INITIALIZING","2026-09-11T18:50:12.688Z"
"20260911T161623Z-1","B","TLT","53","120","EHLERS_DOMINANT_CYCLE_PHASE","V0.1","MEDIAN_PRICE",,"False","INITIALIZING","2026-09-11T18:50:12.688Z"
"20260911T161623Z-1","B","TLT","54","120","EHLERS_DOMINANT_CYCLE_PHASE","V0.1","MEDIAN_PRICE",,"False","INITIALIZING","2026-09-11T18:50:12.688Z"
"20260911T161623Z-1","B","TLT","55","120","EHLERS_DOMINANT_CYCLE_PHASE","V0.1","MEDIAN_PRICE",,"False","INITIALIZING","2026-09-11T18:50:12.688Z"
"20260911T161623Z-1","B","TLT","56","120","EHLERS_DOMINANT_CYCLE_PHASE","V0.1","MEDIAN_PRICE",,"False","INITIALIZING","2026-09-11T18:50:12.688Z"
"20260911T161623Z-1","B","TLT","57","120","EHLERS_DOMINANT_CYCLE_PHASE","V0.1","MEDIAN_PRICE",,"False","INITIALIZING","2026-09-11T18:50:12.688Z"
"20260911T161623Z-1","B","TLT","58","120","EHLERS_DOMINANT_CYCLE_PHASE","V0.1","MEDIAN_PRICE",,"False","INITIALIZING","2026-09-11T18:50:12.688Z"
"20260911T161623Z-1","B","TLT","59","120","EHLERS_DOMINANT_CYCLE_PHASE","V0.1","MEDIAN_PRICE",,"False","INITIALIZING","2026-09-11T18:50:12.688Z"
"20260911T161623Z-1","B","TLT","60","120","EHLERS_DOMINANT_CYCLE_PHASE","V0.1","MEDIAN_PRICE",,"False","INITIALIZING","2026-09-11T18:50:12.688Z"
"20260911T161623Z-1","B","TLT","61","120","EHLERS_DOMINANT_CYCLE_PHASE","V0.1","MEDIAN_PRICE",,"False","INITIALIZING","2026-09-11T18:50:12.688Z"
"20260911T161623Z-1","B","TLT","62","120","EHLERS_DOMINANT_CYCLE_PHASE","V0.1","MEDIAN_PRICE",,"False","INITIALIZING","2026-09-11T18:50:12.688Z"
"20260911T161623Z-1","B","TLT","63","120","EHLERS_DOMINANT_CYCLE_PHASE","V0.1","MEDIAN_PRICE",,"False","INITIALIZING","2026-09-11T18:50:12.688Z"
"20260911T161623Z-1","B","TLT","64","120","EHLERS_DOMINANT_CYCLE_PHASE","V0.1","MEDIAN_PRICE","183.15067342198012","True","OBSERVABLE","2026-09-11T18:50:12.688Z"
"20260911T161623Z-1","B","TLT","65","120","EHLERS_DOMINANT_CYCLE_PHASE","V0.1","MEDIAN_PRICE","187.39649317496946","True","OBSERVABLE","2026-09-11T18:50:12.688Z"
"20260911T161623Z-1","B","TLT","66","120","EHLERS_DOMINANT_CYCLE_PHASE","V0.1","MEDIAN_PRICE","190.54990058816338","True","OBSERVABLE","2026-09-11T18:50:12.688Z"
"20260911T161623Z-1","B","TLT","67","120","EHLERS_DOMINANT_CYCLE_PHASE","V0.1","MEDIAN_PRICE","195.90654301241034","True","OBSERVABLE","2026-09-11T18:50:12.688Z"
"20260911T161623Z-1","B","TLT","68","120","EHLERS_DOMINANT_CYCLE_PHASE","V0.1","MEDIAN_PRICE","197.05828442799458","True","OBSERVABLE","2026-09-11T18:50:12.688Z"
"20260911T161623Z-1","B","TLT","69","120","EHLERS_DOMINANT_CYCLE_PHASE","V0.1","MEDIAN_PRICE","198.23196723359044","True","OBSERVABLE","2026-09-11T18:50:12.688Z"
"20260911T161623Z-1","B","TLT","70","120","EHLERS_DOMINANT_CYCLE_PHASE","V0.1","MEDIAN_PRICE","201.72232064113194","True","OBSERVABLE","2026-09-11T18:50:12.688Z"
"20260911T161623Z-1","B","TLT","71","120","EHLERS_DOMINANT_CYCLE_PHASE","V0.1","MEDIAN_PRICE","204.94870463292605","True","OBSERVABLE","2026-09-11T18:50:12.688Z"
"20260911T161623Z-1","B","TLT","72","120","EHLERS_DOMINANT_CYCLE_PHASE","V0.1","MEDIAN_PRICE","208.35127017714427","True","OBSERVABLE","2026-09-11T18:50:12.688Z"
"20260911T161623Z-1","B","TLT","73","120","EHLERS_DOMINANT_CYCLE_PHASE","V0.1","MEDIAN_PRICE","212.19104098363582","True","OBSERVABLE","2026-09-11T18:50:12.688Z"
"20260911T161623Z-1","B","TLT","74","120","EHLERS_DOMINANT_CYCLE_PHASE","V0.1","MEDIAN_PRICE","217.5778694295467","True","OBSERVABLE","2026-09-11T18:50:12.688Z"
"20260911T161623Z-1","B","TLT","75","120","EHLERS_DOMINANT_CYCLE_PHASE","V0.1","MEDIAN_PRICE","222.33941484893646","True","OBSERVABLE","2026-09-11T18:50:12.688Z"
"20260911T161623Z-1","B","TLT","76","120","EHLERS_DOMINANT_CYCLE_PHASE","V0.1","MEDIAN_PRICE","225.29346106714362","True","OBSERVABLE","2026-09-11T18:50:12.688Z"
"20260911T161623Z-1","B","TLT","77","120","EHLERS_DOMINANT_CYCLE_PHASE","V0.1","MEDIAN_PRICE","233.3394920988339","True","OBSERVABLE","2026-09-11T18:50:12.688Z"
"20260911T161623Z-1","B","TLT","78","120","EHLERS_DOMINANT_CYCLE_PHASE","V0.1","MEDIAN_PRICE","243.93553828342496","True","OBSERVABLE","2026-09-11T18:50:12.688Z"
"20260911T161623Z-1","B","TLT","79","120","EHLERS_DOMINANT_CYCLE_PHASE","V0.1","MEDIAN_PRICE","255.6491528431464","True","OBSERVABLE","2026-09-11T18:50:12.688Z"
"20260911T161623Z-1","B","TLT","80","120","EHLERS_DOMINANT_CYCLE_PHASE","V0.1","MEDIAN_PRICE","267.8968145726932","True","OBSERVABLE","2026-09-11T18:50:12.688Z"
"20260911T161623Z-1","B","TLT","81","120","EHLERS_DOMINANT_CYCLE_PHASE","V0.1","MEDIAN_PRICE","279.60157554543156","True","OBSERVABLE","2026-09-11T18:50:12.688Z"
"20260911T161623Z-1","B","TLT","82","120","EHLERS_DOMINANT_CYCLE_PHASE","V0.1","MEDIAN_PRICE","290.888650454896","True","OBSERVABLE","2026-09-11T18:50:12.688Z"
"20260911T161623Z-1","B","TLT","83","120","EHLERS_DOMINANT_CYCLE_PHASE","V0.1","MEDIAN_PRICE","302.37333612060314","True","OBSERVABLE","2026-09-11T18:50:12.688Z"
"20260911T161623Z-1","B","TLT","84","120","EHLERS_DOMINANT_CYCLE_PHASE","V0.1","MEDIAN_PRICE","314.0810248985755","True","OBSERVABLE","2026-09-11T18:50:12.688Z"
"20260911T161623Z-1","B","TLT","85","120","EHLERS_DOMINANT_CYCLE_PHASE","V0.1","MEDIAN_PRICE","325.0683582897475","True","OBSERVABLE","2026-09-11T18:50:12.688Z"
"20260911T161623Z-1","B","TLT","86","120","EHLERS_DOMINANT_CYCLE_PHASE","V0.1","MEDIAN_PRICE","333.4163076523363","True","OBSERVABLE","2026-09-11T18:50:12.688Z"
"20260911T161623Z-1","B","TLT","87","120","EHLERS_DOMINANT_CYCLE_PHASE","V0.1","MEDIAN_PRICE","337.9900903174249","True","OBSERVABLE","2026-09-11T18:50:12.688Z"
"20260911T161623Z-1","B","TLT","88","120","EHLERS_DOMINANT_CYCLE_PHASE","V0.1","MEDIAN_PRICE","338.9446108980498","True","OBSERVABLE","2026-09-11T18:50:12.688Z"
"20260911T161623Z-1","B","TLT","89","120","EHLERS_DOMINANT_CYCLE_PHASE","V0.1","MEDIAN_PRICE","339.1531630919311","True","OBSERVABLE","2026-09-11T18:50:12.688Z"
"20260911T161623Z-1","B","TLT","90","120","EHLERS_DOMINANT_CYCLE_PHASE","V0.1","MEDIAN_PRICE","340.07295923334675","True","OBSERVABLE","2026-09-11T18:50:12.688Z"
"20260911T161623Z-1","B","TLT","91","120","EHLERS_DOMINANT_CYCLE_PHASE","V0.1","MEDIAN_PRICE","342.9658038197281","True","OBSERVABLE","2026-09-11T18:50:12.688Z"
"20260911T161623Z-1","B","TLT","92","120","EHLERS_DOMINANT_CYCLE_PHASE","V0.1","MEDIAN_PRICE","348.23059595427344","True","OBSERVABLE","2026-09-11T18:50:12.688Z"
"20260911T161623Z-1","B","TLT","93","120","EHLERS_DOMINANT_CYCLE_PHASE","V0.1","MEDIAN_PRICE","354.023250571518","True","OBSERVABLE","2026-09-11T18:50:12.688Z"
"20260911T161623Z-1","B","TLT","94","120","EHLERS_DOMINANT_CYCLE_PHASE","V0.1","MEDIAN_PRICE","0.3483905414694277","True","OBSERVABLE","2026-09-11T18:50:12.688Z"
"20260911T161623Z-1","B","TLT","95","120","EHLERS_DOMINANT_CYCLE_PHASE","V0.1","MEDIAN_PRICE","9.148897773677561","True","OBSERVABLE","2026-09-11T18:50:12.688Z"
"20260911T161623Z-1","B","TLT","96","120","EHLERS_DOMINANT_CYCLE_PHASE","V0.1","MEDIAN_PRICE","15.527991040814598","True","OBSERVABLE","2026-09-11T18:50:12.688Z"
"20260911T161623Z-1","B","TLT","97","120","EHLERS_DOMINANT_CYCLE_PHASE","V0.1","MEDIAN_PRICE","21.960525621370934","True","OBSERVABLE","2026-09-11T18:50:12.688Z"
"20260911T161623Z-1","B","TLT","98","120","EHLERS_DOMINANT_CYCLE_PHASE","V0.1","MEDIAN_PRICE","28.719219527164043","True","OBSERVABLE","2026-09-11T18:50:12.688Z"
"20260911T161623Z-1","B","TLT","99","120","EHLERS_DOMINANT_CYCLE_PHASE","V0.1","MEDIAN_PRICE","36.10933261103709","True","OBSERVABLE","2026-09-11T18:50:12.688Z"
"20260911T161623Z-1","B","TLT","100","120","EHLERS_DOMINANT_CYCLE_PHASE","V0.1","MEDIAN_PRICE","45.006974755190605","True","OBSERVABLE","2026-09-11T18:50:12.688Z"
"20260911T161623Z-1","B","TLT","101","120","EHLERS_DOMINANT_CYCLE_PHASE","V0.1","MEDIAN_PRICE","52.049543119822246","True","OBSERVABLE","2026-09-11T18:50:12.688Z"
"20260911T161623Z-1","B","TLT","102","120","EHLERS_DOMINANT_CYCLE_PHASE","V0.1","MEDIAN_PRICE","67.09482312251887","True","OBSERVABLE","2026-09-11T18:50:12.688Z"
"20260911T161623Z-1","B","TLT","103","120","EHLERS_DOMINANT_CYCLE_PHASE","V0.1","MEDIAN_PRICE","80.19955288922053","True","OBSERVABLE","2026-09-11T18:50:12.688Z"
"20260911T161623Z-1","B","VXX","1","120","EHLERS_DOMINANT_CYCLE_PHASE","V0.1","MEDIAN_PRICE",,"False","INITIALIZING","2026-09-11T18:50:12.715Z"
"20260911T161623Z-1","B","VXX","2","120","EHLERS_DOMINANT_CYCLE_PHASE","V0.1","MEDIAN_PRICE",,"False","INITIALIZING","2026-09-11T18:50:12.715Z"
"20260911T161623Z-1","B","VXX","3","120","EHLERS_DOMINANT_CYCLE_PHASE","V0.1","MEDIAN_PRICE",,"False","INITIALIZING","2026-09-11T18:50:12.715Z"
"20260911T161623Z-1","B","VXX","4","120","EHLERS_DOMINANT_CYCLE_PHASE","V0.1","MEDIAN_PRICE",,"False","INITIALIZING","2026-09-11T18:50:12.715Z"
"20260911T161623Z-1","B","VXX","5","120","EHLERS_DOMINANT_CYCLE_PHASE","V0.1","MEDIAN_PRICE",,"False","INITIALIZING","2026-09-11T18:50:12.715Z"
"20260911T161623Z-1","B","VXX","6","120","EHLERS_DOMINANT_CYCLE_PHASE","V0.1","MEDIAN_PRICE",,"False","INITIALIZING","2026-09-11T18:50:12.715Z"
"20260911T161623Z-1","B","VXX","7","120","EHLERS_DOMINANT_CYCLE_PHASE","V0.1","MEDIAN_PRICE",,"False","INITIALIZING","2026-09-11T18:50:12.715Z"
"20260911T161623Z-1","B","VXX","8","120","EHLERS_DOMINANT_CYCLE_PHASE","V0.1","MEDIAN_PRICE",,"False","INITIALIZING","2026-09-11T18:50:12.715Z"
"20260911T161623Z-1","B","VXX","9","120","EHLERS_DOMINANT_CYCLE_PHASE","V0.1","MEDIAN_PRICE",,"False","INITIALIZING","2026-09-11T18:50:12.715Z"
"20260911T161623Z-1","B","VXX","10","120","EHLERS_DOMINANT_CYCLE_PHASE","V0.1","MEDIAN_PRICE",,"False","INITIALIZING","2026-09-11T18:50:12.715Z"
"20260911T161623Z-1","B","VXX","11","120","EHLERS_DOMINANT_CYCLE_PHASE","V0.1","MEDIAN_PRICE",,"False","INITIALIZING","2026-09-11T18:50:12.715Z"
"20260911T161623Z-1","B","VXX","12","120","EHLERS_DOMINANT_CYCLE_PHASE","V0.1","MEDIAN_PRICE",,"False","INITIALIZING","2026-09-11T18:50:12.715Z"
"20260911T161623Z-1","B","VXX","13","120","EHLERS_DOMINANT_CYCLE_PHASE","V0.1","MEDIAN_PRICE",,"False","INITIALIZING","2026-09-11T18:50:12.715Z"
"20260911T161623Z-1","B","VXX","14","120","EHLERS_DOMINANT_CYCLE_PHASE","V0.1","MEDIAN_PRICE",,"False","INITIALIZING","2026-09-11T18:50:12.715Z"
"20260911T161623Z-1","B","VXX","15","120","EHLERS_DOMINANT_CYCLE_PHASE","V0.1","MEDIAN_PRICE",,"False","INITIALIZING","2026-09-11T18:50:12.715Z"
"20260911T161623Z-1","B","VXX","16","120","EHLERS_DOMINANT_CYCLE_PHASE","V0.1","MEDIAN_PRICE",,"False","INITIALIZING","2026-09-11T18:50:12.715Z"
"20260911T161623Z-1","B","VXX","17","120","EHLERS_DOMINANT_CYCLE_PHASE","V0.1","MEDIAN_PRICE",,"False","INITIALIZING","2026-09-11T18:50:12.715Z"
"20260911T161623Z-1","B","VXX","18","120","EHLERS_DOMINANT_CYCLE_PHASE","V0.1","MEDIAN_PRICE",,"False","INITIALIZING","2026-09-11T18:50:12.715Z"
"20260911T161623Z-1","B","VXX","19","120","EHLERS_DOMINANT_CYCLE_PHASE","V0.1","MEDIAN_PRICE",,"False","INITIALIZING","2026-09-11T18:50:12.715Z"
"20260911T161623Z-1","B","VXX","20","120","EHLERS_DOMINANT_CYCLE_PHASE","V0.1","MEDIAN_PRICE",,"False","INITIALIZING","2026-09-11T18:50:12.715Z"
"20260911T161623Z-1","B","VXX","21","120","EHLERS_DOMINANT_CYCLE_PHASE","V0.1","MEDIAN_PRICE",,"False","INITIALIZING","2026-09-11T18:50:12.715Z"
"20260911T161623Z-1","B","VXX","22","120","EHLERS_DOMINANT_CYCLE_PHASE","V0.1","MEDIAN_PRICE",,"False","INITIALIZING","2026-09-11T18:50:12.715Z"
"20260911T161623Z-1","B","VXX","23","120","EHLERS_DOMINANT_CYCLE_PHASE","V0.1","MEDIAN_PRICE",,"False","INITIALIZING","2026-09-11T18:50:12.715Z"
"20260911T161623Z-1","B","VXX","24","120","EHLERS_DOMINANT_CYCLE_PHASE","V0.1","MEDIAN_PRICE",,"False","INITIALIZING","2026-09-11T18:50:12.715Z"
"20260911T161623Z-1","B","VXX","25","120","EHLERS_DOMINANT_CYCLE_PHASE","V0.1","MEDIAN_PRICE",,"False","INITIALIZING","2026-09-11T18:50:12.715Z"
"20260911T161623Z-1","B","VXX","26","120","EHLERS_DOMINANT_CYCLE_PHASE","V0.1","MEDIAN_PRICE",,"False","INITIALIZING","2026-09-11T18:50:12.715Z"
"20260911T161623Z-1","B","VXX","27","120","EHLERS_DOMINANT_CYCLE_PHASE","V0.1","MEDIAN_PRICE",,"False","INITIALIZING","2026-09-11T18:50:12.715Z"
"20260911T161623Z-1","B","VXX","28","120","EHLERS_DOMINANT_CYCLE_PHASE","V0.1","MEDIAN_PRICE",,"False","INITIALIZING","2026-09-11T18:50:12.715Z"
"20260911T161623Z-1","B","VXX","29","120","EHLERS_DOMINANT_CYCLE_PHASE","V0.1","MEDIAN_PRICE",,"False","INITIALIZING","2026-09-11T18:50:12.715Z"
"20260911T161623Z-1","B","VXX","30","120","EHLERS_DOMINANT_CYCLE_PHASE","V0.1","MEDIAN_PRICE",,"False","INITIALIZING","2026-09-11T18:50:12.715Z"
"20260911T161623Z-1","B","VXX","31","120","EHLERS_DOMINANT_CYCLE_PHASE","V0.1","MEDIAN_PRICE",,"False","INITIALIZING","2026-09-11T18:50:12.715Z"
"20260911T161623Z-1","B","VXX","32","120","EHLERS_DOMINANT_CYCLE_PHASE","V0.1","MEDIAN_PRICE",,"False","INITIALIZING","2026-09-11T18:50:12.715Z"
"20260911T161623Z-1","B","VXX","33","120","EHLERS_DOMINANT_CYCLE_PHASE","V0.1","MEDIAN_PRICE",,"False","INITIALIZING","2026-09-11T18:50:12.715Z"
"20260911T161623Z-1","B","VXX","34","120","EHLERS_DOMINANT_CYCLE_PHASE","V0.1","MEDIAN_PRICE",,"False","INITIALIZING","2026-09-11T18:50:12.715Z"
"20260911T161623Z-1","B","VXX","35","120","EHLERS_DOMINANT_CYCLE_PHASE","V0.1","MEDIAN_PRICE",,"False","INITIALIZING","2026-09-11T18:50:12.715Z"
"20260911T161623Z-1","B","VXX","36","120","EHLERS_DOMINANT_CYCLE_PHASE","V0.1","MEDIAN_PRICE",,"False","INITIALIZING","2026-09-11T18:50:12.715Z"
"20260911T161623Z-1","B","VXX","37","120","EHLERS_DOMINANT_CYCLE_PHASE","V0.1","MEDIAN_PRICE",,"False","INITIALIZING","2026-09-11T18:50:12.715Z"
"20260911T161623Z-1","B","VXX","38","120","EHLERS_DOMINANT_CYCLE_PHASE","V0.1","MEDIAN_PRICE",,"False","INITIALIZING","2026-09-11T18:50:12.715Z"
"20260911T161623Z-1","B","VXX","39","120","EHLERS_DOMINANT_CYCLE_PHASE","V0.1","MEDIAN_PRICE",,"False","INITIALIZING","2026-09-11T18:50:12.715Z"
"20260911T161623Z-1","B","VXX","40","120","EHLERS_DOMINANT_CYCLE_PHASE","V0.1","MEDIAN_PRICE",,"False","INITIALIZING","2026-09-11T18:50:12.715Z"
"20260911T161623Z-1","B","VXX","41","120","EHLERS_DOMINANT_CYCLE_PHASE","V0.1","MEDIAN_PRICE",,"False","INITIALIZING","2026-09-11T18:50:12.715Z"
"20260911T161623Z-1","B","VXX","42","120","EHLERS_DOMINANT_CYCLE_PHASE","V0.1","MEDIAN_PRICE",,"False","INITIALIZING","2026-09-11T18:50:12.715Z"
"20260911T161623Z-1","B","VXX","43","120","EHLERS_DOMINANT_CYCLE_PHASE","V0.1","MEDIAN_PRICE",,"False","INITIALIZING","2026-09-11T18:50:12.715Z"
"20260911T161623Z-1","B","VXX","44","120","EHLERS_DOMINANT_CYCLE_PHASE","V0.1","MEDIAN_PRICE",,"False","INITIALIZING","2026-09-11T18:50:12.715Z"
"20260911T161623Z-1","B","VXX","45","120","EHLERS_DOMINANT_CYCLE_PHASE","V0.1","MEDIAN_PRICE",,"False","INITIALIZING","2026-09-11T18:50:12.715Z"
"20260911T161623Z-1","B","VXX","46","120","EHLERS_DOMINANT_CYCLE_PHASE","V0.1","MEDIAN_PRICE",,"False","INITIALIZING","2026-09-11T18:50:12.715Z"
"20260911T161623Z-1","B","VXX","47","120","EHLERS_DOMINANT_CYCLE_PHASE","V0.1","MEDIAN_PRICE",,"False","INITIALIZING","2026-09-11T18:50:12.715Z"
"20260911T161623Z-1","B","VXX","48","120","EHLERS_DOMINANT_CYCLE_PHASE","V0.1","MEDIAN_PRICE",,"False","INITIALIZING","2026-09-11T18:50:12.715Z"
"20260911T161623Z-1","B","VXX","49","120","EHLERS_DOMINANT_CYCLE_PHASE","V0.1","MEDIAN_PRICE",,"False","INITIALIZING","2026-09-11T18:50:12.715Z"
"20260911T161623Z-1","B","VXX","50","120","EHLERS_DOMINANT_CYCLE_PHASE","V0.1","MEDIAN_PRICE",,"False","INITIALIZING","2026-09-11T18:50:12.715Z"
"20260911T161623Z-1","B","VXX","51","120","EHLERS_DOMINANT_CYCLE_PHASE","V0.1","MEDIAN_PRICE",,"False","INITIALIZING","2026-09-11T18:50:12.715Z"
"20260911T161623Z-1","B","XLF","1","120","EHLERS_DOMINANT_CYCLE_PHASE","V0.1","MEDIAN_PRICE",,"False","INITIALIZING","2026-09-11T18:50:12.752Z"
"20260911T161623Z-1","B","XLF","2","120","EHLERS_DOMINANT_CYCLE_PHASE","V0.1","MEDIAN_PRICE",,"False","INITIALIZING","2026-09-11T18:50:12.752Z"
"20260911T161623Z-1","B","XLF","3","120","EHLERS_DOMINANT_CYCLE_PHASE","V0.1","MEDIAN_PRICE",,"False","INITIALIZING","2026-09-11T18:50:12.752Z"
"20260911T161623Z-1","B","XLF","4","120","EHLERS_DOMINANT_CYCLE_PHASE","V0.1","MEDIAN_PRICE",,"False","INITIALIZING","2026-09-11T18:50:12.752Z"
"20260911T161623Z-1","B","XLF","5","120","EHLERS_DOMINANT_CYCLE_PHASE","V0.1","MEDIAN_PRICE",,"False","INITIALIZING","2026-09-11T18:50:12.752Z"
"20260911T161623Z-1","B","XLF","6","120","EHLERS_DOMINANT_CYCLE_PHASE","V0.1","MEDIAN_PRICE",,"False","INITIALIZING","2026-09-11T18:50:12.752Z"
"20260911T161623Z-1","B","XLF","7","120","EHLERS_DOMINANT_CYCLE_PHASE","V0.1","MEDIAN_PRICE",,"False","INITIALIZING","2026-09-11T18:50:12.752Z"
"20260911T161623Z-1","B","XLF","8","120","EHLERS_DOMINANT_CYCLE_PHASE","V0.1","MEDIAN_PRICE",,"False","INITIALIZING","2026-09-11T18:50:12.752Z"
"20260911T161623Z-1","B","XLF","9","120","EHLERS_DOMINANT_CYCLE_PHASE","V0.1","MEDIAN_PRICE",,"False","INITIALIZING","2026-09-11T18:50:12.752Z"
"20260911T161623Z-1","B","XLF","10","120","EHLERS_DOMINANT_CYCLE_PHASE","V0.1","MEDIAN_PRICE",,"False","INITIALIZING","2026-09-11T18:50:12.752Z"
"20260911T161623Z-1","B","XLF","11","120","EHLERS_DOMINANT_CYCLE_PHASE","V0.1","MEDIAN_PRICE",,"False","INITIALIZING","2026-09-11T18:50:12.752Z"
"20260911T161623Z-1","B","XLF","12","120","EHLERS_DOMINANT_CYCLE_PHASE","V0.1","MEDIAN_PRICE",,"False","INITIALIZING","2026-09-11T18:50:12.752Z"
"20260911T161623Z-1","B","XLF","13","120","EHLERS_DOMINANT_CYCLE_PHASE","V0.1","MEDIAN_PRICE",,"False","INITIALIZING","2026-09-11T18:50:12.752Z"
"20260911T161623Z-1","B","XLF","14","120","EHLERS_DOMINANT_CYCLE_PHASE","V0.1","MEDIAN_PRICE",,"False","INITIALIZING","2026-09-11T18:50:12.752Z"
"20260911T161623Z-1","B","XLF","15","120","EHLERS_DOMINANT_CYCLE_PHASE","V0.1","MEDIAN_PRICE",,"False","INITIALIZING","2026-09-11T18:50:12.752Z"
"20260911T161623Z-1","B","XLF","16","120","EHLERS_DOMINANT_CYCLE_PHASE","V0.1","MEDIAN_PRICE",,"False","INITIALIZING","2026-09-11T18:50:12.752Z"
"20260911T161623Z-1","B","XLF","17","120","EHLERS_DOMINANT_CYCLE_PHASE","V0.1","MEDIAN_PRICE",,"False","INITIALIZING","2026-09-11T18:50:12.752Z"
"20260911T161623Z-1","B","XLF","18","120","EHLERS_DOMINANT_CYCLE_PHASE","V0.1","MEDIAN_PRICE",,"False","INITIALIZING","2026-09-11T18:50:12.752Z"
"20260911T161623Z-1","B","XLF","19","120","EHLERS_DOMINANT_CYCLE_PHASE","V0.1","MEDIAN_PRICE",,"False","INITIALIZING","2026-09-11T18:50:12.752Z"
"20260911T161623Z-1","B","XLF","20","120","EHLERS_DOMINANT_CYCLE_PHASE","V0.1","MEDIAN_PRICE",,"False","INITIALIZING","2026-09-11T18:50:12.752Z"
"20260911T161623Z-1","B","XLF","21","120","EHLERS_DOMINANT_CYCLE_PHASE","V0.1","MEDIAN_PRICE",,"False","INITIALIZING","2026-09-11T18:50:12.752Z"
"20260911T161623Z-1","B","XLF","22","120","EHLERS_DOMINANT_CYCLE_PHASE","V0.1","MEDIAN_PRICE",,"False","INITIALIZING","2026-09-11T18:50:12.752Z"
"20260911T161623Z-1","B","XLF","23","120","EHLERS_DOMINANT_CYCLE_PHASE","V0.1","MEDIAN_PRICE",,"False","INITIALIZING","2026-09-11T18:50:12.752Z"
"20260911T161623Z-1","B","XLF","24","120","EHLERS_DOMINANT_CYCLE_PHASE","V0.1","MEDIAN_PRICE",,"False","INITIALIZING","2026-09-11T18:50:12.752Z"
"20260911T161623Z-1","B","XLF","25","120","EHLERS_DOMINANT_CYCLE_PHASE","V0.1","MEDIAN_PRICE",,"False","INITIALIZING","2026-09-11T18:50:12.752Z"
"20260911T161623Z-1","B","XLF","26","120","EHLERS_DOMINANT_CYCLE_PHASE","V0.1","MEDIAN_PRICE",,"False","INITIALIZING","2026-09-11T18:50:12.752Z"
"20260911T161623Z-1","B","XLF","27","120","EHLERS_DOMINANT_CYCLE_PHASE","V0.1","MEDIAN_PRICE",,"False","INITIALIZING","2026-09-11T18:50:12.752Z"
"20260911T161623Z-1","B","XLF","28","120","EHLERS_DOMINANT_CYCLE_PHASE","V0.1","MEDIAN_PRICE",,"False","INITIALIZING","2026-09-11T18:50:12.752Z"
"20260911T161623Z-1","B","XLF","29","120","EHLERS_DOMINANT_CYCLE_PHASE","V0.1","MEDIAN_PRICE",,"False","INITIALIZING","2026-09-11T18:50:12.752Z"
"20260911T161623Z-1","B","XLF","30","120","EHLERS_DOMINANT_CYCLE_PHASE","V0.1","MEDIAN_PRICE",,"False","INITIALIZING","2026-09-11T18:50:12.752Z"
"20260911T161623Z-1","B","XLF","31","120","EHLERS_DOMINANT_CYCLE_PHASE","V0.1","MEDIAN_PRICE",,"False","INITIALIZING","2026-09-11T18:50:12.752Z"
"20260911T161623Z-1","B","XLF","32","120","EHLERS_DOMINANT_CYCLE_PHASE","V0.1","MEDIAN_PRICE",,"False","INITIALIZING","2026-09-11T18:50:12.752Z"
"20260911T161623Z-1","B","XLF","33","120","EHLERS_DOMINANT_CYCLE_PHASE","V0.1","MEDIAN_PRICE",,"False","INITIALIZING","2026-09-11T18:50:12.752Z"
"20260911T161623Z-1","B","XLF","34","120","EHLERS_DOMINANT_CYCLE_PHASE","V0.1","MEDIAN_PRICE",,"False","INITIALIZING","2026-09-11T18:50:12.752Z"
"20260911T161623Z-1","B","XLF","35","120","EHLERS_DOMINANT_CYCLE_PHASE","V0.1","MEDIAN_PRICE",,"False","INITIALIZING","2026-09-11T18:50:12.752Z"
"20260911T161623Z-1","B","XLF","36","120","EHLERS_DOMINANT_CYCLE_PHASE","V0.1","MEDIAN_PRICE",,"False","INITIALIZING","2026-09-11T18:50:12.752Z"
"20260911T161623Z-1","B","XLF","37","120","EHLERS_DOMINANT_CYCLE_PHASE","V0.1","MEDIAN_PRICE",,"False","INITIALIZING","2026-09-11T18:50:12.752Z"
"20260911T161623Z-1","B","XLF","38","120","EHLERS_DOMINANT_CYCLE_PHASE","V0.1","MEDIAN_PRICE",,"False","INITIALIZING","2026-09-11T18:50:12.752Z"
"20260911T161623Z-1","B","XLF","39","120","EHLERS_DOMINANT_CYCLE_PHASE","V0.1","MEDIAN_PRICE",,"False","INITIALIZING","2026-09-11T18:50:12.752Z"
"20260911T161623Z-1","B","XLF","40","120","EHLERS_DOMINANT_CYCLE_PHASE","V0.1","MEDIAN_PRICE",,"False","INITIALIZING","2026-09-11T18:50:12.752Z"
"20260911T161623Z-1","B","XLF","41","120","EHLERS_DOMINANT_CYCLE_PHASE","V0.1","MEDIAN_PRICE",,"False","INITIALIZING","2026-09-11T18:50:12.752Z"
"20260911T161623Z-1","B","XLF","42","120","EHLERS_DOMINANT_CYCLE_PHASE","V0.1","MEDIAN_PRICE",,"False","INITIALIZING","2026-09-11T18:50:12.752Z"
"20260911T161623Z-1","B","XLF","43","120","EHLERS_DOMINANT_CYCLE_PHASE","V0.1","MEDIAN_PRICE",,"False","INITIALIZING","2026-09-11T18:50:12.752Z"
"20260911T161623Z-1","B","XLF","44","120","EHLERS_DOMINANT_CYCLE_PHASE","V0.1","MEDIAN_PRICE",,"False","INITIALIZING","2026-09-11T18:50:12.752Z"
"20260911T161623Z-1","B","XLF","45","120","EHLERS_DOMINANT_CYCLE_PHASE","V0.1","MEDIAN_PRICE",,"False","INITIALIZING","2026-09-11T18:50:12.752Z"
"20260911T161623Z-1","B","XLF","46","120","EHLERS_DOMINANT_CYCLE_PHASE","V0.1","MEDIAN_PRICE",,"False","INITIALIZING","2026-09-11T18:50:12.752Z"
"20260911T161623Z-1","B","XLF","47","120","EHLERS_DOMINANT_CYCLE_PHASE","V0.1","MEDIAN_PRICE",,"False","INITIALIZING","2026-09-11T18:50:12.752Z"
"20260911T161623Z-1","B","XLF","48","120","EHLERS_DOMINANT_CYCLE_PHASE","V0.1","MEDIAN_PRICE",,"False","INITIALIZING","2026-09-11T18:50:12.752Z"
"20260911T161623Z-1","B","XLF","49","120","EHLERS_DOMINANT_CYCLE_PHASE","V0.1","MEDIAN_PRICE",,"False","INITIALIZING","2026-09-11T18:50:12.752Z"
"20260911T161623Z-1","B","XLF","50","120","EHLERS_DOMINANT_CYCLE_PHASE","V0.1","MEDIAN_PRICE",,"False","INITIALIZING","2026-09-11T18:50:12.752Z"
"20260911T161623Z-1","B","XLF","51","120","EHLERS_DOMINANT_CYCLE_PHASE","V0.1","MEDIAN_PRICE",,"False","INITIALIZING","2026-09-11T18:50:12.752Z"
"20260911T161623Z-1","B","XLF","52","120","EHLERS_DOMINANT_CYCLE_PHASE","V0.1","MEDIAN_PRICE",,"False","INITIALIZING","2026-09-11T18:50:12.752Z"
"20260911T161623Z-1","B","XLF","53","120","EHLERS_DOMINANT_CYCLE_PHASE","V0.1","MEDIAN_PRICE",,"False","INITIALIZING","2026-09-11T18:50:12.752Z"
"20260911T161623Z-1","B","XLF","54","120","EHLERS_DOMINANT_CYCLE_PHASE","V0.1","MEDIAN_PRICE",,"False","INITIALIZING","2026-09-11T18:50:12.752Z"
"20260911T161623Z-1","B","XLF","55","120","EHLERS_DOMINANT_CYCLE_PHASE","V0.1","MEDIAN_PRICE",,"False","INITIALIZING","2026-09-11T18:50:12.752Z"
"20260911T161623Z-1","B","XLF","56","120","EHLERS_DOMINANT_CYCLE_PHASE","V0.1","MEDIAN_PRICE",,"False","INITIALIZING","2026-09-11T18:50:12.752Z"
"20260911T161623Z-1","B","XLF","57","120","EHLERS_DOMINANT_CYCLE_PHASE","V0.1","MEDIAN_PRICE",,"False","INITIALIZING","2026-09-11T18:50:12.752Z"
"20260911T161623Z-1","B","XLF","58","120","EHLERS_DOMINANT_CYCLE_PHASE","V0.1","MEDIAN_PRICE",,"False","INITIALIZING","2026-09-11T18:50:12.752Z"
"20260911T161623Z-1","B","XLF","59","120","EHLERS_DOMINANT_CYCLE_PHASE","V0.1","MEDIAN_PRICE",,"False","INITIALIZING","2026-09-11T18:50:12.752Z"
"20260911T161623Z-1","B","XLF","60","120","EHLERS_DOMINANT_CYCLE_PHASE","V0.1","MEDIAN_PRICE",,"False","INITIALIZING","2026-09-11T18:50:12.752Z"
"20260911T161623Z-1","B","XLF","61","120","EHLERS_DOMINANT_CYCLE_PHASE","V0.1","MEDIAN_PRICE",,"False","INITIALIZING","2026-09-11T18:50:12.752Z"
"20260911T161623Z-1","B","XLF","62","120","EHLERS_DOMINANT_CYCLE_PHASE","V0.1","MEDIAN_PRICE",,"False","INITIALIZING","2026-09-11T18:50:12.752Z"
"20260911T161623Z-1","B","XLF","63","120","EHLERS_DOMINANT_CYCLE_PHASE","V0.1","MEDIAN_PRICE",,"False","INITIALIZING","2026-09-11T18:50:12.752Z"
"20260911T161623Z-1","B","XLF","64","120","EHLERS_DOMINANT_CYCLE_PHASE","V0.1","MEDIAN_PRICE","1.4136701599755384","True","OBSERVABLE","2026-09-11T18:50:12.752Z"
"20260911T161623Z-1","B","XLF","65","120","EHLERS_DOMINANT_CYCLE_PHASE","V0.1","MEDIAN_PRICE","5.39999509144684","True","OBSERVABLE","2026-09-11T18:50:12.752Z"
"20260911T161623Z-1","B","XLF","66","120","EHLERS_DOMINANT_CYCLE_PHASE","V0.1","MEDIAN_PRICE","10.261258304206308","True","OBSERVABLE","2026-09-11T18:50:12.752Z"
"20260911T161623Z-1","B","XLF","67","120","EHLERS_DOMINANT_CYCLE_PHASE","V0.1","MEDIAN_PRICE","21.594160238543168","True","OBSERVABLE","2026-09-11T18:50:12.752Z"
"20260911T161623Z-1","B","XLF","68","120","EHLERS_DOMINANT_CYCLE_PHASE","V0.1","MEDIAN_PRICE","27.410518323842467","True","OBSERVABLE","2026-09-11T18:50:12.752Z"
"20260911T161623Z-1","B","XLF","69","120","EHLERS_DOMINANT_CYCLE_PHASE","V0.1","MEDIAN_PRICE","34.36719482021162","True","OBSERVABLE","2026-09-11T18:50:12.752Z"
"20260911T161623Z-1","B","XLF","70","120","EHLERS_DOMINANT_CYCLE_PHASE","V0.1","MEDIAN_PRICE","47.46401896721228","True","OBSERVABLE","2026-09-11T18:50:12.752Z"
"20260911T161623Z-1","B","XLF","71","120","EHLERS_DOMINANT_CYCLE_PHASE","V0.1","MEDIAN_PRICE","59.32445775431839","True","OBSERVABLE","2026-09-11T18:50:12.752Z"
"20260911T161623Z-1","B","XLF","72","120","EHLERS_DOMINANT_CYCLE_PHASE","V0.1","MEDIAN_PRICE","67.05026695011173","True","OBSERVABLE","2026-09-11T18:50:12.752Z"
"20260911T161623Z-1","B","XLF","73","120","EHLERS_DOMINANT_CYCLE_PHASE","V0.1","MEDIAN_PRICE","78.59390664126984","True","OBSERVABLE","2026-09-11T18:50:12.752Z"
"20260911T161623Z-1","B","XLF","74","120","EHLERS_DOMINANT_CYCLE_PHASE","V0.1","MEDIAN_PRICE","90.45600889942277","True","OBSERVABLE","2026-09-11T18:50:12.752Z"
"20260911T161623Z-1","B","XLF","75","120","EHLERS_DOMINANT_CYCLE_PHASE","V0.1","MEDIAN_PRICE","102.38862891411588","True","OBSERVABLE","2026-09-11T18:50:12.752Z"
"20260911T161623Z-1","B","XLF","76","120","EHLERS_DOMINANT_CYCLE_PHASE","V0.1","MEDIAN_PRICE","114.09704685750876","True","OBSERVABLE","2026-09-11T18:50:12.752Z"
"20260911T161623Z-1","B","XLF","77","120","EHLERS_DOMINANT_CYCLE_PHASE","V0.1","MEDIAN_PRICE","125.36993235108412","True","OBSERVABLE","2026-09-11T18:50:12.752Z"
"20260911T161623Z-1","B","XLF","78","120","EHLERS_DOMINANT_CYCLE_PHASE","V0.1","MEDIAN_PRICE","131.62188505619014","True","OBSERVABLE","2026-09-11T18:50:12.752Z"
"20260911T161623Z-1","B","XLF","79","120","EHLERS_DOMINANT_CYCLE_PHASE","V0.1","MEDIAN_PRICE","142.88929251542362","True","OBSERVABLE","2026-09-11T18:50:12.752Z"
"20260911T161623Z-1","B","XLF","80","120","EHLERS_DOMINANT_CYCLE_PHASE","V0.1","MEDIAN_PRICE","154.32108609253936","True","OBSERVABLE","2026-09-11T18:50:12.752Z"
"20260911T161623Z-1","B","XLF","81","120","EHLERS_DOMINANT_CYCLE_PHASE","V0.1","MEDIAN_PRICE","166.38329897490223","True","OBSERVABLE","2026-09-11T18:50:12.752Z"
"20260911T161623Z-1","B","XLF","82","120","EHLERS_DOMINANT_CYCLE_PHASE","V0.1","MEDIAN_PRICE","177.63035598196396","True","OBSERVABLE","2026-09-11T18:50:12.752Z"
"20260911T161623Z-1","B","XLF","83","120","EHLERS_DOMINANT_CYCLE_PHASE","V0.1","MEDIAN_PRICE","188.47127068822545","True","OBSERVABLE","2026-09-11T18:50:12.752Z"
"20260911T161623Z-1","B","XLF","84","120","EHLERS_DOMINANT_CYCLE_PHASE","V0.1","MEDIAN_PRICE","197.7284667865269","True","OBSERVABLE","2026-09-11T18:50:12.752Z"
"20260911T161623Z-1","B","XLF","85","120","EHLERS_DOMINANT_CYCLE_PHASE","V0.1","MEDIAN_PRICE","205.27252923279462","True","OBSERVABLE","2026-09-11T18:50:12.752Z"
"20260911T161623Z-1","B","XLF","86","120","EHLERS_DOMINANT_CYCLE_PHASE","V0.1","MEDIAN_PRICE","212.529796982074","True","OBSERVABLE","2026-09-11T18:50:12.752Z"
"20260911T161623Z-1","B","XLF","87","120","EHLERS_DOMINANT_CYCLE_PHASE","V0.1","MEDIAN_PRICE","219.4624490549377","True","OBSERVABLE","2026-09-11T18:50:12.752Z"
"20260911T161623Z-1","B","XLF","88","120","EHLERS_DOMINANT_CYCLE_PHASE","V0.1","MEDIAN_PRICE","226.00014853078568","True","OBSERVABLE","2026-09-11T18:50:12.752Z"
"20260911T161623Z-1","B","XLF","89","120","EHLERS_DOMINANT_CYCLE_PHASE","V0.1","MEDIAN_PRICE","238.2727903154696","True","OBSERVABLE","2026-09-11T18:50:12.752Z"
"20260911T161623Z-1","B","XLF","90","120","EHLERS_DOMINANT_CYCLE_PHASE","V0.1","MEDIAN_PRICE","241.38889446131643","True","OBSERVABLE","2026-09-11T18:50:12.752Z"
"20260911T161623Z-1","B","XLF","91","120","EHLERS_DOMINANT_CYCLE_PHASE","V0.1","MEDIAN_PRICE","239.9479194692324","True","OBSERVABLE","2026-09-11T18:50:12.752Z"
"20260911T161623Z-1","B","XLF","92","120","EHLERS_DOMINANT_CYCLE_PHASE","V0.1","MEDIAN_PRICE","221.05901139165906","True","OBSERVABLE","2026-09-11T18:50:12.752Z"
"20260911T161623Z-1","B","XLF","93","120","EHLERS_DOMINANT_CYCLE_PHASE","V0.1","MEDIAN_PRICE","169.07131500178292","True","OBSERVABLE","2026-09-11T18:50:12.752Z"
"20260911T161623Z-1","B","XLF","94","120","EHLERS_DOMINANT_CYCLE_PHASE","V0.1","MEDIAN_PRICE","122.97434983910706","True","OBSERVABLE","2026-09-11T18:50:12.752Z"
"20260911T161623Z-1","B","XLF","95","120","EHLERS_DOMINANT_CYCLE_PHASE","V0.1","MEDIAN_PRICE","125.17781926790879","True","OBSERVABLE","2026-09-11T18:50:12.752Z"
"20260911T161623Z-1","B","XLF","96","120","EHLERS_DOMINANT_CYCLE_PHASE","V0.1","MEDIAN_PRICE","130.22397493437097","True","OBSERVABLE","2026-09-11T18:50:12.752Z"
"20260911T161623Z-1","B","XLF","97","120","EHLERS_DOMINANT_CYCLE_PHASE","V0.1","MEDIAN_PRICE","138.37867904531177","True","OBSERVABLE","2026-09-11T18:50:12.752Z"
"20260911T161623Z-1","B","XLF","98","120","EHLERS_DOMINANT_CYCLE_PHASE","V0.1","MEDIAN_PRICE","151.9553686317244","True","OBSERVABLE","2026-09-11T18:50:12.752Z"
"20260911T161623Z-1","B","XLF","99","120","EHLERS_DOMINANT_CYCLE_PHASE","V0.1","MEDIAN_PRICE","162.32967874765373","True","OBSERVABLE","2026-09-11T18:50:12.752Z"
"20260911T161623Z-1","B","XLF","100","120","EHLERS_DOMINANT_CYCLE_PHASE","V0.1","MEDIAN_PRICE","172.9797037533416","True","OBSERVABLE","2026-09-11T18:50:12.752Z"
"20260911T161623Z-1","B","XLF","101","120","EHLERS_DOMINANT_CYCLE_PHASE","V0.1","MEDIAN_PRICE","182.34707737457816","True","OBSERVABLE","2026-09-11T18:50:12.752Z"
"20260911T161623Z-1","B","XLF","102","120","EHLERS_DOMINANT_CYCLE_PHASE","V0.1","MEDIAN_PRICE","191.26009570498618","True","OBSERVABLE","2026-09-11T18:50:12.752Z"
"20260911T161623Z-1","B","XLF","103","120","EHLERS_DOMINANT_CYCLE_PHASE","V0.1","MEDIAN_PRICE","198.24748344446806","True","OBSERVABLE","2026-09-11T18:50:12.752Z"
"20260911T161623Z-1","B","XLF","104","120","EHLERS_DOMINANT_CYCLE_PHASE","V0.1","MEDIAN_PRICE","202.05606855778748","True","OBSERVABLE","2026-09-11T18:50:12.752Z"
"20260911T161623Z-1","B","XLF","105","120","EHLERS_DOMINANT_CYCLE_PHASE","V0.1","MEDIAN_PRICE","201.91716452687865","True","OBSERVABLE","2026-09-11T18:50:12.752Z"
"20260911T161623Z-1","B","XLF","106","120","EHLERS_DOMINANT_CYCLE_PHASE","V0.1","MEDIAN_PRICE","196.19581193998258","True","OBSERVABLE","2026-09-11T18:50:12.752Z"
"20260911T161623Z-1","B","XLF","107","120","EHLERS_DOMINANT_CYCLE_PHASE","V0.1","MEDIAN_PRICE","187.75901270452977","True","OBSERVABLE","2026-09-11T18:50:12.752Z"
"20260911T161623Z-1","B","XLF","108","120","EHLERS_DOMINANT_CYCLE_PHASE","V0.1","MEDIAN_PRICE","186.12920668614314","True","OBSERVABLE","2026-09-11T18:50:12.752Z"
"20260911T161623Z-1","B","XLF","109","120","EHLERS_DOMINANT_CYCLE_PHASE","V0.1","MEDIAN_PRICE","182.32414975141143","True","OBSERVABLE","2026-09-11T18:50:12.752Z"
"20260911T161623Z-1","B","XLF","110","120","EHLERS_DOMINANT_CYCLE_PHASE","V0.1","MEDIAN_PRICE","180.3654930718567","True","OBSERVABLE","2026-09-11T18:50:12.752Z"
"20260911T161623Z-1","B","XLF","111","120","EHLERS_DOMINANT_CYCLE_PHASE","V0.1","MEDIAN_PRICE","179.30970974155645","True","OBSERVABLE","2026-09-11T18:50:12.752Z"
"20260911T161623Z-1","B","XLF","112","120","EHLERS_DOMINANT_CYCLE_PHASE","V0.1","MEDIAN_PRICE","182.2871948668797","True","OBSERVABLE","2026-09-11T18:50:12.752Z"
"20260911T161623Z-1","B","XLF","113","120","EHLERS_DOMINANT_CYCLE_PHASE","V0.1","MEDIAN_PRICE","186.79972854717857","True","OBSERVABLE","2026-09-11T18:50:12.752Z"
"20260911T161623Z-1","B","XLF","114","120","EHLERS_DOMINANT_CYCLE_PHASE","V0.1","MEDIAN_PRICE","194.27913177581883","True","OBSERVABLE","2026-09-11T18:50:12.752Z"
"20260911T161623Z-1","B","XLF","115","120","EHLERS_DOMINANT_CYCLE_PHASE","V0.1","MEDIAN_PRICE","201.12795313033132","True","OBSERVABLE","2026-09-11T18:50:12.752Z"
"20260911T161623Z-1","B","XLF","116","120","EHLERS_DOMINANT_CYCLE_PHASE","V0.1","MEDIAN_PRICE","208.66125217936516","True","OBSERVABLE","2026-09-11T18:50:12.752Z"
"20260911T161623Z-1","B","XLF","117","120","EHLERS_DOMINANT_CYCLE_PHASE","V0.1","MEDIAN_PRICE","216.6517585319633","True","OBSERVABLE","2026-09-11T18:50:12.752Z"
"20260911T161623Z-1","B","XLF","118","120","EHLERS_DOMINANT_CYCLE_PHASE","V0.1","MEDIAN_PRICE","227.4444586808491","True","OBSERVABLE","2026-09-11T18:50:12.752Z"
"20260911T161623Z-1","B","XLK","1","120","EHLERS_DOMINANT_CYCLE_PHASE","V0.1","MEDIAN_PRICE",,"False","INITIALIZING","2026-09-11T18:50:12.789Z"
"20260911T161623Z-1","B","XLK","2","120","EHLERS_DOMINANT_CYCLE_PHASE","V0.1","MEDIAN_PRICE",,"False","INITIALIZING","2026-09-11T18:50:12.789Z"
"20260911T161623Z-1","B","XLK","3","120","EHLERS_DOMINANT_CYCLE_PHASE","V0.1","MEDIAN_PRICE",,"False","INITIALIZING","2026-09-11T18:50:12.789Z"
"20260911T161623Z-1","B","XLK","4","120","EHLERS_DOMINANT_CYCLE_PHASE","V0.1","MEDIAN_PRICE",,"False","INITIALIZING","2026-09-11T18:50:12.789Z"
"20260911T161623Z-1","B","XLK","5","120","EHLERS_DOMINANT_CYCLE_PHASE","V0.1","MEDIAN_PRICE",,"False","INITIALIZING","2026-09-11T18:50:12.789Z"
"20260911T161623Z-1","B","XLK","6","120","EHLERS_DOMINANT_CYCLE_PHASE","V0.1","MEDIAN_PRICE",,"False","INITIALIZING","2026-09-11T18:50:12.789Z"
"20260911T161623Z-1","B","XLK","7","120","EHLERS_DOMINANT_CYCLE_PHASE","V0.1","MEDIAN_PRICE",,"False","INITIALIZING","2026-09-11T18:50:12.789Z"
"20260911T161623Z-1","B","XLK","8","120","EHLERS_DOMINANT_CYCLE_PHASE","V0.1","MEDIAN_PRICE",,"False","INITIALIZING","2026-09-11T18:50:12.789Z"
"20260911T161623Z-1","B","XLK","9","120","EHLERS_DOMINANT_CYCLE_PHASE","V0.1","MEDIAN_PRICE",,"False","INITIALIZING","2026-09-11T18:50:12.789Z"
"20260911T161623Z-1","B","XLK","10","120","EHLERS_DOMINANT_CYCLE_PHASE","V0.1","MEDIAN_PRICE",,"False","INITIALIZING","2026-09-11T18:50:12.789Z"
"20260911T161623Z-1","B","XLK","11","120","EHLERS_DOMINANT_CYCLE_PHASE","V0.1","MEDIAN_PRICE",,"False","INITIALIZING","2026-09-11T18:50:12.789Z"
"20260911T161623Z-1","B","XLK","12","120","EHLERS_DOMINANT_CYCLE_PHASE","V0.1","MEDIAN_PRICE",,"False","INITIALIZING","2026-09-11T18:50:12.789Z"
"20260911T161623Z-1","B","XLK","13","120","EHLERS_DOMINANT_CYCLE_PHASE","V0.1","MEDIAN_PRICE",,"False","INITIALIZING","2026-09-11T18:50:12.789Z"
"20260911T161623Z-1","B","XLK","14","120","EHLERS_DOMINANT_CYCLE_PHASE","V0.1","MEDIAN_PRICE",,"False","INITIALIZING","2026-09-11T18:50:12.789Z"
"20260911T161623Z-1","B","XLK","15","120","EHLERS_DOMINANT_CYCLE_PHASE","V0.1","MEDIAN_PRICE",,"False","INITIALIZING","2026-09-11T18:50:12.789Z"
"20260911T161623Z-1","B","XLK","16","120","EHLERS_DOMINANT_CYCLE_PHASE","V0.1","MEDIAN_PRICE",,"False","INITIALIZING","2026-09-11T18:50:12.789Z"
"20260911T161623Z-1","B","XLK","17","120","EHLERS_DOMINANT_CYCLE_PHASE","V0.1","MEDIAN_PRICE",,"False","INITIALIZING","2026-09-11T18:50:12.789Z"
"20260911T161623Z-1","B","XLK","18","120","EHLERS_DOMINANT_CYCLE_PHASE","V0.1","MEDIAN_PRICE",,"False","INITIALIZING","2026-09-11T18:50:12.789Z"
"20260911T161623Z-1","B","XLK","19","120","EHLERS_DOMINANT_CYCLE_PHASE","V0.1","MEDIAN_PRICE",,"False","INITIALIZING","2026-09-11T18:50:12.789Z"
"20260911T161623Z-1","B","XLK","20","120","EHLERS_DOMINANT_CYCLE_PHASE","V0.1","MEDIAN_PRICE",,"False","INITIALIZING","2026-09-11T18:50:12.789Z"
"20260911T161623Z-1","B","XLK","21","120","EHLERS_DOMINANT_CYCLE_PHASE","V0.1","MEDIAN_PRICE",,"False","INITIALIZING","2026-09-11T18:50:12.789Z"
"20260911T161623Z-1","B","XLK","22","120","EHLERS_DOMINANT_CYCLE_PHASE","V0.1","MEDIAN_PRICE",,"False","INITIALIZING","2026-09-11T18:50:12.789Z"
"20260911T161623Z-1","B","XLK","23","120","EHLERS_DOMINANT_CYCLE_PHASE","V0.1","MEDIAN_PRICE",,"False","INITIALIZING","2026-09-11T18:50:12.789Z"
"20260911T161623Z-1","B","XLK","24","120","EHLERS_DOMINANT_CYCLE_PHASE","V0.1","MEDIAN_PRICE",,"False","INITIALIZING","2026-09-11T18:50:12.789Z"
"20260911T161623Z-1","B","XLK","25","120","EHLERS_DOMINANT_CYCLE_PHASE","V0.1","MEDIAN_PRICE",,"False","INITIALIZING","2026-09-11T18:50:12.789Z"
"20260911T161623Z-1","B","XLK","26","120","EHLERS_DOMINANT_CYCLE_PHASE","V0.1","MEDIAN_PRICE",,"False","INITIALIZING","2026-09-11T18:50:12.789Z"
"20260911T161623Z-1","B","XLK","27","120","EHLERS_DOMINANT_CYCLE_PHASE","V0.1","MEDIAN_PRICE",,"False","INITIALIZING","2026-09-11T18:50:12.789Z"
"20260911T161623Z-1","B","XLK","28","120","EHLERS_DOMINANT_CYCLE_PHASE","V0.1","MEDIAN_PRICE",,"False","INITIALIZING","2026-09-11T18:50:12.789Z"
"20260911T161623Z-1","B","XLK","29","120","EHLERS_DOMINANT_CYCLE_PHASE","V0.1","MEDIAN_PRICE",,"False","INITIALIZING","2026-09-11T18:50:12.789Z"
"20260911T161623Z-1","B","XLK","30","120","EHLERS_DOMINANT_CYCLE_PHASE","V0.1","MEDIAN_PRICE",,"False","INITIALIZING","2026-09-11T18:50:12.789Z"
"20260911T161623Z-1","B","XLK","31","120","EHLERS_DOMINANT_CYCLE_PHASE","V0.1","MEDIAN_PRICE",,"False","INITIALIZING","2026-09-11T18:50:12.789Z"
"20260911T161623Z-1","B","XLK","32","120","EHLERS_DOMINANT_CYCLE_PHASE","V0.1","MEDIAN_PRICE",,"False","INITIALIZING","2026-09-11T18:50:12.789Z"
"20260911T161623Z-1","B","XLK","33","120","EHLERS_DOMINANT_CYCLE_PHASE","V0.1","MEDIAN_PRICE",,"False","INITIALIZING","2026-09-11T18:50:12.789Z"
"20260911T161623Z-1","B","XLK","34","120","EHLERS_DOMINANT_CYCLE_PHASE","V0.1","MEDIAN_PRICE",,"False","INITIALIZING","2026-09-11T18:50:12.789Z"
"20260911T161623Z-1","B","XLK","35","120","EHLERS_DOMINANT_CYCLE_PHASE","V0.1","MEDIAN_PRICE",,"False","INITIALIZING","2026-09-11T18:50:12.789Z"
"20260911T161623Z-1","B","XLK","36","120","EHLERS_DOMINANT_CYCLE_PHASE","V0.1","MEDIAN_PRICE",,"False","INITIALIZING","2026-09-11T18:50:12.789Z"
"20260911T161623Z-1","B","XLK","37","120","EHLERS_DOMINANT_CYCLE_PHASE","V0.1","MEDIAN_PRICE",,"False","INITIALIZING","2026-09-11T18:50:12.789Z"
"20260911T161623Z-1","B","XLK","38","120","EHLERS_DOMINANT_CYCLE_PHASE","V0.1","MEDIAN_PRICE",,"False","INITIALIZING","2026-09-11T18:50:12.789Z"
"20260911T161623Z-1","B","XLK","39","120","EHLERS_DOMINANT_CYCLE_PHASE","V0.1","MEDIAN_PRICE",,"False","INITIALIZING","2026-09-11T18:50:12.789Z"
"20260911T161623Z-1","B","XLK","40","120","EHLERS_DOMINANT_CYCLE_PHASE","V0.1","MEDIAN_PRICE",,"False","INITIALIZING","2026-09-11T18:50:12.789Z"
"20260911T161623Z-1","B","XLK","41","120","EHLERS_DOMINANT_CYCLE_PHASE","V0.1","MEDIAN_PRICE",,"False","INITIALIZING","2026-09-11T18:50:12.789Z"
"20260911T161623Z-1","B","XLK","42","120","EHLERS_DOMINANT_CYCLE_PHASE","V0.1","MEDIAN_PRICE",,"False","INITIALIZING","2026-09-11T18:50:12.789Z"
"20260911T161623Z-1","B","XLK","43","120","EHLERS_DOMINANT_CYCLE_PHASE","V0.1","MEDIAN_PRICE",,"False","INITIALIZING","2026-09-11T18:50:12.789Z"
"20260911T161623Z-1","B","XLK","44","120","EHLERS_DOMINANT_CYCLE_PHASE","V0.1","MEDIAN_PRICE",,"False","INITIALIZING","2026-09-11T18:50:12.789Z"
"20260911T161623Z-1","B","XLK","45","120","EHLERS_DOMINANT_CYCLE_PHASE","V0.1","MEDIAN_PRICE",,"False","INITIALIZING","2026-09-11T18:50:12.789Z"
"20260911T161623Z-1","B","XLK","46","120","EHLERS_DOMINANT_CYCLE_PHASE","V0.1","MEDIAN_PRICE",,"False","INITIALIZING","2026-09-11T18:50:12.789Z"
"20260911T161623Z-1","B","XLK","47","120","EHLERS_DOMINANT_CYCLE_PHASE","V0.1","MEDIAN_PRICE",,"False","INITIALIZING","2026-09-11T18:50:12.789Z"
"20260911T161623Z-1","B","XLK","48","120","EHLERS_DOMINANT_CYCLE_PHASE","V0.1","MEDIAN_PRICE",,"False","INITIALIZING","2026-09-11T18:50:12.789Z"
"20260911T161623Z-1","B","XLK","49","120","EHLERS_DOMINANT_CYCLE_PHASE","V0.1","MEDIAN_PRICE",,"False","INITIALIZING","2026-09-11T18:50:12.789Z"
"20260911T161623Z-1","B","XLK","50","120","EHLERS_DOMINANT_CYCLE_PHASE","V0.1","MEDIAN_PRICE",,"False","INITIALIZING","2026-09-11T18:50:12.789Z"
"20260911T161623Z-1","B","XLK","51","120","EHLERS_DOMINANT_CYCLE_PHASE","V0.1","MEDIAN_PRICE",,"False","INITIALIZING","2026-09-11T18:50:12.789Z"
"20260911T161623Z-1","B","XLK","52","120","EHLERS_DOMINANT_CYCLE_PHASE","V0.1","MEDIAN_PRICE",,"False","INITIALIZING","2026-09-11T18:50:12.789Z"
"20260911T161623Z-1","B","XLK","53","120","EHLERS_DOMINANT_CYCLE_PHASE","V0.1","MEDIAN_PRICE",,"False","INITIALIZING","2026-09-11T18:50:12.789Z"
"20260911T161623Z-1","B","XLK","54","120","EHLERS_DOMINANT_CYCLE_PHASE","V0.1","MEDIAN_PRICE",,"False","INITIALIZING","2026-09-11T18:50:12.789Z"
"20260911T161623Z-1","B","XLK","55","120","EHLERS_DOMINANT_CYCLE_PHASE","V0.1","MEDIAN_PRICE",,"False","INITIALIZING","2026-09-11T18:50:12.789Z"
"20260911T161623Z-1","B","XLK","56","120","EHLERS_DOMINANT_CYCLE_PHASE","V0.1","MEDIAN_PRICE",,"False","INITIALIZING","2026-09-11T18:50:12.789Z"
"20260911T161623Z-1","B","XLK","57","120","EHLERS_DOMINANT_CYCLE_PHASE","V0.1","MEDIAN_PRICE",,"False","INITIALIZING","2026-09-11T18:50:12.789Z"
"20260911T161623Z-1","B","XLK","58","120","EHLERS_DOMINANT_CYCLE_PHASE","V0.1","MEDIAN_PRICE",,"False","INITIALIZING","2026-09-11T18:50:12.789Z"
"20260911T161623Z-1","B","XLK","59","120","EHLERS_DOMINANT_CYCLE_PHASE","V0.1","MEDIAN_PRICE",,"False","INITIALIZING","2026-09-11T18:50:12.789Z"
"20260911T161623Z-1","B","XLK","60","120","EHLERS_DOMINANT_CYCLE_PHASE","V0.1","MEDIAN_PRICE",,"False","INITIALIZING","2026-09-11T18:50:12.789Z"
"20260911T161623Z-1","B","XLK","61","120","EHLERS_DOMINANT_CYCLE_PHASE","V0.1","MEDIAN_PRICE",,"False","INITIALIZING","2026-09-11T18:50:12.789Z"
"20260911T161623Z-1","B","XLK","62","120","EHLERS_DOMINANT_CYCLE_PHASE","V0.1","MEDIAN_PRICE",,"False","INITIALIZING","2026-09-11T18:50:12.789Z"
"20260911T161623Z-1","B","XLK","63","120","EHLERS_DOMINANT_CYCLE_PHASE","V0.1","MEDIAN_PRICE",,"False","INITIALIZING","2026-09-11T18:50:12.789Z"
"20260911T161623Z-1","B","XLK","64","120","EHLERS_DOMINANT_CYCLE_PHASE","V0.1","MEDIAN_PRICE","160.1105031212225","True","OBSERVABLE","2026-09-11T18:50:12.789Z"
"20260911T161623Z-1","B","XLK","65","120","EHLERS_DOMINANT_CYCLE_PHASE","V0.1","MEDIAN_PRICE","164.75637061058524","True","OBSERVABLE","2026-09-11T18:50:12.789Z"
"20260911T161623Z-1","B","XLK","66","120","EHLERS_DOMINANT_CYCLE_PHASE","V0.1","MEDIAN_PRICE","169.60644660059825","True","OBSERVABLE","2026-09-11T18:50:12.789Z"
"20260911T161623Z-1","B","XLK","67","120","EHLERS_DOMINANT_CYCLE_PHASE","V0.1","MEDIAN_PRICE","178.55394760065423","True","OBSERVABLE","2026-09-11T18:50:12.789Z"
"20260911T161623Z-1","B","XLK","68","120","EHLERS_DOMINANT_CYCLE_PHASE","V0.1","MEDIAN_PRICE","183.24580206266936","True","OBSERVABLE","2026-09-11T18:50:12.789Z"
"20260911T161623Z-1","B","XLK","69","120","EHLERS_DOMINANT_CYCLE_PHASE","V0.1","MEDIAN_PRICE","186.83855825547687","True","OBSERVABLE","2026-09-11T18:50:12.789Z"
"20260911T161623Z-1","B","XLK","70","120","EHLERS_DOMINANT_CYCLE_PHASE","V0.1","MEDIAN_PRICE","195.94201682787303","True","OBSERVABLE","2026-09-11T18:50:12.789Z"
"20260911T161623Z-1","B","XLK","71","120","EHLERS_DOMINANT_CYCLE_PHASE","V0.1","MEDIAN_PRICE","204.7976669881526","True","OBSERVABLE","2026-09-11T18:50:12.789Z"
"20260911T161623Z-1","B","XLK","72","120","EHLERS_DOMINANT_CYCLE_PHASE","V0.1","MEDIAN_PRICE","207.76863965901015","True","OBSERVABLE","2026-09-11T18:50:12.789Z"
"20260911T161623Z-1","B","XLK","73","120","EHLERS_DOMINANT_CYCLE_PHASE","V0.1","MEDIAN_PRICE","216.72373689299633","True","OBSERVABLE","2026-09-11T18:50:12.789Z"
"20260911T161623Z-1","B","XLK","74","120","EHLERS_DOMINANT_CYCLE_PHASE","V0.1","MEDIAN_PRICE","225.64959150167547","True","OBSERVABLE","2026-09-11T18:50:12.789Z"
"20260911T161623Z-1","B","XLK","75","120","EHLERS_DOMINANT_CYCLE_PHASE","V0.1","MEDIAN_PRICE","233.66501566633806","True","OBSERVABLE","2026-09-11T18:50:12.789Z"
"20260911T161623Z-1","B","XLK","76","120","EHLERS_DOMINANT_CYCLE_PHASE","V0.1","MEDIAN_PRICE","235.5232530332452","True","OBSERVABLE","2026-09-11T18:50:12.789Z"
"20260911T161623Z-1","B","XLK","77","120","EHLERS_DOMINANT_CYCLE_PHASE","V0.1","MEDIAN_PRICE","242.89177443835098","True","OBSERVABLE","2026-09-11T18:50:12.789Z"
"20260911T161623Z-1","B","XLK","78","120","EHLERS_DOMINANT_CYCLE_PHASE","V0.1","MEDIAN_PRICE","249.79526918989234","True","OBSERVABLE","2026-09-11T18:50:12.789Z"
"20260911T161623Z-1","B","XLK","79","120","EHLERS_DOMINANT_CYCLE_PHASE","V0.1","MEDIAN_PRICE","255.53153189139618","True","OBSERVABLE","2026-09-11T18:50:12.789Z"
"20260911T161623Z-1","B","XLK","80","120","EHLERS_DOMINANT_CYCLE_PHASE","V0.1","MEDIAN_PRICE","260.32842945436994","True","OBSERVABLE","2026-09-11T18:50:12.789Z"
"20260911T161623Z-1","B","XLK","81","120","EHLERS_DOMINANT_CYCLE_PHASE","V0.1","MEDIAN_PRICE","265.2011025017873","True","OBSERVABLE","2026-09-11T18:50:12.789Z"
"20260911T161623Z-1","B","XLK","82","120","EHLERS_DOMINANT_CYCLE_PHASE","V0.1","MEDIAN_PRICE","271.73539143557696","True","OBSERVABLE","2026-09-11T18:50:12.789Z"
"20260911T161623Z-1","B","XLK","83","120","EHLERS_DOMINANT_CYCLE_PHASE","V0.1","MEDIAN_PRICE","288.3414741252143","True","OBSERVABLE","2026-09-11T18:50:12.789Z"
"20260911T161623Z-1","B","XLK","84","120","EHLERS_DOMINANT_CYCLE_PHASE","V0.1","MEDIAN_PRICE","88.44437271850326","True","OBSERVABLE","2026-09-11T18:50:12.789Z"
"20260911T161623Z-1","B","XLK","85","120","EHLERS_DOMINANT_CYCLE_PHASE","V0.1","MEDIAN_PRICE","100.94385126682639","True","OBSERVABLE","2026-09-11T18:50:12.789Z"
"20260911T161623Z-1","B","XLK","86","120","EHLERS_DOMINANT_CYCLE_PHASE","V0.1","MEDIAN_PRICE","109.49998729586306","True","OBSERVABLE","2026-09-11T18:50:12.789Z"
"20260911T161623Z-1","B","XLK","87","120","EHLERS_DOMINANT_CYCLE_PHASE","V0.1","MEDIAN_PRICE","119.47898089166227","True","OBSERVABLE","2026-09-11T18:50:12.789Z"
"20260911T161623Z-1","B","XLK","88","120","EHLERS_DOMINANT_CYCLE_PHASE","V0.1","MEDIAN_PRICE","133.54427742950696","True","OBSERVABLE","2026-09-11T18:50:12.789Z"
"20260911T161623Z-1","B","XLK","89","120","EHLERS_DOMINANT_CYCLE_PHASE","V0.1","MEDIAN_PRICE","155.29134055180734","True","OBSERVABLE","2026-09-11T18:50:12.789Z"
"20260911T161623Z-1","B","XLK","90","120","EHLERS_DOMINANT_CYCLE_PHASE","V0.1","MEDIAN_PRICE","191.8917275056345","True","OBSERVABLE","2026-09-11T18:50:12.789Z"
"20260911T161623Z-1","B","XLK","91","120","EHLERS_DOMINANT_CYCLE_PHASE","V0.1","MEDIAN_PRICE","226.07422957655024","True","OBSERVABLE","2026-09-11T18:50:12.789Z"
"20260911T161623Z-1","C","BAC","1","120","EHLERS_DOMINANT_CYCLE_PHASE","V0.1","MEDIAN_PRICE",,"False","INITIALIZING","2026-09-11T18:50:12.819Z"
"20260911T161623Z-1","C","BAC","2","120","EHLERS_DOMINANT_CYCLE_PHASE","V0.1","MEDIAN_PRICE",,"False","INITIALIZING","2026-09-11T18:50:12.819Z"
"20260911T161623Z-1","C","BAC","3","120","EHLERS_DOMINANT_CYCLE_PHASE","V0.1","MEDIAN_PRICE",,"False","INITIALIZING","2026-09-11T18:50:12.819Z"
"20260911T161623Z-1","C","BAC","4","120","EHLERS_DOMINANT_CYCLE_PHASE","V0.1","MEDIAN_PRICE",,"False","INITIALIZING","2026-09-11T18:50:12.819Z"
"20260911T161623Z-1","C","BAC","5","120","EHLERS_DOMINANT_CYCLE_PHASE","V0.1","MEDIAN_PRICE",,"False","INITIALIZING","2026-09-11T18:50:12.819Z"
"20260911T161623Z-1","C","BAC","6","120","EHLERS_DOMINANT_CYCLE_PHASE","V0.1","MEDIAN_PRICE",,"False","INITIALIZING","2026-09-11T18:50:12.819Z"
"20260911T161623Z-1","C","BAC","7","120","EHLERS_DOMINANT_CYCLE_PHASE","V0.1","MEDIAN_PRICE",,"False","INITIALIZING","2026-09-11T18:50:12.819Z"
"20260911T161623Z-1","C","BAC","8","120","EHLERS_DOMINANT_CYCLE_PHASE","V0.1","MEDIAN_PRICE",,"False","INITIALIZING","2026-09-11T18:50:12.819Z"
"20260911T161623Z-1","C","BAC","9","120","EHLERS_DOMINANT_CYCLE_PHASE","V0.1","MEDIAN_PRICE",,"False","INITIALIZING","2026-09-11T18:50:12.819Z"
"20260911T161623Z-1","C","BAC","10","120","EHLERS_DOMINANT_CYCLE_PHASE","V0.1","MEDIAN_PRICE",,"False","INITIALIZING","2026-09-11T18:50:12.819Z"
"20260911T161623Z-1","C","BAC","11","120","EHLERS_DOMINANT_CYCLE_PHASE","V0.1","MEDIAN_PRICE",,"False","INITIALIZING","2026-09-11T18:50:12.819Z"
"20260911T161623Z-1","C","BAC","12","120","EHLERS_DOMINANT_CYCLE_PHASE","V0.1","MEDIAN_PRICE",,"False","INITIALIZING","2026-09-11T18:50:12.819Z"
"20260911T161623Z-1","C","BAC","13","120","EHLERS_DOMINANT_CYCLE_PHASE","V0.1","MEDIAN_PRICE",,"False","INITIALIZING","2026-09-11T18:50:12.819Z"
"20260911T161623Z-1","C","BAC","14","120","EHLERS_DOMINANT_CYCLE_PHASE","V0.1","MEDIAN_PRICE",,"False","INITIALIZING","2026-09-11T18:50:12.819Z"
"20260911T161623Z-1","C","BAC","15","120","EHLERS_DOMINANT_CYCLE_PHASE","V0.1","MEDIAN_PRICE",,"False","INITIALIZING","2026-09-11T18:50:12.819Z"
"20260911T161623Z-1","C","BAC","16","120","EHLERS_DOMINANT_CYCLE_PHASE","V0.1","MEDIAN_PRICE",,"False","INITIALIZING","2026-09-11T18:50:12.819Z"
"20260911T161623Z-1","C","BAC","17","120","EHLERS_DOMINANT_CYCLE_PHASE","V0.1","MEDIAN_PRICE",,"False","INITIALIZING","2026-09-11T18:50:12.819Z"
"20260911T161623Z-1","C","BAC","18","120","EHLERS_DOMINANT_CYCLE_PHASE","V0.1","MEDIAN_PRICE",,"False","INITIALIZING","2026-09-11T18:50:12.819Z"
"20260911T161623Z-1","C","BAC","19","120","EHLERS_DOMINANT_CYCLE_PHASE","V0.1","MEDIAN_PRICE",,"False","INITIALIZING","2026-09-11T18:50:12.819Z"
"20260911T161623Z-1","C","BAC","20","120","EHLERS_DOMINANT_CYCLE_PHASE","V0.1","MEDIAN_PRICE",,"False","INITIALIZING","2026-09-11T18:50:12.819Z"
"20260911T161623Z-1","C","BAC","21","120","EHLERS_DOMINANT_CYCLE_PHASE","V0.1","MEDIAN_PRICE",,"False","INITIALIZING","2026-09-11T18:50:12.819Z"
"20260911T161623Z-1","C","BAC","22","120","EHLERS_DOMINANT_CYCLE_PHASE","V0.1","MEDIAN_PRICE",,"False","INITIALIZING","2026-09-11T18:50:12.819Z"
"20260911T161623Z-1","C","BAC","23","120","EHLERS_DOMINANT_CYCLE_PHASE","V0.1","MEDIAN_PRICE",,"False","INITIALIZING","2026-09-11T18:50:12.819Z"
"20260911T161623Z-1","C","BAC","24","120","EHLERS_DOMINANT_CYCLE_PHASE","V0.1","MEDIAN_PRICE",,"False","INITIALIZING","2026-09-11T18:50:12.819Z"
"20260911T161623Z-1","C","BAC","25","120","EHLERS_DOMINANT_CYCLE_PHASE","V0.1","MEDIAN_PRICE",,"False","INITIALIZING","2026-09-11T18:50:12.819Z"
"20260911T161623Z-1","C","BAC","26","120","EHLERS_DOMINANT_CYCLE_PHASE","V0.1","MEDIAN_PRICE",,"False","INITIALIZING","2026-09-11T18:50:12.819Z"
"20260911T161623Z-1","C","BAC","27","120","EHLERS_DOMINANT_CYCLE_PHASE","V0.1","MEDIAN_PRICE",,"False","INITIALIZING","2026-09-11T18:50:12.819Z"
"20260911T161623Z-1","C","BAC","28","120","EHLERS_DOMINANT_CYCLE_PHASE","V0.1","MEDIAN_PRICE",,"False","INITIALIZING","2026-09-11T18:50:12.819Z"
"20260911T161623Z-1","C","BAC","29","120","EHLERS_DOMINANT_CYCLE_PHASE","V0.1","MEDIAN_PRICE",,"False","INITIALIZING","2026-09-11T18:50:12.819Z"
"20260911T161623Z-1","C","BAC","30","120","EHLERS_DOMINANT_CYCLE_PHASE","V0.1","MEDIAN_PRICE",,"False","INITIALIZING","2026-09-11T18:50:12.819Z"
"20260911T161623Z-1","C","BAC","31","120","EHLERS_DOMINANT_CYCLE_PHASE","V0.1","MEDIAN_PRICE",,"False","INITIALIZING","2026-09-11T18:50:12.819Z"
"20260911T161623Z-1","C","BAC","32","120","EHLERS_DOMINANT_CYCLE_PHASE","V0.1","MEDIAN_PRICE",,"False","INITIALIZING","2026-09-11T18:50:12.819Z"
"20260911T161623Z-1","C","BAC","33","120","EHLERS_DOMINANT_CYCLE_PHASE","V0.1","MEDIAN_PRICE",,"False","INITIALIZING","2026-09-11T18:50:12.819Z"
"20260911T161623Z-1","C","BAC","34","120","EHLERS_DOMINANT_CYCLE_PHASE","V0.1","MEDIAN_PRICE",,"False","INITIALIZING","2026-09-11T18:50:12.819Z"
"20260911T161623Z-1","C","BAC","35","120","EHLERS_DOMINANT_CYCLE_PHASE","V0.1","MEDIAN_PRICE",,"False","INITIALIZING","2026-09-11T18:50:12.819Z"
"20260911T161623Z-1","C","BAC","36","120","EHLERS_DOMINANT_CYCLE_PHASE","V0.1","MEDIAN_PRICE",,"False","INITIALIZING","2026-09-11T18:50:12.819Z"
"20260911T161623Z-1","C","BAC","37","120","EHLERS_DOMINANT_CYCLE_PHASE","V0.1","MEDIAN_PRICE",,"False","INITIALIZING","2026-09-11T18:50:12.819Z"
"20260911T161623Z-1","C","BAC","38","120","EHLERS_DOMINANT_CYCLE_PHASE","V0.1","MEDIAN_PRICE",,"False","INITIALIZING","2026-09-11T18:50:12.819Z"
"20260911T161623Z-1","C","BAC","39","120","EHLERS_DOMINANT_CYCLE_PHASE","V0.1","MEDIAN_PRICE",,"False","INITIALIZING","2026-09-11T18:50:12.819Z"
"20260911T161623Z-1","C","BAC","40","120","EHLERS_DOMINANT_CYCLE_PHASE","V0.1","MEDIAN_PRICE",,"False","INITIALIZING","2026-09-11T18:50:12.819Z"
"20260911T161623Z-1","C","BAC","41","120","EHLERS_DOMINANT_CYCLE_PHASE","V0.1","MEDIAN_PRICE",,"False","INITIALIZING","2026-09-11T18:50:12.819Z"
"20260911T161623Z-1","C","BAC","42","120","EHLERS_DOMINANT_CYCLE_PHASE","V0.1","MEDIAN_PRICE",,"False","INITIALIZING","2026-09-11T18:50:12.819Z"
"20260911T161623Z-1","C","BAC","43","120","EHLERS_DOMINANT_CYCLE_PHASE","V0.1","MEDIAN_PRICE",,"False","INITIALIZING","2026-09-11T18:50:12.819Z"
"20260911T161623Z-1","C","BAC","44","120","EHLERS_DOMINANT_CYCLE_PHASE","V0.1","MEDIAN_PRICE",,"False","INITIALIZING","2026-09-11T18:50:12.819Z"
"20260911T161623Z-1","C","BAC","45","120","EHLERS_DOMINANT_CYCLE_PHASE","V0.1","MEDIAN_PRICE",,"False","INITIALIZING","2026-09-11T18:50:12.819Z"
"20260911T161623Z-1","C","BAC","46","120","EHLERS_DOMINANT_CYCLE_PHASE","V0.1","MEDIAN_PRICE",,"False","INITIALIZING","2026-09-11T18:50:12.819Z"
"20260911T161623Z-1","C","BAC","47","120","EHLERS_DOMINANT_CYCLE_PHASE","V0.1","MEDIAN_PRICE",,"False","INITIALIZING","2026-09-11T18:50:12.819Z"
"20260911T161623Z-1","C","BAC","48","120","EHLERS_DOMINANT_CYCLE_PHASE","V0.1","MEDIAN_PRICE",,"False","INITIALIZING","2026-09-11T18:50:12.819Z"
"20260911T161623Z-1","C","BAC","49","120","EHLERS_DOMINANT_CYCLE_PHASE","V0.1","MEDIAN_PRICE",,"False","INITIALIZING","2026-09-11T18:50:12.819Z"
"20260911T161623Z-1","C","BAC","50","120","EHLERS_DOMINANT_CYCLE_PHASE","V0.1","MEDIAN_PRICE",,"False","INITIALIZING","2026-09-11T18:50:12.819Z"
"20260911T161623Z-1","C","BAC","51","120","EHLERS_DOMINANT_CYCLE_PHASE","V0.1","MEDIAN_PRICE",,"False","INITIALIZING","2026-09-11T18:50:12.819Z"
"20260911T161623Z-1","C","BAC","52","120","EHLERS_DOMINANT_CYCLE_PHASE","V0.1","MEDIAN_PRICE",,"False","INITIALIZING","2026-09-11T18:50:12.819Z"
"20260911T161623Z-1","C","BAC","53","120","EHLERS_DOMINANT_CYCLE_PHASE","V0.1","MEDIAN_PRICE",,"False","INITIALIZING","2026-09-11T18:50:12.819Z"
"20260911T161623Z-1","C","BAC","54","120","EHLERS_DOMINANT_CYCLE_PHASE","V0.1","MEDIAN_PRICE",,"False","INITIALIZING","2026-09-11T18:50:12.819Z"
"20260911T161623Z-1","C","BAC","55","120","EHLERS_DOMINANT_CYCLE_PHASE","V0.1","MEDIAN_PRICE",,"False","INITIALIZING","2026-09-11T18:50:12.819Z"
"20260911T161623Z-1","C","BAC","56","120","EHLERS_DOMINANT_CYCLE_PHASE","V0.1","MEDIAN_PRICE",,"False","INITIALIZING","2026-09-11T18:50:12.819Z"
"20260911T161623Z-1","C","BAC","57","120","EHLERS_DOMINANT_CYCLE_PHASE","V0.1","MEDIAN_PRICE",,"False","INITIALIZING","2026-09-11T18:50:12.819Z"
"20260911T161623Z-1","C","BAC","58","120","EHLERS_DOMINANT_CYCLE_PHASE","V0.1","MEDIAN_PRICE",,"False","INITIALIZING","2026-09-11T18:50:12.819Z"
"20260911T161623Z-1","C","BAC","59","120","EHLERS_DOMINANT_CYCLE_PHASE","V0.1","MEDIAN_PRICE",,"False","INITIALIZING","2026-09-11T18:50:12.819Z"
"20260911T161623Z-1","C","BAC","60","120","EHLERS_DOMINANT_CYCLE_PHASE","V0.1","MEDIAN_PRICE",,"False","INITIALIZING","2026-09-11T18:50:12.819Z"
"20260911T161623Z-1","C","BAC","61","120","EHLERS_DOMINANT_CYCLE_PHASE","V0.1","MEDIAN_PRICE",,"False","INITIALIZING","2026-09-11T18:50:12.819Z"
"20260911T161623Z-1","C","BAC","62","120","EHLERS_DOMINANT_CYCLE_PHASE","V0.1","MEDIAN_PRICE",,"False","INITIALIZING","2026-09-11T18:50:12.819Z"
"20260911T161623Z-1","C","BAC","63","120","EHLERS_DOMINANT_CYCLE_PHASE","V0.1","MEDIAN_PRICE",,"False","INITIALIZING","2026-09-11T18:50:12.819Z"
"20260911T161623Z-1","C","BAC","64","120","EHLERS_DOMINANT_CYCLE_PHASE","V0.1","MEDIAN_PRICE","324.14782699392157","True","OBSERVABLE","2026-09-11T18:50:12.819Z"
"20260911T161623Z-1","C","BAC","65","120","EHLERS_DOMINANT_CYCLE_PHASE","V0.1","MEDIAN_PRICE","328.65125510042736","True","OBSERVABLE","2026-09-11T18:50:12.819Z"
"20260911T161623Z-1","C","BAC","66","120","EHLERS_DOMINANT_CYCLE_PHASE","V0.1","MEDIAN_PRICE","332.59804902628895","True","OBSERVABLE","2026-09-11T18:50:12.819Z"
"20260911T161623Z-1","C","BAC","67","120","EHLERS_DOMINANT_CYCLE_PHASE","V0.1","MEDIAN_PRICE","343.6085467050358","True","OBSERVABLE","2026-09-11T18:50:12.819Z"
"20260911T161623Z-1","C","BAC","68","120","EHLERS_DOMINANT_CYCLE_PHASE","V0.1","MEDIAN_PRICE","347.614106041798","True","OBSERVABLE","2026-09-11T18:50:12.819Z"
"20260911T161623Z-1","C","BAC","69","120","EHLERS_DOMINANT_CYCLE_PHASE","V0.1","MEDIAN_PRICE","351.8298893879937","True","OBSERVABLE","2026-09-11T18:50:12.819Z"
"20260911T161623Z-1","C","BAC","70","120","EHLERS_DOMINANT_CYCLE_PHASE","V0.1","MEDIAN_PRICE","2.645296557941151","True","OBSERVABLE","2026-09-11T18:50:12.819Z"
"20260911T161623Z-1","C","BAC","71","120","EHLERS_DOMINANT_CYCLE_PHASE","V0.1","MEDIAN_PRICE","12.953453303233303","True","OBSERVABLE","2026-09-11T18:50:12.819Z"
"20260911T161623Z-1","C","BAC","72","120","EHLERS_DOMINANT_CYCLE_PHASE","V0.1","MEDIAN_PRICE","19.27563678909692","True","OBSERVABLE","2026-09-11T18:50:12.819Z"
"20260911T161623Z-1","C","BAC","73","120","EHLERS_DOMINANT_CYCLE_PHASE","V0.1","MEDIAN_PRICE","30.480817177030318","True","OBSERVABLE","2026-09-11T18:50:12.819Z"
"20260911T161623Z-1","C","BAC","74","120","EHLERS_DOMINANT_CYCLE_PHASE","V0.1","MEDIAN_PRICE","41.27220006416949","True","OBSERVABLE","2026-09-11T18:50:12.819Z"
"20260911T161623Z-1","C","BAC","75","120","EHLERS_DOMINANT_CYCLE_PHASE","V0.1","MEDIAN_PRICE","51.817169445387556","True","OBSERVABLE","2026-09-11T18:50:12.819Z"
"20260911T161623Z-1","C","BAC","76","120","EHLERS_DOMINANT_CYCLE_PHASE","V0.1","MEDIAN_PRICE","62.882027024457706","True","OBSERVABLE","2026-09-11T18:50:12.819Z"
"20260911T161623Z-1","C","BAC","77","120","EHLERS_DOMINANT_CYCLE_PHASE","V0.1","MEDIAN_PRICE","73.9225886280395","True","OBSERVABLE","2026-09-11T18:50:12.819Z"
"20260911T161623Z-1","C","BAC","78","120","EHLERS_DOMINANT_CYCLE_PHASE","V0.1","MEDIAN_PRICE","80.12877543273552","True","OBSERVABLE","2026-09-11T18:50:12.819Z"
"20260911T161623Z-1","C","BAC","79","120","EHLERS_DOMINANT_CYCLE_PHASE","V0.1","MEDIAN_PRICE","91.46098880319038","True","OBSERVABLE","2026-09-11T18:50:12.819Z"
"20260911T161623Z-1","C","BAC","80","120","EHLERS_DOMINANT_CYCLE_PHASE","V0.1","MEDIAN_PRICE","103.0933219423487","True","OBSERVABLE","2026-09-11T18:50:12.819Z"
"20260911T161623Z-1","C","BAC","81","120","EHLERS_DOMINANT_CYCLE_PHASE","V0.1","MEDIAN_PRICE","115.07031588195962","True","OBSERVABLE","2026-09-11T18:50:12.819Z"
"20260911T161623Z-1","C","BAC","82","120","EHLERS_DOMINANT_CYCLE_PHASE","V0.1","MEDIAN_PRICE","128.0141618759608","True","OBSERVABLE","2026-09-11T18:50:12.819Z"
"20260911T161623Z-1","C","BAC","83","120","EHLERS_DOMINANT_CYCLE_PHASE","V0.1","MEDIAN_PRICE","142.11981795107985","True","OBSERVABLE","2026-09-11T18:50:12.819Z"
"20260911T161623Z-1","C","BAC","84","120","EHLERS_DOMINANT_CYCLE_PHASE","V0.1","MEDIAN_PRICE","166.2844992756916","True","OBSERVABLE","2026-09-11T18:50:12.819Z"
"20260911T161623Z-1","C","BAC","85","120","EHLERS_DOMINANT_CYCLE_PHASE","V0.1","MEDIAN_PRICE","178.8251966899664","True","OBSERVABLE","2026-09-11T18:50:12.819Z"
"20260911T161623Z-1","C","BAC","86","120","EHLERS_DOMINANT_CYCLE_PHASE","V0.1","MEDIAN_PRICE","191.0098689479894","True","OBSERVABLE","2026-09-11T18:50:12.819Z"
"20260911T161623Z-1","C","BAC","87","120","EHLERS_DOMINANT_CYCLE_PHASE","V0.1","MEDIAN_PRICE","202.78043565890778","True","OBSERVABLE","2026-09-11T18:50:12.819Z"
"20260911T161623Z-1","C","BAC","88","120","EHLERS_DOMINANT_CYCLE_PHASE","V0.1","MEDIAN_PRICE","221.57410218360803","True","OBSERVABLE","2026-09-11T18:50:12.819Z"
"20260911T161623Z-1","C","BAC","89","120","EHLERS_DOMINANT_CYCLE_PHASE","V0.1","MEDIAN_PRICE","232.82231115889022","True","OBSERVABLE","2026-09-11T18:50:12.819Z"
"20260911T161623Z-1","C","BAC","90","120","EHLERS_DOMINANT_CYCLE_PHASE","V0.1","MEDIAN_PRICE","243.3349076311092","True","OBSERVABLE","2026-09-11T18:50:12.819Z"
"20260911T161623Z-1","C","BAC","91","120","EHLERS_DOMINANT_CYCLE_PHASE","V0.1","MEDIAN_PRICE","259.8641408098495","True","OBSERVABLE","2026-09-11T18:50:12.819Z"
"20260911T161623Z-1","C","BAC","92","120","EHLERS_DOMINANT_CYCLE_PHASE","V0.1","MEDIAN_PRICE","272.0149349334111","True","OBSERVABLE","2026-09-11T18:50:12.819Z"
"20260911T161623Z-1","C","BAC","93","120","EHLERS_DOMINANT_CYCLE_PHASE","V0.1","MEDIAN_PRICE","285.12094615665075","True","OBSERVABLE","2026-09-11T18:50:12.819Z"
"20260911T161623Z-1","C","BAC","94","120","EHLERS_DOMINANT_CYCLE_PHASE","V0.1","MEDIAN_PRICE","300.9812885597462","True","OBSERVABLE","2026-09-11T18:50:12.819Z"
"20260911T161623Z-1","C","BAC","95","120","EHLERS_DOMINANT_CYCLE_PHASE","V0.1","MEDIAN_PRICE","322.3653026271676","True","OBSERVABLE","2026-09-11T18:50:12.819Z"
"20260911T161623Z-1","C","BAC","96","120","EHLERS_DOMINANT_CYCLE_PHASE","V0.1","MEDIAN_PRICE","353.27429053305286","True","OBSERVABLE","2026-09-11T18:50:12.819Z"
"20260911T161623Z-1","C","BAC","97","120","EHLERS_DOMINANT_CYCLE_PHASE","V0.1","MEDIAN_PRICE","26.605070953084876","True","OBSERVABLE","2026-09-11T18:50:12.819Z"
"20260911T161623Z-1","C","BAC","98","120","EHLERS_DOMINANT_CYCLE_PHASE","V0.1","MEDIAN_PRICE","61.79655462503176","True","OBSERVABLE","2026-09-11T18:50:12.819Z"
"20260911T161623Z-1","C","BAC","99","120","EHLERS_DOMINANT_CYCLE_PHASE","V0.1","MEDIAN_PRICE","77.20789603880223","True","OBSERVABLE","2026-09-11T18:50:12.819Z"
"20260911T161623Z-1","C","BAC","100","120","EHLERS_DOMINANT_CYCLE_PHASE","V0.1","MEDIAN_PRICE","84.67889940160075","True","OBSERVABLE","2026-09-11T18:50:12.819Z"
"20260911T161623Z-1","C","BAC","101","120","EHLERS_DOMINANT_CYCLE_PHASE","V0.1","MEDIAN_PRICE","97.48678743066102","True","OBSERVABLE","2026-09-11T18:50:12.819Z"
"20260911T161623Z-1","C","BAC","102","120","EHLERS_DOMINANT_CYCLE_PHASE","V0.1","MEDIAN_PRICE","110.1366490257732","True","OBSERVABLE","2026-09-11T18:50:12.819Z"
"20260911T161623Z-1","C","BAC","103","120","EHLERS_DOMINANT_CYCLE_PHASE","V0.1","MEDIAN_PRICE","127.74153960240953","True","OBSERVABLE","2026-09-11T18:50:12.819Z"
"20260911T161623Z-1","C","BAC","104","120","EHLERS_DOMINANT_CYCLE_PHASE","V0.1","MEDIAN_PRICE","141.12698815537814","True","OBSERVABLE","2026-09-11T18:50:12.819Z"
"20260911T161623Z-1","C","BAC","105","120","EHLERS_DOMINANT_CYCLE_PHASE","V0.1","MEDIAN_PRICE","147.98914885019389","True","OBSERVABLE","2026-09-11T18:50:12.819Z"
"20260911T161623Z-1","C","BAC","106","120","EHLERS_DOMINANT_CYCLE_PHASE","V0.1","MEDIAN_PRICE","153.89072369841273","True","OBSERVABLE","2026-09-11T18:50:12.819Z"
"20260911T161623Z-1","C","BAC","107","120","EHLERS_DOMINANT_CYCLE_PHASE","V0.1","MEDIAN_PRICE","159.63323099815733","True","OBSERVABLE","2026-09-11T18:50:12.819Z"
"20260911T161623Z-1","C","BAC","108","120","EHLERS_DOMINANT_CYCLE_PHASE","V0.1","MEDIAN_PRICE","165.43165398772268","True","OBSERVABLE","2026-09-11T18:50:12.819Z"
"20260911T161623Z-1","C","BAC","109","120","EHLERS_DOMINANT_CYCLE_PHASE","V0.1","MEDIAN_PRICE","172.0487429678406","True","OBSERVABLE","2026-09-11T18:50:12.819Z"
"20260911T161623Z-1","C","BAC","110","120","EHLERS_DOMINANT_CYCLE_PHASE","V0.1","MEDIAN_PRICE","178.74098875717567","True","OBSERVABLE","2026-09-11T18:50:12.819Z"
"20260911T161623Z-1","C","BAC","111","120","EHLERS_DOMINANT_CYCLE_PHASE","V0.1","MEDIAN_PRICE","187.85758021572894","True","OBSERVABLE","2026-09-11T18:50:12.819Z"
"20260911T161623Z-1","C","BAC","112","120","EHLERS_DOMINANT_CYCLE_PHASE","V0.1","MEDIAN_PRICE","193.29828144775382","True","OBSERVABLE","2026-09-11T18:50:12.819Z"
"20260911T161623Z-1","C","BAC","113","120","EHLERS_DOMINANT_CYCLE_PHASE","V0.1","MEDIAN_PRICE","195.04551511885097","True","OBSERVABLE","2026-09-11T18:50:12.819Z"
"20260911T161623Z-1","C","BAC","114","120","EHLERS_DOMINANT_CYCLE_PHASE","V0.1","MEDIAN_PRICE","196.0688776548416","True","OBSERVABLE","2026-09-11T18:50:12.819Z"
"20260911T161623Z-1","C","BAC","115","120","EHLERS_DOMINANT_CYCLE_PHASE","V0.1","MEDIAN_PRICE","196.06490690685808","True","OBSERVABLE","2026-09-11T18:50:12.819Z"
"20260911T161623Z-1","C","BAC","116","120","EHLERS_DOMINANT_CYCLE_PHASE","V0.1","MEDIAN_PRICE","199.41884054842347","True","OBSERVABLE","2026-09-11T18:50:12.819Z"
"20260911T161623Z-1","C","BAC","117","120","EHLERS_DOMINANT_CYCLE_PHASE","V0.1","MEDIAN_PRICE","206.78657333223816","True","OBSERVABLE","2026-09-11T18:50:12.819Z"
"20260911T161623Z-1","C","COST","1","120","EHLERS_DOMINANT_CYCLE_PHASE","V0.1","MEDIAN_PRICE",,"False","INITIALIZING","2026-09-11T18:50:12.858Z"
"20260911T161623Z-1","C","COST","2","120","EHLERS_DOMINANT_CYCLE_PHASE","V0.1","MEDIAN_PRICE",,"False","INITIALIZING","2026-09-11T18:50:12.858Z"
"20260911T161623Z-1","C","COST","3","120","EHLERS_DOMINANT_CYCLE_PHASE","V0.1","MEDIAN_PRICE",,"False","INITIALIZING","2026-09-11T18:50:12.858Z"
"20260911T161623Z-1","C","COST","4","120","EHLERS_DOMINANT_CYCLE_PHASE","V0.1","MEDIAN_PRICE",,"False","INITIALIZING","2026-09-11T18:50:12.858Z"
"20260911T161623Z-1","C","COST","5","120","EHLERS_DOMINANT_CYCLE_PHASE","V0.1","MEDIAN_PRICE",,"False","INITIALIZING","2026-09-11T18:50:12.858Z"
"20260911T161623Z-1","C","COST","6","120","EHLERS_DOMINANT_CYCLE_PHASE","V0.1","MEDIAN_PRICE",,"False","INITIALIZING","2026-09-11T18:50:12.858Z"
"20260911T161623Z-1","C","COST","7","120","EHLERS_DOMINANT_CYCLE_PHASE","V0.1","MEDIAN_PRICE",,"False","INITIALIZING","2026-09-11T18:50:12.858Z"
"20260911T161623Z-1","C","COST","8","120","EHLERS_DOMINANT_CYCLE_PHASE","V0.1","MEDIAN_PRICE",,"False","INITIALIZING","2026-09-11T18:50:12.858Z"
"20260911T161623Z-1","C","COST","9","120","EHLERS_DOMINANT_CYCLE_PHASE","V0.1","MEDIAN_PRICE",,"False","INITIALIZING","2026-09-11T18:50:12.858Z"
"20260911T161623Z-1","C","COST","10","120","EHLERS_DOMINANT_CYCLE_PHASE","V0.1","MEDIAN_PRICE",,"False","INITIALIZING","2026-09-11T18:50:12.858Z"
"20260911T161623Z-1","C","COST","11","120","EHLERS_DOMINANT_CYCLE_PHASE","V0.1","MEDIAN_PRICE",,"False","INITIALIZING","2026-09-11T18:50:12.858Z"
"20260911T161623Z-1","C","COST","12","120","EHLERS_DOMINANT_CYCLE_PHASE","V0.1","MEDIAN_PRICE",,"False","INITIALIZING","2026-09-11T18:50:12.858Z"
"20260911T161623Z-1","C","COST","13","120","EHLERS_DOMINANT_CYCLE_PHASE","V0.1","MEDIAN_PRICE",,"False","INITIALIZING","2026-09-11T18:50:12.858Z"
"20260911T161623Z-1","C","COST","14","120","EHLERS_DOMINANT_CYCLE_PHASE","V0.1","MEDIAN_PRICE",,"False","INITIALIZING","2026-09-11T18:50:12.858Z"
"20260911T161623Z-1","C","COST","15","120","EHLERS_DOMINANT_CYCLE_PHASE","V0.1","MEDIAN_PRICE",,"False","INITIALIZING","2026-09-11T18:50:12.858Z"
"20260911T161623Z-1","C","COST","16","120","EHLERS_DOMINANT_CYCLE_PHASE","V0.1","MEDIAN_PRICE",,"False","INITIALIZING","2026-09-11T18:50:12.858Z"
"20260911T161623Z-1","C","COST","17","120","EHLERS_DOMINANT_CYCLE_PHASE","V0.1","MEDIAN_PRICE",,"False","INITIALIZING","2026-09-11T18:50:12.858Z"
"20260911T161623Z-1","C","COST","18","120","EHLERS_DOMINANT_CYCLE_PHASE","V0.1","MEDIAN_PRICE",,"False","INITIALIZING","2026-09-11T18:50:12.858Z"
"20260911T161623Z-1","C","COST","19","120","EHLERS_DOMINANT_CYCLE_PHASE","V0.1","MEDIAN_PRICE",,"False","INITIALIZING","2026-09-11T18:50:12.858Z"
"20260911T161623Z-1","C","COST","20","120","EHLERS_DOMINANT_CYCLE_PHASE","V0.1","MEDIAN_PRICE",,"False","INITIALIZING","2026-09-11T18:50:12.858Z"
"20260911T161623Z-1","C","COST","21","120","EHLERS_DOMINANT_CYCLE_PHASE","V0.1","MEDIAN_PRICE",,"False","INITIALIZING","2026-09-11T18:50:12.858Z"
"20260911T161623Z-1","C","COST","22","120","EHLERS_DOMINANT_CYCLE_PHASE","V0.1","MEDIAN_PRICE",,"False","INITIALIZING","2026-09-11T18:50:12.858Z"
"20260911T161623Z-1","C","COST","23","120","EHLERS_DOMINANT_CYCLE_PHASE","V0.1","MEDIAN_PRICE",,"False","INITIALIZING","2026-09-11T18:50:12.858Z"
"20260911T161623Z-1","C","COST","24","120","EHLERS_DOMINANT_CYCLE_PHASE","V0.1","MEDIAN_PRICE",,"False","INITIALIZING","2026-09-11T18:50:12.858Z"
"20260911T161623Z-1","C","COST","25","120","EHLERS_DOMINANT_CYCLE_PHASE","V0.1","MEDIAN_PRICE",,"False","INITIALIZING","2026-09-11T18:50:12.858Z"
"20260911T161623Z-1","C","COST","26","120","EHLERS_DOMINANT_CYCLE_PHASE","V0.1","MEDIAN_PRICE",,"False","INITIALIZING","2026-09-11T18:50:12.858Z"
"20260911T161623Z-1","C","COST","27","120","EHLERS_DOMINANT_CYCLE_PHASE","V0.1","MEDIAN_PRICE",,"False","INITIALIZING","2026-09-11T18:50:12.858Z"
"20260911T161623Z-1","C","COST","28","120","EHLERS_DOMINANT_CYCLE_PHASE","V0.1","MEDIAN_PRICE",,"False","INITIALIZING","2026-09-11T18:50:12.858Z"
"20260911T161623Z-1","C","COST","29","120","EHLERS_DOMINANT_CYCLE_PHASE","V0.1","MEDIAN_PRICE",,"False","INITIALIZING","2026-09-11T18:50:12.858Z"
"20260911T161623Z-1","C","COST","30","120","EHLERS_DOMINANT_CYCLE_PHASE","V0.1","MEDIAN_PRICE",,"False","INITIALIZING","2026-09-11T18:50:12.858Z"
"20260911T161623Z-1","C","COST","31","120","EHLERS_DOMINANT_CYCLE_PHASE","V0.1","MEDIAN_PRICE",,"False","INITIALIZING","2026-09-11T18:50:12.858Z"
"20260911T161623Z-1","C","COST","32","120","EHLERS_DOMINANT_CYCLE_PHASE","V0.1","MEDIAN_PRICE",,"False","INITIALIZING","2026-09-11T18:50:12.858Z"
"20260911T161623Z-1","C","COST","33","120","EHLERS_DOMINANT_CYCLE_PHASE","V0.1","MEDIAN_PRICE",,"False","INITIALIZING","2026-09-11T18:50:12.858Z"
"20260911T161623Z-1","C","COST","34","120","EHLERS_DOMINANT_CYCLE_PHASE","V0.1","MEDIAN_PRICE",,"False","INITIALIZING","2026-09-11T18:50:12.858Z"
"20260911T161623Z-1","C","COST","35","120","EHLERS_DOMINANT_CYCLE_PHASE","V0.1","MEDIAN_PRICE",,"False","INITIALIZING","2026-09-11T18:50:12.858Z"
"20260911T161623Z-1","C","COST","36","120","EHLERS_DOMINANT_CYCLE_PHASE","V0.1","MEDIAN_PRICE",,"False","INITIALIZING","2026-09-11T18:50:12.858Z"
"20260911T161623Z-1","C","COST","37","120","EHLERS_DOMINANT_CYCLE_PHASE","V0.1","MEDIAN_PRICE",,"False","INITIALIZING","2026-09-11T18:50:12.858Z"
"20260911T161623Z-1","C","COST","38","120","EHLERS_DOMINANT_CYCLE_PHASE","V0.1","MEDIAN_PRICE",,"False","INITIALIZING","2026-09-11T18:50:12.858Z"
"20260911T161623Z-1","C","COST","39","120","EHLERS_DOMINANT_CYCLE_PHASE","V0.1","MEDIAN_PRICE",,"False","INITIALIZING","2026-09-11T18:50:12.858Z"
"20260911T161623Z-1","C","COST","40","120","EHLERS_DOMINANT_CYCLE_PHASE","V0.1","MEDIAN_PRICE",,"False","INITIALIZING","2026-09-11T18:50:12.858Z"
"20260911T161623Z-1","C","COST","41","120","EHLERS_DOMINANT_CYCLE_PHASE","V0.1","MEDIAN_PRICE",,"False","INITIALIZING","2026-09-11T18:50:12.858Z"
"20260911T161623Z-1","C","COST","42","120","EHLERS_DOMINANT_CYCLE_PHASE","V0.1","MEDIAN_PRICE",,"False","INITIALIZING","2026-09-11T18:50:12.858Z"
"20260911T161623Z-1","C","COST","43","120","EHLERS_DOMINANT_CYCLE_PHASE","V0.1","MEDIAN_PRICE",,"False","INITIALIZING","2026-09-11T18:50:12.858Z"
"20260911T161623Z-1","C","COST","44","120","EHLERS_DOMINANT_CYCLE_PHASE","V0.1","MEDIAN_PRICE",,"False","INITIALIZING","2026-09-11T18:50:12.858Z"
"20260911T161623Z-1","C","COST","45","120","EHLERS_DOMINANT_CYCLE_PHASE","V0.1","MEDIAN_PRICE",,"False","INITIALIZING","2026-09-11T18:50:12.858Z"
"20260911T161623Z-1","C","COST","46","120","EHLERS_DOMINANT_CYCLE_PHASE","V0.1","MEDIAN_PRICE",,"False","INITIALIZING","2026-09-11T18:50:12.858Z"
"20260911T161623Z-1","C","COST","47","120","EHLERS_DOMINANT_CYCLE_PHASE","V0.1","MEDIAN_PRICE",,"False","INITIALIZING","2026-09-11T18:50:12.858Z"
"20260911T161623Z-1","C","COST","48","120","EHLERS_DOMINANT_CYCLE_PHASE","V0.1","MEDIAN_PRICE",,"False","INITIALIZING","2026-09-11T18:50:12.858Z"
"20260911T161623Z-1","C","COST","49","120","EHLERS_DOMINANT_CYCLE_PHASE","V0.1","MEDIAN_PRICE",,"False","INITIALIZING","2026-09-11T18:50:12.858Z"
"20260911T161623Z-1","C","COST","50","120","EHLERS_DOMINANT_CYCLE_PHASE","V0.1","MEDIAN_PRICE",,"False","INITIALIZING","2026-09-11T18:50:12.858Z"
"20260911T161623Z-1","C","COST","51","120","EHLERS_DOMINANT_CYCLE_PHASE","V0.1","MEDIAN_PRICE",,"False","INITIALIZING","2026-09-11T18:50:12.858Z"
"20260911T161623Z-1","C","COST","52","120","EHLERS_DOMINANT_CYCLE_PHASE","V0.1","MEDIAN_PRICE",,"False","INITIALIZING","2026-09-11T18:50:12.858Z"
"20260911T161623Z-1","C","COST","53","120","EHLERS_DOMINANT_CYCLE_PHASE","V0.1","MEDIAN_PRICE",,"False","INITIALIZING","2026-09-11T18:50:12.858Z"
"20260911T161623Z-1","C","COST","54","120","EHLERS_DOMINANT_CYCLE_PHASE","V0.1","MEDIAN_PRICE",,"False","INITIALIZING","2026-09-11T18:50:12.858Z"
"20260911T161623Z-1","C","COST","55","120","EHLERS_DOMINANT_CYCLE_PHASE","V0.1","MEDIAN_PRICE",,"False","INITIALIZING","2026-09-11T18:50:12.858Z"
"20260911T161623Z-1","C","COST","56","120","EHLERS_DOMINANT_CYCLE_PHASE","V0.1","MEDIAN_PRICE",,"False","INITIALIZING","2026-09-11T18:50:12.858Z"
"20260911T161623Z-1","C","COST","57","120","EHLERS_DOMINANT_CYCLE_PHASE","V0.1","MEDIAN_PRICE",,"False","INITIALIZING","2026-09-11T18:50:12.858Z"
"20260911T161623Z-1","C","COST","58","120","EHLERS_DOMINANT_CYCLE_PHASE","V0.1","MEDIAN_PRICE",,"False","INITIALIZING","2026-09-11T18:50:12.858Z"
"20260911T161623Z-1","C","COST","59","120","EHLERS_DOMINANT_CYCLE_PHASE","V0.1","MEDIAN_PRICE",,"False","INITIALIZING","2026-09-11T18:50:12.858Z"
"20260911T161623Z-1","C","COST","60","120","EHLERS_DOMINANT_CYCLE_PHASE","V0.1","MEDIAN_PRICE",,"False","INITIALIZING","2026-09-11T18:50:12.858Z"
"20260911T161623Z-1","C","COST","61","120","EHLERS_DOMINANT_CYCLE_PHASE","V0.1","MEDIAN_PRICE",,"False","INITIALIZING","2026-09-11T18:50:12.858Z"
"20260911T161623Z-1","C","COST","62","120","EHLERS_DOMINANT_CYCLE_PHASE","V0.1","MEDIAN_PRICE",,"False","INITIALIZING","2026-09-11T18:50:12.858Z"
"20260911T161623Z-1","C","COST","63","120","EHLERS_DOMINANT_CYCLE_PHASE","V0.1","MEDIAN_PRICE",,"False","INITIALIZING","2026-09-11T18:50:12.858Z"
"20260911T161623Z-1","C","COST","64","120","EHLERS_DOMINANT_CYCLE_PHASE","V0.1","MEDIAN_PRICE","344.0005385479766","True","OBSERVABLE","2026-09-11T18:50:12.858Z"
"20260911T161623Z-1","C","COST","65","120","EHLERS_DOMINANT_CYCLE_PHASE","V0.1","MEDIAN_PRICE","347.0972460227575","True","OBSERVABLE","2026-09-11T18:50:12.858Z"
"20260911T161623Z-1","C","COST","66","120","EHLERS_DOMINANT_CYCLE_PHASE","V0.1","MEDIAN_PRICE","343.72717096299357","True","OBSERVABLE","2026-09-11T18:50:12.858Z"
"20260911T161623Z-1","C","COST","67","120","EHLERS_DOMINANT_CYCLE_PHASE","V0.1","MEDIAN_PRICE","356.47912515156213","True","OBSERVABLE","2026-09-11T18:50:12.858Z"
"20260911T161623Z-1","C","COST","68","120","EHLERS_DOMINANT_CYCLE_PHASE","V0.1","MEDIAN_PRICE","351.574466817016","True","OBSERVABLE","2026-09-11T18:50:12.858Z"
"20260911T161623Z-1","C","COST","69","120","EHLERS_DOMINANT_CYCLE_PHASE","V0.1","MEDIAN_PRICE","350.843633948723","True","OBSERVABLE","2026-09-11T18:50:12.858Z"
"20260911T161623Z-1","C","COST","70","120","EHLERS_DOMINANT_CYCLE_PHASE","V0.1","MEDIAN_PRICE","5.355129409640767","True","OBSERVABLE","2026-09-11T18:50:12.858Z"
"20260911T161623Z-1","C","COST","71","120","EHLERS_DOMINANT_CYCLE_PHASE","V0.1","MEDIAN_PRICE","14.742502582488356","True","OBSERVABLE","2026-09-11T18:50:12.858Z"
"20260911T161623Z-1","C","COST","72","120","EHLERS_DOMINANT_CYCLE_PHASE","V0.1","MEDIAN_PRICE","15.321607202321488","True","OBSERVABLE","2026-09-11T18:50:12.858Z"
"20260911T161623Z-1","C","COST","73","120","EHLERS_DOMINANT_CYCLE_PHASE","V0.1","MEDIAN_PRICE","26.521005311142233","True","OBSERVABLE","2026-09-11T18:50:12.858Z"
"20260911T161623Z-1","C","COST","74","120","EHLERS_DOMINANT_CYCLE_PHASE","V0.1","MEDIAN_PRICE","39.555377528366286","True","OBSERVABLE","2026-09-11T18:50:12.858Z"
"20260911T161623Z-1","C","COST","75","120","EHLERS_DOMINANT_CYCLE_PHASE","V0.1","MEDIAN_PRICE","52.933774622315354","True","OBSERVABLE","2026-09-11T18:50:12.858Z"
"20260911T161623Z-1","C","COST","76","120","EHLERS_DOMINANT_CYCLE_PHASE","V0.1","MEDIAN_PRICE","63.63774176519941","True","OBSERVABLE","2026-09-11T18:50:12.858Z"
"20260911T161623Z-1","C","COST","77","120","EHLERS_DOMINANT_CYCLE_PHASE","V0.1","MEDIAN_PRICE","68.8910007972562","True","OBSERVABLE","2026-09-11T18:50:12.858Z"
"20260911T161623Z-1","C","COST","78","120","EHLERS_DOMINANT_CYCLE_PHASE","V0.1","MEDIAN_PRICE","79.66499620008781","True","OBSERVABLE","2026-09-11T18:50:12.858Z"
"20260911T161623Z-1","C","COST","79","120","EHLERS_DOMINANT_CYCLE_PHASE","V0.1","MEDIAN_PRICE","90.53001120734677","True","OBSERVABLE","2026-09-11T18:50:12.858Z"
"20260911T161623Z-1","C","COST","80","120","EHLERS_DOMINANT_CYCLE_PHASE","V0.1","MEDIAN_PRICE","102.16887124134576","True","OBSERVABLE","2026-09-11T18:50:12.858Z"
"20260911T161623Z-1","C","HD","1","120","EHLERS_DOMINANT_CYCLE_PHASE","V0.1","MEDIAN_PRICE",,"False","INITIALIZING","2026-09-11T18:50:12.887Z"
"20260911T161623Z-1","C","HD","2","120","EHLERS_DOMINANT_CYCLE_PHASE","V0.1","MEDIAN_PRICE",,"False","INITIALIZING","2026-09-11T18:50:12.887Z"
"20260911T161623Z-1","C","HD","3","120","EHLERS_DOMINANT_CYCLE_PHASE","V0.1","MEDIAN_PRICE",,"False","INITIALIZING","2026-09-11T18:50:12.887Z"
"20260911T161623Z-1","C","HD","4","120","EHLERS_DOMINANT_CYCLE_PHASE","V0.1","MEDIAN_PRICE",,"False","INITIALIZING","2026-09-11T18:50:12.887Z"
"20260911T161623Z-1","C","HD","5","120","EHLERS_DOMINANT_CYCLE_PHASE","V0.1","MEDIAN_PRICE",,"False","INITIALIZING","2026-09-11T18:50:12.887Z"
"20260911T161623Z-1","C","HD","6","120","EHLERS_DOMINANT_CYCLE_PHASE","V0.1","MEDIAN_PRICE",,"False","INITIALIZING","2026-09-11T18:50:12.887Z"
"20260911T161623Z-1","C","HD","7","120","EHLERS_DOMINANT_CYCLE_PHASE","V0.1","MEDIAN_PRICE",,"False","INITIALIZING","2026-09-11T18:50:12.887Z"
"20260911T161623Z-1","C","HD","8","120","EHLERS_DOMINANT_CYCLE_PHASE","V0.1","MEDIAN_PRICE",,"False","INITIALIZING","2026-09-11T18:50:12.887Z"
"20260911T161623Z-1","C","HD","9","120","EHLERS_DOMINANT_CYCLE_PHASE","V0.1","MEDIAN_PRICE",,"False","INITIALIZING","2026-09-11T18:50:12.887Z"
"20260911T161623Z-1","C","HD","10","120","EHLERS_DOMINANT_CYCLE_PHASE","V0.1","MEDIAN_PRICE",,"False","INITIALIZING","2026-09-11T18:50:12.887Z"
"20260911T161623Z-1","C","HD","11","120","EHLERS_DOMINANT_CYCLE_PHASE","V0.1","MEDIAN_PRICE",,"False","INITIALIZING","2026-09-11T18:50:12.887Z"
"20260911T161623Z-1","C","HD","12","120","EHLERS_DOMINANT_CYCLE_PHASE","V0.1","MEDIAN_PRICE",,"False","INITIALIZING","2026-09-11T18:50:12.887Z"
"20260911T161623Z-1","C","HD","13","120","EHLERS_DOMINANT_CYCLE_PHASE","V0.1","MEDIAN_PRICE",,"False","INITIALIZING","2026-09-11T18:50:12.887Z"
"20260911T161623Z-1","C","HD","14","120","EHLERS_DOMINANT_CYCLE_PHASE","V0.1","MEDIAN_PRICE",,"False","INITIALIZING","2026-09-11T18:50:12.887Z"
"20260911T161623Z-1","C","HD","15","120","EHLERS_DOMINANT_CYCLE_PHASE","V0.1","MEDIAN_PRICE",,"False","INITIALIZING","2026-09-11T18:50:12.887Z"
"20260911T161623Z-1","C","HD","16","120","EHLERS_DOMINANT_CYCLE_PHASE","V0.1","MEDIAN_PRICE",,"False","INITIALIZING","2026-09-11T18:50:12.887Z"
"20260911T161623Z-1","C","HD","17","120","EHLERS_DOMINANT_CYCLE_PHASE","V0.1","MEDIAN_PRICE",,"False","INITIALIZING","2026-09-11T18:50:12.887Z"
"20260911T161623Z-1","C","HD","18","120","EHLERS_DOMINANT_CYCLE_PHASE","V0.1","MEDIAN_PRICE",,"False","INITIALIZING","2026-09-11T18:50:12.887Z"
"20260911T161623Z-1","C","HD","19","120","EHLERS_DOMINANT_CYCLE_PHASE","V0.1","MEDIAN_PRICE",,"False","INITIALIZING","2026-09-11T18:50:12.887Z"
"20260911T161623Z-1","C","HD","20","120","EHLERS_DOMINANT_CYCLE_PHASE","V0.1","MEDIAN_PRICE",,"False","INITIALIZING","2026-09-11T18:50:12.887Z"
"20260911T161623Z-1","C","HD","21","120","EHLERS_DOMINANT_CYCLE_PHASE","V0.1","MEDIAN_PRICE",,"False","INITIALIZING","2026-09-11T18:50:12.887Z"
"20260911T161623Z-1","C","HD","22","120","EHLERS_DOMINANT_CYCLE_PHASE","V0.1","MEDIAN_PRICE",,"False","INITIALIZING","2026-09-11T18:50:12.887Z"
"20260911T161623Z-1","C","HD","23","120","EHLERS_DOMINANT_CYCLE_PHASE","V0.1","MEDIAN_PRICE",,"False","INITIALIZING","2026-09-11T18:50:12.887Z"
"20260911T161623Z-1","C","HD","24","120","EHLERS_DOMINANT_CYCLE_PHASE","V0.1","MEDIAN_PRICE",,"False","INITIALIZING","2026-09-11T18:50:12.887Z"
"20260911T161623Z-1","C","HD","25","120","EHLERS_DOMINANT_CYCLE_PHASE","V0.1","MEDIAN_PRICE",,"False","INITIALIZING","2026-09-11T18:50:12.887Z"
"20260911T161623Z-1","C","HD","26","120","EHLERS_DOMINANT_CYCLE_PHASE","V0.1","MEDIAN_PRICE",,"False","INITIALIZING","2026-09-11T18:50:12.887Z"
"20260911T161623Z-1","C","HD","27","120","EHLERS_DOMINANT_CYCLE_PHASE","V0.1","MEDIAN_PRICE",,"False","INITIALIZING","2026-09-11T18:50:12.887Z"
"20260911T161623Z-1","C","HD","28","120","EHLERS_DOMINANT_CYCLE_PHASE","V0.1","MEDIAN_PRICE",,"False","INITIALIZING","2026-09-11T18:50:12.887Z"
"20260911T161623Z-1","C","HD","29","120","EHLERS_DOMINANT_CYCLE_PHASE","V0.1","MEDIAN_PRICE",,"False","INITIALIZING","2026-09-11T18:50:12.887Z"
"20260911T161623Z-1","C","HD","30","120","EHLERS_DOMINANT_CYCLE_PHASE","V0.1","MEDIAN_PRICE",,"False","INITIALIZING","2026-09-11T18:50:12.887Z"
"20260911T161623Z-1","C","HD","31","120","EHLERS_DOMINANT_CYCLE_PHASE","V0.1","MEDIAN_PRICE",,"False","INITIALIZING","2026-09-11T18:50:12.887Z"
"20260911T161623Z-1","C","HD","32","120","EHLERS_DOMINANT_CYCLE_PHASE","V0.1","MEDIAN_PRICE",,"False","INITIALIZING","2026-09-11T18:50:12.887Z"
"20260911T161623Z-1","C","HD","33","120","EHLERS_DOMINANT_CYCLE_PHASE","V0.1","MEDIAN_PRICE",,"False","INITIALIZING","2026-09-11T18:50:12.887Z"
"20260911T161623Z-1","C","HD","34","120","EHLERS_DOMINANT_CYCLE_PHASE","V0.1","MEDIAN_PRICE",,"False","INITIALIZING","2026-09-11T18:50:12.887Z"
"20260911T161623Z-1","C","HD","35","120","EHLERS_DOMINANT_CYCLE_PHASE","V0.1","MEDIAN_PRICE",,"False","INITIALIZING","2026-09-11T18:50:12.887Z"
"20260911T161623Z-1","C","HD","36","120","EHLERS_DOMINANT_CYCLE_PHASE","V0.1","MEDIAN_PRICE",,"False","INITIALIZING","2026-09-11T18:50:12.887Z"
"20260911T161623Z-1","C","HD","37","120","EHLERS_DOMINANT_CYCLE_PHASE","V0.1","MEDIAN_PRICE",,"False","INITIALIZING","2026-09-11T18:50:12.887Z"
"20260911T161623Z-1","C","HD","38","120","EHLERS_DOMINANT_CYCLE_PHASE","V0.1","MEDIAN_PRICE",,"False","INITIALIZING","2026-09-11T18:50:12.887Z"
"20260911T161623Z-1","C","HD","39","120","EHLERS_DOMINANT_CYCLE_PHASE","V0.1","MEDIAN_PRICE",,"False","INITIALIZING","2026-09-11T18:50:12.887Z"
"20260911T161623Z-1","C","HD","40","120","EHLERS_DOMINANT_CYCLE_PHASE","V0.1","MEDIAN_PRICE",,"False","INITIALIZING","2026-09-11T18:50:12.887Z"
"20260911T161623Z-1","C","HD","41","120","EHLERS_DOMINANT_CYCLE_PHASE","V0.1","MEDIAN_PRICE",,"False","INITIALIZING","2026-09-11T18:50:12.887Z"
"20260911T161623Z-1","C","HD","42","120","EHLERS_DOMINANT_CYCLE_PHASE","V0.1","MEDIAN_PRICE",,"False","INITIALIZING","2026-09-11T18:50:12.887Z"
"20260911T161623Z-1","C","HD","43","120","EHLERS_DOMINANT_CYCLE_PHASE","V0.1","MEDIAN_PRICE",,"False","INITIALIZING","2026-09-11T18:50:12.887Z"
"20260911T161623Z-1","C","HD","44","120","EHLERS_DOMINANT_CYCLE_PHASE","V0.1","MEDIAN_PRICE",,"False","INITIALIZING","2026-09-11T18:50:12.887Z"
"20260911T161623Z-1","C","HD","45","120","EHLERS_DOMINANT_CYCLE_PHASE","V0.1","MEDIAN_PRICE",,"False","INITIALIZING","2026-09-11T18:50:12.887Z"
"20260911T161623Z-1","C","HD","46","120","EHLERS_DOMINANT_CYCLE_PHASE","V0.1","MEDIAN_PRICE",,"False","INITIALIZING","2026-09-11T18:50:12.887Z"
"20260911T161623Z-1","C","HD","47","120","EHLERS_DOMINANT_CYCLE_PHASE","V0.1","MEDIAN_PRICE",,"False","INITIALIZING","2026-09-11T18:50:12.887Z"
"20260911T161623Z-1","C","HD","48","120","EHLERS_DOMINANT_CYCLE_PHASE","V0.1","MEDIAN_PRICE",,"False","INITIALIZING","2026-09-11T18:50:12.887Z"
"20260911T161623Z-1","C","HD","49","120","EHLERS_DOMINANT_CYCLE_PHASE","V0.1","MEDIAN_PRICE",,"False","INITIALIZING","2026-09-11T18:50:12.887Z"
"20260911T161623Z-1","C","HD","50","120","EHLERS_DOMINANT_CYCLE_PHASE","V0.1","MEDIAN_PRICE",,"False","INITIALIZING","2026-09-11T18:50:12.887Z"
"20260911T161623Z-1","C","HD","51","120","EHLERS_DOMINANT_CYCLE_PHASE","V0.1","MEDIAN_PRICE",,"False","INITIALIZING","2026-09-11T18:50:12.887Z"
"20260911T161623Z-1","C","HD","52","120","EHLERS_DOMINANT_CYCLE_PHASE","V0.1","MEDIAN_PRICE",,"False","INITIALIZING","2026-09-11T18:50:12.887Z"
"20260911T161623Z-1","C","HD","53","120","EHLERS_DOMINANT_CYCLE_PHASE","V0.1","MEDIAN_PRICE",,"False","INITIALIZING","2026-09-11T18:50:12.887Z"
"20260911T161623Z-1","C","HD","54","120","EHLERS_DOMINANT_CYCLE_PHASE","V0.1","MEDIAN_PRICE",,"False","INITIALIZING","2026-09-11T18:50:12.887Z"
"20260911T161623Z-1","C","HD","55","120","EHLERS_DOMINANT_CYCLE_PHASE","V0.1","MEDIAN_PRICE",,"False","INITIALIZING","2026-09-11T18:50:12.887Z"
"20260911T161623Z-1","C","HD","56","120","EHLERS_DOMINANT_CYCLE_PHASE","V0.1","MEDIAN_PRICE",,"False","INITIALIZING","2026-09-11T18:50:12.887Z"
"20260911T161623Z-1","C","HD","57","120","EHLERS_DOMINANT_CYCLE_PHASE","V0.1","MEDIAN_PRICE",,"False","INITIALIZING","2026-09-11T18:50:12.887Z"
"20260911T161623Z-1","C","HD","58","120","EHLERS_DOMINANT_CYCLE_PHASE","V0.1","MEDIAN_PRICE",,"False","INITIALIZING","2026-09-11T18:50:12.887Z"
"20260911T161623Z-1","C","HD","59","120","EHLERS_DOMINANT_CYCLE_PHASE","V0.1","MEDIAN_PRICE",,"False","INITIALIZING","2026-09-11T18:50:12.887Z"
"20260911T161623Z-1","C","HD","60","120","EHLERS_DOMINANT_CYCLE_PHASE","V0.1","MEDIAN_PRICE",,"False","INITIALIZING","2026-09-11T18:50:12.887Z"
"20260911T161623Z-1","C","HD","61","120","EHLERS_DOMINANT_CYCLE_PHASE","V0.1","MEDIAN_PRICE",,"False","INITIALIZING","2026-09-11T18:50:12.887Z"
"20260911T161623Z-1","C","HD","62","120","EHLERS_DOMINANT_CYCLE_PHASE","V0.1","MEDIAN_PRICE",,"False","INITIALIZING","2026-09-11T18:50:12.887Z"
"20260911T161623Z-1","C","HD","63","120","EHLERS_DOMINANT_CYCLE_PHASE","V0.1","MEDIAN_PRICE",,"False","INITIALIZING","2026-09-11T18:50:12.887Z"
"20260911T161623Z-1","C","HD","64","120","EHLERS_DOMINANT_CYCLE_PHASE","V0.1","MEDIAN_PRICE","321.4095279073923","True","OBSERVABLE","2026-09-11T18:50:12.887Z"
"20260911T161623Z-1","C","HD","65","120","EHLERS_DOMINANT_CYCLE_PHASE","V0.1","MEDIAN_PRICE","320.3015179328155","True","OBSERVABLE","2026-09-11T18:50:12.887Z"
"20260911T161623Z-1","C","HD","66","120","EHLERS_DOMINANT_CYCLE_PHASE","V0.1","MEDIAN_PRICE","321.5194860125307","True","OBSERVABLE","2026-09-11T18:50:12.887Z"
"20260911T161623Z-1","C","HD","67","120","EHLERS_DOMINANT_CYCLE_PHASE","V0.1","MEDIAN_PRICE","324.3435080466423","True","OBSERVABLE","2026-09-11T18:50:12.887Z"
"20260911T161623Z-1","C","HD","68","120","EHLERS_DOMINANT_CYCLE_PHASE","V0.1","MEDIAN_PRICE","329.4799263847407","True","OBSERVABLE","2026-09-11T18:50:12.887Z"
"20260911T161623Z-1","C","HD","69","120","EHLERS_DOMINANT_CYCLE_PHASE","V0.1","MEDIAN_PRICE","335.23356323316926","True","OBSERVABLE","2026-09-11T18:50:12.887Z"
"20260911T161623Z-1","C","HD","70","120","EHLERS_DOMINANT_CYCLE_PHASE","V0.1","MEDIAN_PRICE","342.9836370926167","True","OBSERVABLE","2026-09-11T18:50:12.887Z"
"20260911T161623Z-1","C","HD","71","120","EHLERS_DOMINANT_CYCLE_PHASE","V0.1","MEDIAN_PRICE","351.8227385859964","True","OBSERVABLE","2026-09-11T18:50:12.887Z"
"20260911T161623Z-1","C","HD","72","120","EHLERS_DOMINANT_CYCLE_PHASE","V0.1","MEDIAN_PRICE","358.57103612804866","True","OBSERVABLE","2026-09-11T18:50:12.887Z"
"20260911T161623Z-1","C","HD","73","120","EHLERS_DOMINANT_CYCLE_PHASE","V0.1","MEDIAN_PRICE","6.094332790162014","True","OBSERVABLE","2026-09-11T18:50:12.887Z"
"20260911T161623Z-1","C","HD","74","120","EHLERS_DOMINANT_CYCLE_PHASE","V0.1","MEDIAN_PRICE","12.329085245986121","True","OBSERVABLE","2026-09-11T18:50:12.887Z"
"20260911T161623Z-1","C","HD","75","120","EHLERS_DOMINANT_CYCLE_PHASE","V0.1","MEDIAN_PRICE","17.739264441752695","True","OBSERVABLE","2026-09-11T18:50:12.887Z"
"20260911T161623Z-1","C","HD","76","120","EHLERS_DOMINANT_CYCLE_PHASE","V0.1","MEDIAN_PRICE","24.592236332147138","True","OBSERVABLE","2026-09-11T18:50:12.887Z"
"20260911T161623Z-1","C","HD","77","120","EHLERS_DOMINANT_CYCLE_PHASE","V0.1","MEDIAN_PRICE","33.5209834809109","True","OBSERVABLE","2026-09-11T18:50:12.887Z"
"20260911T161623Z-1","C","HD","78","120","EHLERS_DOMINANT_CYCLE_PHASE","V0.1","MEDIAN_PRICE","43.4875229105662","True","OBSERVABLE","2026-09-11T18:50:12.887Z"
"20260911T161623Z-1","C","HD","79","120","EHLERS_DOMINANT_CYCLE_PHASE","V0.1","MEDIAN_PRICE","53.88964953859111","True","OBSERVABLE","2026-09-11T18:50:12.887Z"
"20260911T161623Z-1","C","HD","80","120","EHLERS_DOMINANT_CYCLE_PHASE","V0.1","MEDIAN_PRICE","71.91930061057491","True","OBSERVABLE","2026-09-11T18:50:12.887Z"
"20260911T161623Z-1","C","HD","81","120","EHLERS_DOMINANT_CYCLE_PHASE","V0.1","MEDIAN_PRICE","83.439804198776","True","OBSERVABLE","2026-09-11T18:50:12.887Z"
"20260911T161623Z-1","C","HD","82","120","EHLERS_DOMINANT_CYCLE_PHASE","V0.1","MEDIAN_PRICE","95.54709783254424","True","OBSERVABLE","2026-09-11T18:50:12.887Z"
"20260911T161623Z-1","C","HD","83","120","EHLERS_DOMINANT_CYCLE_PHASE","V0.1","MEDIAN_PRICE","108.4600236827272","True","OBSERVABLE","2026-09-11T18:50:12.887Z"
"20260911T161623Z-1","C","HD","84","120","EHLERS_DOMINANT_CYCLE_PHASE","V0.1","MEDIAN_PRICE","122.99705540264844","True","OBSERVABLE","2026-09-11T18:50:12.887Z"
"20260911T161623Z-1","C","HD","85","120","EHLERS_DOMINANT_CYCLE_PHASE","V0.1","MEDIAN_PRICE","154.50291200621734","True","OBSERVABLE","2026-09-11T18:50:12.887Z"
"20260911T161623Z-1","C","HD","86","120","EHLERS_DOMINANT_CYCLE_PHASE","V0.1","MEDIAN_PRICE","174.22831526571625","True","OBSERVABLE","2026-09-11T18:50:12.887Z"
"20260911T161623Z-1","C","HD","87","120","EHLERS_DOMINANT_CYCLE_PHASE","V0.1","MEDIAN_PRICE","192.8803563767728","True","OBSERVABLE","2026-09-11T18:50:12.887Z"
"20260911T161623Z-1","C","HD","88","120","EHLERS_DOMINANT_CYCLE_PHASE","V0.1","MEDIAN_PRICE","209.8241492780706","True","OBSERVABLE","2026-09-11T18:50:12.887Z"
"20260911T161623Z-1","C","JNJ","1","120","EHLERS_DOMINANT_CYCLE_PHASE","V0.1","MEDIAN_PRICE",,"False","INITIALIZING","2026-09-11T18:50:12.921Z"
"20260911T161623Z-1","C","JNJ","2","120","EHLERS_DOMINANT_CYCLE_PHASE","V0.1","MEDIAN_PRICE",,"False","INITIALIZING","2026-09-11T18:50:12.921Z"
"20260911T161623Z-1","C","JNJ","3","120","EHLERS_DOMINANT_CYCLE_PHASE","V0.1","MEDIAN_PRICE",,"False","INITIALIZING","2026-09-11T18:50:12.921Z"
"20260911T161623Z-1","C","JNJ","4","120","EHLERS_DOMINANT_CYCLE_PHASE","V0.1","MEDIAN_PRICE",,"False","INITIALIZING","2026-09-11T18:50:12.921Z"
"20260911T161623Z-1","C","JNJ","5","120","EHLERS_DOMINANT_CYCLE_PHASE","V0.1","MEDIAN_PRICE",,"False","INITIALIZING","2026-09-11T18:50:12.921Z"
"20260911T161623Z-1","C","JNJ","6","120","EHLERS_DOMINANT_CYCLE_PHASE","V0.1","MEDIAN_PRICE",,"False","INITIALIZING","2026-09-11T18:50:12.921Z"
"20260911T161623Z-1","C","JNJ","7","120","EHLERS_DOMINANT_CYCLE_PHASE","V0.1","MEDIAN_PRICE",,"False","INITIALIZING","2026-09-11T18:50:12.921Z"
"20260911T161623Z-1","C","JNJ","8","120","EHLERS_DOMINANT_CYCLE_PHASE","V0.1","MEDIAN_PRICE",,"False","INITIALIZING","2026-09-11T18:50:12.921Z"
"20260911T161623Z-1","C","JNJ","9","120","EHLERS_DOMINANT_CYCLE_PHASE","V0.1","MEDIAN_PRICE",,"False","INITIALIZING","2026-09-11T18:50:12.921Z"
"20260911T161623Z-1","C","JNJ","10","120","EHLERS_DOMINANT_CYCLE_PHASE","V0.1","MEDIAN_PRICE",,"False","INITIALIZING","2026-09-11T18:50:12.921Z"
"20260911T161623Z-1","C","JNJ","11","120","EHLERS_DOMINANT_CYCLE_PHASE","V0.1","MEDIAN_PRICE",,"False","INITIALIZING","2026-09-11T18:50:12.921Z"
"20260911T161623Z-1","C","JNJ","12","120","EHLERS_DOMINANT_CYCLE_PHASE","V0.1","MEDIAN_PRICE",,"False","INITIALIZING","2026-09-11T18:50:12.921Z"
"20260911T161623Z-1","C","JNJ","13","120","EHLERS_DOMINANT_CYCLE_PHASE","V0.1","MEDIAN_PRICE",,"False","INITIALIZING","2026-09-11T18:50:12.921Z"
"20260911T161623Z-1","C","JNJ","14","120","EHLERS_DOMINANT_CYCLE_PHASE","V0.1","MEDIAN_PRICE",,"False","INITIALIZING","2026-09-11T18:50:12.921Z"
"20260911T161623Z-1","C","JNJ","15","120","EHLERS_DOMINANT_CYCLE_PHASE","V0.1","MEDIAN_PRICE",,"False","INITIALIZING","2026-09-11T18:50:12.921Z"
"20260911T161623Z-1","C","JNJ","16","120","EHLERS_DOMINANT_CYCLE_PHASE","V0.1","MEDIAN_PRICE",,"False","INITIALIZING","2026-09-11T18:50:12.921Z"
"20260911T161623Z-1","C","JNJ","17","120","EHLERS_DOMINANT_CYCLE_PHASE","V0.1","MEDIAN_PRICE",,"False","INITIALIZING","2026-09-11T18:50:12.921Z"
"20260911T161623Z-1","C","JNJ","18","120","EHLERS_DOMINANT_CYCLE_PHASE","V0.1","MEDIAN_PRICE",,"False","INITIALIZING","2026-09-11T18:50:12.921Z"
"20260911T161623Z-1","C","JNJ","19","120","EHLERS_DOMINANT_CYCLE_PHASE","V0.1","MEDIAN_PRICE",,"False","INITIALIZING","2026-09-11T18:50:12.921Z"
"20260911T161623Z-1","C","JNJ","20","120","EHLERS_DOMINANT_CYCLE_PHASE","V0.1","MEDIAN_PRICE",,"False","INITIALIZING","2026-09-11T18:50:12.921Z"
"20260911T161623Z-1","C","JNJ","21","120","EHLERS_DOMINANT_CYCLE_PHASE","V0.1","MEDIAN_PRICE",,"False","INITIALIZING","2026-09-11T18:50:12.921Z"
"20260911T161623Z-1","C","JNJ","22","120","EHLERS_DOMINANT_CYCLE_PHASE","V0.1","MEDIAN_PRICE",,"False","INITIALIZING","2026-09-11T18:50:12.921Z"
"20260911T161623Z-1","C","JNJ","23","120","EHLERS_DOMINANT_CYCLE_PHASE","V0.1","MEDIAN_PRICE",,"False","INITIALIZING","2026-09-11T18:50:12.921Z"
"20260911T161623Z-1","C","JNJ","24","120","EHLERS_DOMINANT_CYCLE_PHASE","V0.1","MEDIAN_PRICE",,"False","INITIALIZING","2026-09-11T18:50:12.921Z"
"20260911T161623Z-1","C","JNJ","25","120","EHLERS_DOMINANT_CYCLE_PHASE","V0.1","MEDIAN_PRICE",,"False","INITIALIZING","2026-09-11T18:50:12.921Z"
"20260911T161623Z-1","C","JNJ","26","120","EHLERS_DOMINANT_CYCLE_PHASE","V0.1","MEDIAN_PRICE",,"False","INITIALIZING","2026-09-11T18:50:12.921Z"
"20260911T161623Z-1","C","JNJ","27","120","EHLERS_DOMINANT_CYCLE_PHASE","V0.1","MEDIAN_PRICE",,"False","INITIALIZING","2026-09-11T18:50:12.921Z"
"20260911T161623Z-1","C","JNJ","28","120","EHLERS_DOMINANT_CYCLE_PHASE","V0.1","MEDIAN_PRICE",,"False","INITIALIZING","2026-09-11T18:50:12.921Z"
"20260911T161623Z-1","C","JNJ","29","120","EHLERS_DOMINANT_CYCLE_PHASE","V0.1","MEDIAN_PRICE",,"False","INITIALIZING","2026-09-11T18:50:12.921Z"
"20260911T161623Z-1","C","JNJ","30","120","EHLERS_DOMINANT_CYCLE_PHASE","V0.1","MEDIAN_PRICE",,"False","INITIALIZING","2026-09-11T18:50:12.921Z"
"20260911T161623Z-1","C","JNJ","31","120","EHLERS_DOMINANT_CYCLE_PHASE","V0.1","MEDIAN_PRICE",,"False","INITIALIZING","2026-09-11T18:50:12.921Z"
"20260911T161623Z-1","C","JNJ","32","120","EHLERS_DOMINANT_CYCLE_PHASE","V0.1","MEDIAN_PRICE",,"False","INITIALIZING","2026-09-11T18:50:12.921Z"
"20260911T161623Z-1","C","JNJ","33","120","EHLERS_DOMINANT_CYCLE_PHASE","V0.1","MEDIAN_PRICE",,"False","INITIALIZING","2026-09-11T18:50:12.921Z"
"20260911T161623Z-1","C","JNJ","34","120","EHLERS_DOMINANT_CYCLE_PHASE","V0.1","MEDIAN_PRICE",,"False","INITIALIZING","2026-09-11T18:50:12.921Z"
"20260911T161623Z-1","C","JNJ","35","120","EHLERS_DOMINANT_CYCLE_PHASE","V0.1","MEDIAN_PRICE",,"False","INITIALIZING","2026-09-11T18:50:12.921Z"
"20260911T161623Z-1","C","JNJ","36","120","EHLERS_DOMINANT_CYCLE_PHASE","V0.1","MEDIAN_PRICE",,"False","INITIALIZING","2026-09-11T18:50:12.921Z"
"20260911T161623Z-1","C","JNJ","37","120","EHLERS_DOMINANT_CYCLE_PHASE","V0.1","MEDIAN_PRICE",,"False","INITIALIZING","2026-09-11T18:50:12.921Z"
"20260911T161623Z-1","C","JNJ","38","120","EHLERS_DOMINANT_CYCLE_PHASE","V0.1","MEDIAN_PRICE",,"False","INITIALIZING","2026-09-11T18:50:12.921Z"
"20260911T161623Z-1","C","JNJ","39","120","EHLERS_DOMINANT_CYCLE_PHASE","V0.1","MEDIAN_PRICE",,"False","INITIALIZING","2026-09-11T18:50:12.921Z"
"20260911T161623Z-1","C","JNJ","40","120","EHLERS_DOMINANT_CYCLE_PHASE","V0.1","MEDIAN_PRICE",,"False","INITIALIZING","2026-09-11T18:50:12.921Z"
"20260911T161623Z-1","C","JNJ","41","120","EHLERS_DOMINANT_CYCLE_PHASE","V0.1","MEDIAN_PRICE",,"False","INITIALIZING","2026-09-11T18:50:12.921Z"
"20260911T161623Z-1","C","JNJ","42","120","EHLERS_DOMINANT_CYCLE_PHASE","V0.1","MEDIAN_PRICE",,"False","INITIALIZING","2026-09-11T18:50:12.921Z"
"20260911T161623Z-1","C","JNJ","43","120","EHLERS_DOMINANT_CYCLE_PHASE","V0.1","MEDIAN_PRICE",,"False","INITIALIZING","2026-09-11T18:50:12.921Z"
"20260911T161623Z-1","C","JNJ","44","120","EHLERS_DOMINANT_CYCLE_PHASE","V0.1","MEDIAN_PRICE",,"False","INITIALIZING","2026-09-11T18:50:12.921Z"
"20260911T161623Z-1","C","JNJ","45","120","EHLERS_DOMINANT_CYCLE_PHASE","V0.1","MEDIAN_PRICE",,"False","INITIALIZING","2026-09-11T18:50:12.921Z"
"20260911T161623Z-1","C","JNJ","46","120","EHLERS_DOMINANT_CYCLE_PHASE","V0.1","MEDIAN_PRICE",,"False","INITIALIZING","2026-09-11T18:50:12.921Z"
"20260911T161623Z-1","C","JNJ","47","120","EHLERS_DOMINANT_CYCLE_PHASE","V0.1","MEDIAN_PRICE",,"False","INITIALIZING","2026-09-11T18:50:12.921Z"
"20260911T161623Z-1","C","JNJ","48","120","EHLERS_DOMINANT_CYCLE_PHASE","V0.1","MEDIAN_PRICE",,"False","INITIALIZING","2026-09-11T18:50:12.921Z"
"20260911T161623Z-1","C","JNJ","49","120","EHLERS_DOMINANT_CYCLE_PHASE","V0.1","MEDIAN_PRICE",,"False","INITIALIZING","2026-09-11T18:50:12.921Z"
"20260911T161623Z-1","C","JNJ","50","120","EHLERS_DOMINANT_CYCLE_PHASE","V0.1","MEDIAN_PRICE",,"False","INITIALIZING","2026-09-11T18:50:12.921Z"
"20260911T161623Z-1","C","JNJ","51","120","EHLERS_DOMINANT_CYCLE_PHASE","V0.1","MEDIAN_PRICE",,"False","INITIALIZING","2026-09-11T18:50:12.921Z"
"20260911T161623Z-1","C","JNJ","52","120","EHLERS_DOMINANT_CYCLE_PHASE","V0.1","MEDIAN_PRICE",,"False","INITIALIZING","2026-09-11T18:50:12.921Z"
"20260911T161623Z-1","C","JNJ","53","120","EHLERS_DOMINANT_CYCLE_PHASE","V0.1","MEDIAN_PRICE",,"False","INITIALIZING","2026-09-11T18:50:12.921Z"
"20260911T161623Z-1","C","JNJ","54","120","EHLERS_DOMINANT_CYCLE_PHASE","V0.1","MEDIAN_PRICE",,"False","INITIALIZING","2026-09-11T18:50:12.921Z"
"20260911T161623Z-1","C","JNJ","55","120","EHLERS_DOMINANT_CYCLE_PHASE","V0.1","MEDIAN_PRICE",,"False","INITIALIZING","2026-09-11T18:50:12.921Z"
"20260911T161623Z-1","C","JNJ","56","120","EHLERS_DOMINANT_CYCLE_PHASE","V0.1","MEDIAN_PRICE",,"False","INITIALIZING","2026-09-11T18:50:12.921Z"
"20260911T161623Z-1","C","JNJ","57","120","EHLERS_DOMINANT_CYCLE_PHASE","V0.1","MEDIAN_PRICE",,"False","INITIALIZING","2026-09-11T18:50:12.921Z"
"20260911T161623Z-1","C","JNJ","58","120","EHLERS_DOMINANT_CYCLE_PHASE","V0.1","MEDIAN_PRICE",,"False","INITIALIZING","2026-09-11T18:50:12.921Z"
"20260911T161623Z-1","C","JNJ","59","120","EHLERS_DOMINANT_CYCLE_PHASE","V0.1","MEDIAN_PRICE",,"False","INITIALIZING","2026-09-11T18:50:12.921Z"
"20260911T161623Z-1","C","JNJ","60","120","EHLERS_DOMINANT_CYCLE_PHASE","V0.1","MEDIAN_PRICE",,"False","INITIALIZING","2026-09-11T18:50:12.921Z"
"20260911T161623Z-1","C","JNJ","61","120","EHLERS_DOMINANT_CYCLE_PHASE","V0.1","MEDIAN_PRICE",,"False","INITIALIZING","2026-09-11T18:50:12.921Z"
"20260911T161623Z-1","C","JNJ","62","120","EHLERS_DOMINANT_CYCLE_PHASE","V0.1","MEDIAN_PRICE",,"False","INITIALIZING","2026-09-11T18:50:12.921Z"
"20260911T161623Z-1","C","JNJ","63","120","EHLERS_DOMINANT_CYCLE_PHASE","V0.1","MEDIAN_PRICE",,"False","INITIALIZING","2026-09-11T18:50:12.921Z"
"20260911T161623Z-1","C","JNJ","64","120","EHLERS_DOMINANT_CYCLE_PHASE","V0.1","MEDIAN_PRICE","82.67341767605203","True","OBSERVABLE","2026-09-11T18:50:12.921Z"
"20260911T161623Z-1","C","JNJ","65","120","EHLERS_DOMINANT_CYCLE_PHASE","V0.1","MEDIAN_PRICE","93.38620062275812","True","OBSERVABLE","2026-09-11T18:50:12.921Z"
"20260911T161623Z-1","C","JNJ","66","120","EHLERS_DOMINANT_CYCLE_PHASE","V0.1","MEDIAN_PRICE","102.7547493157983","True","OBSERVABLE","2026-09-11T18:50:12.921Z"
"20260911T161623Z-1","C","JNJ","67","120","EHLERS_DOMINANT_CYCLE_PHASE","V0.1","MEDIAN_PRICE","115.01364108157352","True","OBSERVABLE","2026-09-11T18:50:12.921Z"
"20260911T161623Z-1","C","JNJ","68","120","EHLERS_DOMINANT_CYCLE_PHASE","V0.1","MEDIAN_PRICE","122.96409258065759","True","OBSERVABLE","2026-09-11T18:50:12.921Z"
"20260911T161623Z-1","C","JNJ","69","120","EHLERS_DOMINANT_CYCLE_PHASE","V0.1","MEDIAN_PRICE","129.82351023495252","True","OBSERVABLE","2026-09-11T18:50:12.921Z"
"20260911T161623Z-1","C","JNJ","70","120","EHLERS_DOMINANT_CYCLE_PHASE","V0.1","MEDIAN_PRICE","139.61496896321228","True","OBSERVABLE","2026-09-11T18:50:12.921Z"
"20260911T161623Z-1","C","JNJ","71","120","EHLERS_DOMINANT_CYCLE_PHASE","V0.1","MEDIAN_PRICE","149.3386663567731","True","OBSERVABLE","2026-09-11T18:50:12.921Z"
"20260911T161623Z-1","C","JNJ","72","120","EHLERS_DOMINANT_CYCLE_PHASE","V0.1","MEDIAN_PRICE","154.858373897722","True","OBSERVABLE","2026-09-11T18:50:12.921Z"
"20260911T161623Z-1","C","JNJ","73","120","EHLERS_DOMINANT_CYCLE_PHASE","V0.1","MEDIAN_PRICE","166.10891843650037","True","OBSERVABLE","2026-09-11T18:50:12.921Z"
"20260911T161623Z-1","C","JNJ","74","120","EHLERS_DOMINANT_CYCLE_PHASE","V0.1","MEDIAN_PRICE","179.3388155447454","True","OBSERVABLE","2026-09-11T18:50:12.921Z"
"20260911T161623Z-1","C","JNJ","75","120","EHLERS_DOMINANT_CYCLE_PHASE","V0.1","MEDIAN_PRICE","193.94311075335094","True","OBSERVABLE","2026-09-11T18:50:12.921Z"
"20260911T161623Z-1","C","JNJ","76","120","EHLERS_DOMINANT_CYCLE_PHASE","V0.1","MEDIAN_PRICE","210.3568371483434","True","OBSERVABLE","2026-09-11T18:50:12.921Z"
"20260911T161623Z-1","C","JNJ","77","120","EHLERS_DOMINANT_CYCLE_PHASE","V0.1","MEDIAN_PRICE","219.49189543919712","True","OBSERVABLE","2026-09-11T18:50:12.921Z"
"20260911T161623Z-1","C","JNJ","78","120","EHLERS_DOMINANT_CYCLE_PHASE","V0.1","MEDIAN_PRICE","233.43750055608007","True","OBSERVABLE","2026-09-11T18:50:12.921Z"
"20260911T161623Z-1","C","JNJ","79","120","EHLERS_DOMINANT_CYCLE_PHASE","V0.1","MEDIAN_PRICE","247.23315384046745","True","OBSERVABLE","2026-09-11T18:50:12.921Z"
"20260911T161623Z-1","C","JNJ","80","120","EHLERS_DOMINANT_CYCLE_PHASE","V0.1","MEDIAN_PRICE","259.79475738503174","True","OBSERVABLE","2026-09-11T18:50:12.921Z"
"20260911T161623Z-1","C","JNJ","81","120","EHLERS_DOMINANT_CYCLE_PHASE","V0.1","MEDIAN_PRICE","271.3875829673427","True","OBSERVABLE","2026-09-11T18:50:12.921Z"
"20260911T161623Z-1","C","JNJ","82","120","EHLERS_DOMINANT_CYCLE_PHASE","V0.1","MEDIAN_PRICE","283.07679629954714","True","OBSERVABLE","2026-09-11T18:50:12.921Z"
"20260911T161623Z-1","C","JNJ","83","120","EHLERS_DOMINANT_CYCLE_PHASE","V0.1","MEDIAN_PRICE","296.1597861630714","True","OBSERVABLE","2026-09-11T18:50:12.921Z"
"20260911T161623Z-1","C","JNJ","84","120","EHLERS_DOMINANT_CYCLE_PHASE","V0.1","MEDIAN_PRICE","312.22317234285487","True","OBSERVABLE","2026-09-11T18:50:12.921Z"
"20260911T161623Z-1","C","JNJ","85","120","EHLERS_DOMINANT_CYCLE_PHASE","V0.1","MEDIAN_PRICE","331.8621753430306","True","OBSERVABLE","2026-09-11T18:50:12.921Z"
"20260911T161623Z-1","C","JNJ","86","120","EHLERS_DOMINANT_CYCLE_PHASE","V0.1","MEDIAN_PRICE","3.9498310500943035","True","OBSERVABLE","2026-09-11T18:50:12.921Z"
"20260911T161623Z-1","C","JPM","1","120","EHLERS_DOMINANT_CYCLE_PHASE","V0.1","MEDIAN_PRICE",,"False","INITIALIZING","2026-09-11T18:50:12.947Z"
"20260911T161623Z-1","C","JPM","2","120","EHLERS_DOMINANT_CYCLE_PHASE","V0.1","MEDIAN_PRICE",,"False","INITIALIZING","2026-09-11T18:50:12.947Z"
"20260911T161623Z-1","C","JPM","3","120","EHLERS_DOMINANT_CYCLE_PHASE","V0.1","MEDIAN_PRICE",,"False","INITIALIZING","2026-09-11T18:50:12.947Z"
"20260911T161623Z-1","C","JPM","4","120","EHLERS_DOMINANT_CYCLE_PHASE","V0.1","MEDIAN_PRICE",,"False","INITIALIZING","2026-09-11T18:50:12.947Z"
"20260911T161623Z-1","C","JPM","5","120","EHLERS_DOMINANT_CYCLE_PHASE","V0.1","MEDIAN_PRICE",,"False","INITIALIZING","2026-09-11T18:50:12.947Z"
"20260911T161623Z-1","C","JPM","6","120","EHLERS_DOMINANT_CYCLE_PHASE","V0.1","MEDIAN_PRICE",,"False","INITIALIZING","2026-09-11T18:50:12.947Z"
"20260911T161623Z-1","C","JPM","7","120","EHLERS_DOMINANT_CYCLE_PHASE","V0.1","MEDIAN_PRICE",,"False","INITIALIZING","2026-09-11T18:50:12.947Z"
"20260911T161623Z-1","C","JPM","8","120","EHLERS_DOMINANT_CYCLE_PHASE","V0.1","MEDIAN_PRICE",,"False","INITIALIZING","2026-09-11T18:50:12.947Z"
"20260911T161623Z-1","C","JPM","9","120","EHLERS_DOMINANT_CYCLE_PHASE","V0.1","MEDIAN_PRICE",,"False","INITIALIZING","2026-09-11T18:50:12.947Z"
"20260911T161623Z-1","C","JPM","10","120","EHLERS_DOMINANT_CYCLE_PHASE","V0.1","MEDIAN_PRICE",,"False","INITIALIZING","2026-09-11T18:50:12.947Z"
"20260911T161623Z-1","C","JPM","11","120","EHLERS_DOMINANT_CYCLE_PHASE","V0.1","MEDIAN_PRICE",,"False","INITIALIZING","2026-09-11T18:50:12.947Z"
"20260911T161623Z-1","C","JPM","12","120","EHLERS_DOMINANT_CYCLE_PHASE","V0.1","MEDIAN_PRICE",,"False","INITIALIZING","2026-09-11T18:50:12.947Z"
"20260911T161623Z-1","C","JPM","13","120","EHLERS_DOMINANT_CYCLE_PHASE","V0.1","MEDIAN_PRICE",,"False","INITIALIZING","2026-09-11T18:50:12.947Z"
"20260911T161623Z-1","C","JPM","14","120","EHLERS_DOMINANT_CYCLE_PHASE","V0.1","MEDIAN_PRICE",,"False","INITIALIZING","2026-09-11T18:50:12.947Z"
"20260911T161623Z-1","C","JPM","15","120","EHLERS_DOMINANT_CYCLE_PHASE","V0.1","MEDIAN_PRICE",,"False","INITIALIZING","2026-09-11T18:50:12.947Z"
"20260911T161623Z-1","C","JPM","16","120","EHLERS_DOMINANT_CYCLE_PHASE","V0.1","MEDIAN_PRICE",,"False","INITIALIZING","2026-09-11T18:50:12.947Z"
"20260911T161623Z-1","C","JPM","17","120","EHLERS_DOMINANT_CYCLE_PHASE","V0.1","MEDIAN_PRICE",,"False","INITIALIZING","2026-09-11T18:50:12.947Z"
"20260911T161623Z-1","C","JPM","18","120","EHLERS_DOMINANT_CYCLE_PHASE","V0.1","MEDIAN_PRICE",,"False","INITIALIZING","2026-09-11T18:50:12.947Z"
"20260911T161623Z-1","C","JPM","19","120","EHLERS_DOMINANT_CYCLE_PHASE","V0.1","MEDIAN_PRICE",,"False","INITIALIZING","2026-09-11T18:50:12.947Z"
"20260911T161623Z-1","C","JPM","20","120","EHLERS_DOMINANT_CYCLE_PHASE","V0.1","MEDIAN_PRICE",,"False","INITIALIZING","2026-09-11T18:50:12.947Z"
"20260911T161623Z-1","C","JPM","21","120","EHLERS_DOMINANT_CYCLE_PHASE","V0.1","MEDIAN_PRICE",,"False","INITIALIZING","2026-09-11T18:50:12.947Z"
"20260911T161623Z-1","C","JPM","22","120","EHLERS_DOMINANT_CYCLE_PHASE","V0.1","MEDIAN_PRICE",,"False","INITIALIZING","2026-09-11T18:50:12.947Z"
"20260911T161623Z-1","C","JPM","23","120","EHLERS_DOMINANT_CYCLE_PHASE","V0.1","MEDIAN_PRICE",,"False","INITIALIZING","2026-09-11T18:50:12.947Z"
"20260911T161623Z-1","C","JPM","24","120","EHLERS_DOMINANT_CYCLE_PHASE","V0.1","MEDIAN_PRICE",,"False","INITIALIZING","2026-09-11T18:50:12.947Z"
"20260911T161623Z-1","C","JPM","25","120","EHLERS_DOMINANT_CYCLE_PHASE","V0.1","MEDIAN_PRICE",,"False","INITIALIZING","2026-09-11T18:50:12.947Z"
"20260911T161623Z-1","C","JPM","26","120","EHLERS_DOMINANT_CYCLE_PHASE","V0.1","MEDIAN_PRICE",,"False","INITIALIZING","2026-09-11T18:50:12.947Z"
"20260911T161623Z-1","C","JPM","27","120","EHLERS_DOMINANT_CYCLE_PHASE","V0.1","MEDIAN_PRICE",,"False","INITIALIZING","2026-09-11T18:50:12.947Z"
"20260911T161623Z-1","C","JPM","28","120","EHLERS_DOMINANT_CYCLE_PHASE","V0.1","MEDIAN_PRICE",,"False","INITIALIZING","2026-09-11T18:50:12.947Z"
"20260911T161623Z-1","C","JPM","29","120","EHLERS_DOMINANT_CYCLE_PHASE","V0.1","MEDIAN_PRICE",,"False","INITIALIZING","2026-09-11T18:50:12.947Z"
"20260911T161623Z-1","C","JPM","30","120","EHLERS_DOMINANT_CYCLE_PHASE","V0.1","MEDIAN_PRICE",,"False","INITIALIZING","2026-09-11T18:50:12.947Z"
"20260911T161623Z-1","C","JPM","31","120","EHLERS_DOMINANT_CYCLE_PHASE","V0.1","MEDIAN_PRICE",,"False","INITIALIZING","2026-09-11T18:50:12.947Z"
"20260911T161623Z-1","C","JPM","32","120","EHLERS_DOMINANT_CYCLE_PHASE","V0.1","MEDIAN_PRICE",,"False","INITIALIZING","2026-09-11T18:50:12.947Z"
"20260911T161623Z-1","C","JPM","33","120","EHLERS_DOMINANT_CYCLE_PHASE","V0.1","MEDIAN_PRICE",,"False","INITIALIZING","2026-09-11T18:50:12.947Z"
"20260911T161623Z-1","C","JPM","34","120","EHLERS_DOMINANT_CYCLE_PHASE","V0.1","MEDIAN_PRICE",,"False","INITIALIZING","2026-09-11T18:50:12.947Z"
"20260911T161623Z-1","C","JPM","35","120","EHLERS_DOMINANT_CYCLE_PHASE","V0.1","MEDIAN_PRICE",,"False","INITIALIZING","2026-09-11T18:50:12.947Z"
"20260911T161623Z-1","C","JPM","36","120","EHLERS_DOMINANT_CYCLE_PHASE","V0.1","MEDIAN_PRICE",,"False","INITIALIZING","2026-09-11T18:50:12.947Z"
"20260911T161623Z-1","C","JPM","37","120","EHLERS_DOMINANT_CYCLE_PHASE","V0.1","MEDIAN_PRICE",,"False","INITIALIZING","2026-09-11T18:50:12.947Z"
"20260911T161623Z-1","C","JPM","38","120","EHLERS_DOMINANT_CYCLE_PHASE","V0.1","MEDIAN_PRICE",,"False","INITIALIZING","2026-09-11T18:50:12.947Z"
"20260911T161623Z-1","C","JPM","39","120","EHLERS_DOMINANT_CYCLE_PHASE","V0.1","MEDIAN_PRICE",,"False","INITIALIZING","2026-09-11T18:50:12.947Z"
"20260911T161623Z-1","C","JPM","40","120","EHLERS_DOMINANT_CYCLE_PHASE","V0.1","MEDIAN_PRICE",,"False","INITIALIZING","2026-09-11T18:50:12.947Z"
"20260911T161623Z-1","C","JPM","41","120","EHLERS_DOMINANT_CYCLE_PHASE","V0.1","MEDIAN_PRICE",,"False","INITIALIZING","2026-09-11T18:50:12.947Z"
"20260911T161623Z-1","C","JPM","42","120","EHLERS_DOMINANT_CYCLE_PHASE","V0.1","MEDIAN_PRICE",,"False","INITIALIZING","2026-09-11T18:50:12.947Z"
"20260911T161623Z-1","C","JPM","43","120","EHLERS_DOMINANT_CYCLE_PHASE","V0.1","MEDIAN_PRICE",,"False","INITIALIZING","2026-09-11T18:50:12.947Z"
"20260911T161623Z-1","C","JPM","44","120","EHLERS_DOMINANT_CYCLE_PHASE","V0.1","MEDIAN_PRICE",,"False","INITIALIZING","2026-09-11T18:50:12.947Z"
"20260911T161623Z-1","C","JPM","45","120","EHLERS_DOMINANT_CYCLE_PHASE","V0.1","MEDIAN_PRICE",,"False","INITIALIZING","2026-09-11T18:50:12.947Z"
"20260911T161623Z-1","C","JPM","46","120","EHLERS_DOMINANT_CYCLE_PHASE","V0.1","MEDIAN_PRICE",,"False","INITIALIZING","2026-09-11T18:50:12.947Z"
"20260911T161623Z-1","C","JPM","47","120","EHLERS_DOMINANT_CYCLE_PHASE","V0.1","MEDIAN_PRICE",,"False","INITIALIZING","2026-09-11T18:50:12.947Z"
"20260911T161623Z-1","C","JPM","48","120","EHLERS_DOMINANT_CYCLE_PHASE","V0.1","MEDIAN_PRICE",,"False","INITIALIZING","2026-09-11T18:50:12.947Z"
"20260911T161623Z-1","C","JPM","49","120","EHLERS_DOMINANT_CYCLE_PHASE","V0.1","MEDIAN_PRICE",,"False","INITIALIZING","2026-09-11T18:50:12.947Z"
"20260911T161623Z-1","C","JPM","50","120","EHLERS_DOMINANT_CYCLE_PHASE","V0.1","MEDIAN_PRICE",,"False","INITIALIZING","2026-09-11T18:50:12.947Z"
"20260911T161623Z-1","C","JPM","51","120","EHLERS_DOMINANT_CYCLE_PHASE","V0.1","MEDIAN_PRICE",,"False","INITIALIZING","2026-09-11T18:50:12.947Z"
"20260911T161623Z-1","C","JPM","52","120","EHLERS_DOMINANT_CYCLE_PHASE","V0.1","MEDIAN_PRICE",,"False","INITIALIZING","2026-09-11T18:50:12.947Z"
"20260911T161623Z-1","C","JPM","53","120","EHLERS_DOMINANT_CYCLE_PHASE","V0.1","MEDIAN_PRICE",,"False","INITIALIZING","2026-09-11T18:50:12.947Z"
"20260911T161623Z-1","C","JPM","54","120","EHLERS_DOMINANT_CYCLE_PHASE","V0.1","MEDIAN_PRICE",,"False","INITIALIZING","2026-09-11T18:50:12.947Z"
"20260911T161623Z-1","C","JPM","55","120","EHLERS_DOMINANT_CYCLE_PHASE","V0.1","MEDIAN_PRICE",,"False","INITIALIZING","2026-09-11T18:50:12.947Z"
"20260911T161623Z-1","C","JPM","56","120","EHLERS_DOMINANT_CYCLE_PHASE","V0.1","MEDIAN_PRICE",,"False","INITIALIZING","2026-09-11T18:50:12.947Z"
"20260911T161623Z-1","C","JPM","57","120","EHLERS_DOMINANT_CYCLE_PHASE","V0.1","MEDIAN_PRICE",,"False","INITIALIZING","2026-09-11T18:50:12.947Z"
"20260911T161623Z-1","C","JPM","58","120","EHLERS_DOMINANT_CYCLE_PHASE","V0.1","MEDIAN_PRICE",,"False","INITIALIZING","2026-09-11T18:50:12.947Z"
"20260911T161623Z-1","C","JPM","59","120","EHLERS_DOMINANT_CYCLE_PHASE","V0.1","MEDIAN_PRICE",,"False","INITIALIZING","2026-09-11T18:50:12.947Z"
"20260911T161623Z-1","C","JPM","60","120","EHLERS_DOMINANT_CYCLE_PHASE","V0.1","MEDIAN_PRICE",,"False","INITIALIZING","2026-09-11T18:50:12.947Z"
"20260911T161623Z-1","C","JPM","61","120","EHLERS_DOMINANT_CYCLE_PHASE","V0.1","MEDIAN_PRICE",,"False","INITIALIZING","2026-09-11T18:50:12.947Z"
"20260911T161623Z-1","C","JPM","62","120","EHLERS_DOMINANT_CYCLE_PHASE","V0.1","MEDIAN_PRICE",,"False","INITIALIZING","2026-09-11T18:50:12.947Z"
"20260911T161623Z-1","C","JPM","63","120","EHLERS_DOMINANT_CYCLE_PHASE","V0.1","MEDIAN_PRICE",,"False","INITIALIZING","2026-09-11T18:50:12.947Z"
"20260911T161623Z-1","C","JPM","64","120","EHLERS_DOMINANT_CYCLE_PHASE","V0.1","MEDIAN_PRICE","40.559831977834904","True","OBSERVABLE","2026-09-11T18:50:12.947Z"
"20260911T161623Z-1","C","JPM","65","120","EHLERS_DOMINANT_CYCLE_PHASE","V0.1","MEDIAN_PRICE","46.088670916097676","True","OBSERVABLE","2026-09-11T18:50:12.947Z"
"20260911T161623Z-1","C","JPM","66","120","EHLERS_DOMINANT_CYCLE_PHASE","V0.1","MEDIAN_PRICE","51.01232872748892","True","OBSERVABLE","2026-09-11T18:50:12.947Z"
"20260911T161623Z-1","C","JPM","67","120","EHLERS_DOMINANT_CYCLE_PHASE","V0.1","MEDIAN_PRICE","56.1715416886359","True","OBSERVABLE","2026-09-11T18:50:12.947Z"
"20260911T161623Z-1","C","JPM","68","120","EHLERS_DOMINANT_CYCLE_PHASE","V0.1","MEDIAN_PRICE","60.520766843270806","True","OBSERVABLE","2026-09-11T18:50:12.947Z"
"20260911T161623Z-1","C","JPM","69","120","EHLERS_DOMINANT_CYCLE_PHASE","V0.1","MEDIAN_PRICE","66.97629832256517","True","OBSERVABLE","2026-09-11T18:50:12.947Z"
"20260911T161623Z-1","C","JPM","70","120","EHLERS_DOMINANT_CYCLE_PHASE","V0.1","MEDIAN_PRICE","70.22159671372557","True","OBSERVABLE","2026-09-11T18:50:12.947Z"
"20260911T161623Z-1","C","JPM","71","120","EHLERS_DOMINANT_CYCLE_PHASE","V0.1","MEDIAN_PRICE","77.69431697739516","True","OBSERVABLE","2026-09-11T18:50:12.947Z"
"20260911T161623Z-1","C","JPM","72","120","EHLERS_DOMINANT_CYCLE_PHASE","V0.1","MEDIAN_PRICE","87.60233445206774","True","OBSERVABLE","2026-09-11T18:50:12.947Z"
"20260911T161623Z-1","C","JPM","73","120","EHLERS_DOMINANT_CYCLE_PHASE","V0.1","MEDIAN_PRICE","89.20714858879587","True","OBSERVABLE","2026-09-11T18:50:12.947Z"
"20260911T161623Z-1","C","JPM","74","120","EHLERS_DOMINANT_CYCLE_PHASE","V0.1","MEDIAN_PRICE","100.87541110364523","True","OBSERVABLE","2026-09-11T18:50:12.947Z"
"20260911T161623Z-1","C","JPM","75","120","EHLERS_DOMINANT_CYCLE_PHASE","V0.1","MEDIAN_PRICE","116.33096635831541","True","OBSERVABLE","2026-09-11T18:50:12.947Z"
"20260911T161623Z-1","C","JPM","76","120","EHLERS_DOMINANT_CYCLE_PHASE","V0.1","MEDIAN_PRICE","138.94040970132144","True","OBSERVABLE","2026-09-11T18:50:12.947Z"
"20260911T161623Z-1","C","JPM","77","120","EHLERS_DOMINANT_CYCLE_PHASE","V0.1","MEDIAN_PRICE","179.36996499760218","True","OBSERVABLE","2026-09-11T18:50:12.947Z"
"20260911T161623Z-1","C","JPM","78","120","EHLERS_DOMINANT_CYCLE_PHASE","V0.1","MEDIAN_PRICE","225.62761354757814","True","OBSERVABLE","2026-09-11T18:50:12.947Z"
"20260911T161623Z-1","C","JPM","79","120","EHLERS_DOMINANT_CYCLE_PHASE","V0.1","MEDIAN_PRICE","253.38112973257842","True","OBSERVABLE","2026-09-11T18:50:12.947Z"
"20260911T161623Z-1","C","JPM","80","120","EHLERS_DOMINANT_CYCLE_PHASE","V0.1","MEDIAN_PRICE","269.9316634941834","True","OBSERVABLE","2026-09-11T18:50:12.947Z"
"20260911T161623Z-1","C","JPM","81","120","EHLERS_DOMINANT_CYCLE_PHASE","V0.1","MEDIAN_PRICE","278.7680933450185","True","OBSERVABLE","2026-09-11T18:50:12.947Z"
"20260911T161623Z-1","C","JPM","82","120","EHLERS_DOMINANT_CYCLE_PHASE","V0.1","MEDIAN_PRICE","288.7871724059706","True","OBSERVABLE","2026-09-11T18:50:12.947Z"
"20260911T161623Z-1","C","JPM","83","120","EHLERS_DOMINANT_CYCLE_PHASE","V0.1","MEDIAN_PRICE","297.73421286939356","True","OBSERVABLE","2026-09-11T18:50:12.947Z"
"20260911T161623Z-1","C","JPM","84","120","EHLERS_DOMINANT_CYCLE_PHASE","V0.1","MEDIAN_PRICE","306.8271941590146","True","OBSERVABLE","2026-09-11T18:50:12.947Z"
"20260911T161623Z-1","C","JPM","85","120","EHLERS_DOMINANT_CYCLE_PHASE","V0.1","MEDIAN_PRICE","317.39579540384466","True","OBSERVABLE","2026-09-11T18:50:12.947Z"
"20260911T161623Z-1","C","JPM","86","120","EHLERS_DOMINANT_CYCLE_PHASE","V0.1","MEDIAN_PRICE","331.54112930118504","True","OBSERVABLE","2026-09-11T18:50:12.947Z"
"20260911T161623Z-1","C","JPM","87","120","EHLERS_DOMINANT_CYCLE_PHASE","V0.1","MEDIAN_PRICE","347.7391613356626","True","OBSERVABLE","2026-09-11T18:50:12.947Z"
"20260911T161623Z-1","C","JPM","88","120","EHLERS_DOMINANT_CYCLE_PHASE","V0.1","MEDIAN_PRICE","3.5396897913921066","True","OBSERVABLE","2026-09-11T18:50:12.947Z"
"20260911T161623Z-1","C","JPM","89","120","EHLERS_DOMINANT_CYCLE_PHASE","V0.1","MEDIAN_PRICE","18.88004499694003","True","OBSERVABLE","2026-09-11T18:50:12.947Z"
"20260911T161623Z-1","C","JPM","90","120","EHLERS_DOMINANT_CYCLE_PHASE","V0.1","MEDIAN_PRICE","33.6317577466714","True","OBSERVABLE","2026-09-11T18:50:12.947Z"
"20260911T161623Z-1","C","JPM","91","120","EHLERS_DOMINANT_CYCLE_PHASE","V0.1","MEDIAN_PRICE","46.2242654817307","True","OBSERVABLE","2026-09-11T18:50:12.947Z"
"20260911T161623Z-1","C","JPM","92","120","EHLERS_DOMINANT_CYCLE_PHASE","V0.1","MEDIAN_PRICE","57.524053137286565","True","OBSERVABLE","2026-09-11T18:50:12.947Z"
"20260911T161623Z-1","C","JPM","93","120","EHLERS_DOMINANT_CYCLE_PHASE","V0.1","MEDIAN_PRICE","68.40505568920457","True","OBSERVABLE","2026-09-11T18:50:12.947Z"
"20260911T161623Z-1","C","JPM","94","120","EHLERS_DOMINANT_CYCLE_PHASE","V0.1","MEDIAN_PRICE","80.40433478069136","True","OBSERVABLE","2026-09-11T18:50:12.947Z"
"20260911T161623Z-1","C","JPM","95","120","EHLERS_DOMINANT_CYCLE_PHASE","V0.1","MEDIAN_PRICE","92.4837501322911","True","OBSERVABLE","2026-09-11T18:50:12.947Z"
"20260911T161623Z-1","C","JPM","96","120","EHLERS_DOMINANT_CYCLE_PHASE","V0.1","MEDIAN_PRICE","104.05186289430831","True","OBSERVABLE","2026-09-11T18:50:12.947Z"
"20260911T161623Z-1","C","JPM","97","120","EHLERS_DOMINANT_CYCLE_PHASE","V0.1","MEDIAN_PRICE","114.84997323424807","True","OBSERVABLE","2026-09-11T18:50:12.947Z"
"20260911T161623Z-1","C","JPM","98","120","EHLERS_DOMINANT_CYCLE_PHASE","V0.1","MEDIAN_PRICE","124.8388590838154","True","OBSERVABLE","2026-09-11T18:50:12.947Z"
"20260911T161623Z-1","C","JPM","99","120","EHLERS_DOMINANT_CYCLE_PHASE","V0.1","MEDIAN_PRICE","129.78455430606576","True","OBSERVABLE","2026-09-11T18:50:12.947Z"
"20260911T161623Z-1","C","JPM","100","120","EHLERS_DOMINANT_CYCLE_PHASE","V0.1","MEDIAN_PRICE","139.03267688666168","True","OBSERVABLE","2026-09-11T18:50:12.947Z"
"20260911T161623Z-1","C","JPM","101","120","EHLERS_DOMINANT_CYCLE_PHASE","V0.1","MEDIAN_PRICE","145.5257657919573","True","OBSERVABLE","2026-09-11T18:50:12.947Z"
"20260911T161623Z-1","C","JPM","102","120","EHLERS_DOMINANT_CYCLE_PHASE","V0.1","MEDIAN_PRICE","153.1376886624931","True","OBSERVABLE","2026-09-11T18:50:12.947Z"
"20260911T161623Z-1","C","JPM","103","120","EHLERS_DOMINANT_CYCLE_PHASE","V0.1","MEDIAN_PRICE","159.3105227259312","True","OBSERVABLE","2026-09-11T18:50:12.947Z"
"20260911T161623Z-1","C","JPM","104","120","EHLERS_DOMINANT_CYCLE_PHASE","V0.1","MEDIAN_PRICE","163.3018420236807","True","OBSERVABLE","2026-09-11T18:50:12.947Z"
"20260911T161623Z-1","C","JPM","105","120","EHLERS_DOMINANT_CYCLE_PHASE","V0.1","MEDIAN_PRICE","166.22102116848873","True","OBSERVABLE","2026-09-11T18:50:12.947Z"
"20260911T161623Z-1","C","MA","1","120","EHLERS_DOMINANT_CYCLE_PHASE","V0.1","MEDIAN_PRICE",,"False","INITIALIZING","2026-09-11T18:50:12.989Z"
"20260911T161623Z-1","C","MA","2","120","EHLERS_DOMINANT_CYCLE_PHASE","V0.1","MEDIAN_PRICE",,"False","INITIALIZING","2026-09-11T18:50:12.989Z"
"20260911T161623Z-1","C","MA","3","120","EHLERS_DOMINANT_CYCLE_PHASE","V0.1","MEDIAN_PRICE",,"False","INITIALIZING","2026-09-11T18:50:12.989Z"
"20260911T161623Z-1","C","MA","4","120","EHLERS_DOMINANT_CYCLE_PHASE","V0.1","MEDIAN_PRICE",,"False","INITIALIZING","2026-09-11T18:50:12.989Z"
"20260911T161623Z-1","C","MA","5","120","EHLERS_DOMINANT_CYCLE_PHASE","V0.1","MEDIAN_PRICE",,"False","INITIALIZING","2026-09-11T18:50:12.989Z"
"20260911T161623Z-1","C","MA","6","120","EHLERS_DOMINANT_CYCLE_PHASE","V0.1","MEDIAN_PRICE",,"False","INITIALIZING","2026-09-11T18:50:12.989Z"
"20260911T161623Z-1","C","MA","7","120","EHLERS_DOMINANT_CYCLE_PHASE","V0.1","MEDIAN_PRICE",,"False","INITIALIZING","2026-09-11T18:50:12.989Z"
"20260911T161623Z-1","C","MA","8","120","EHLERS_DOMINANT_CYCLE_PHASE","V0.1","MEDIAN_PRICE",,"False","INITIALIZING","2026-09-11T18:50:12.989Z"
"20260911T161623Z-1","C","MA","9","120","EHLERS_DOMINANT_CYCLE_PHASE","V0.1","MEDIAN_PRICE",,"False","INITIALIZING","2026-09-11T18:50:12.989Z"
"20260911T161623Z-1","C","MA","10","120","EHLERS_DOMINANT_CYCLE_PHASE","V0.1","MEDIAN_PRICE",,"False","INITIALIZING","2026-09-11T18:50:12.989Z"
"20260911T161623Z-1","C","MA","11","120","EHLERS_DOMINANT_CYCLE_PHASE","V0.1","MEDIAN_PRICE",,"False","INITIALIZING","2026-09-11T18:50:12.989Z"
"20260911T161623Z-1","C","MA","12","120","EHLERS_DOMINANT_CYCLE_PHASE","V0.1","MEDIAN_PRICE",,"False","INITIALIZING","2026-09-11T18:50:12.989Z"
"20260911T161623Z-1","C","MA","13","120","EHLERS_DOMINANT_CYCLE_PHASE","V0.1","MEDIAN_PRICE",,"False","INITIALIZING","2026-09-11T18:50:12.989Z"
"20260911T161623Z-1","C","MA","14","120","EHLERS_DOMINANT_CYCLE_PHASE","V0.1","MEDIAN_PRICE",,"False","INITIALIZING","2026-09-11T18:50:12.989Z"
"20260911T161623Z-1","C","MA","15","120","EHLERS_DOMINANT_CYCLE_PHASE","V0.1","MEDIAN_PRICE",,"False","INITIALIZING","2026-09-11T18:50:12.989Z"
"20260911T161623Z-1","C","MA","16","120","EHLERS_DOMINANT_CYCLE_PHASE","V0.1","MEDIAN_PRICE",,"False","INITIALIZING","2026-09-11T18:50:12.989Z"
"20260911T161623Z-1","C","MA","17","120","EHLERS_DOMINANT_CYCLE_PHASE","V0.1","MEDIAN_PRICE",,"False","INITIALIZING","2026-09-11T18:50:12.989Z"
"20260911T161623Z-1","C","MA","18","120","EHLERS_DOMINANT_CYCLE_PHASE","V0.1","MEDIAN_PRICE",,"False","INITIALIZING","2026-09-11T18:50:12.989Z"
"20260911T161623Z-1","C","MA","19","120","EHLERS_DOMINANT_CYCLE_PHASE","V0.1","MEDIAN_PRICE",,"False","INITIALIZING","2026-09-11T18:50:12.989Z"
"20260911T161623Z-1","C","MA","20","120","EHLERS_DOMINANT_CYCLE_PHASE","V0.1","MEDIAN_PRICE",,"False","INITIALIZING","2026-09-11T18:50:12.989Z"
"20260911T161623Z-1","C","MA","21","120","EHLERS_DOMINANT_CYCLE_PHASE","V0.1","MEDIAN_PRICE",,"False","INITIALIZING","2026-09-11T18:50:12.989Z"
"20260911T161623Z-1","C","MA","22","120","EHLERS_DOMINANT_CYCLE_PHASE","V0.1","MEDIAN_PRICE",,"False","INITIALIZING","2026-09-11T18:50:12.989Z"
"20260911T161623Z-1","C","MA","23","120","EHLERS_DOMINANT_CYCLE_PHASE","V0.1","MEDIAN_PRICE",,"False","INITIALIZING","2026-09-11T18:50:12.989Z"
"20260911T161623Z-1","C","MA","24","120","EHLERS_DOMINANT_CYCLE_PHASE","V0.1","MEDIAN_PRICE",,"False","INITIALIZING","2026-09-11T18:50:12.989Z"
"20260911T161623Z-1","C","MA","25","120","EHLERS_DOMINANT_CYCLE_PHASE","V0.1","MEDIAN_PRICE",,"False","INITIALIZING","2026-09-11T18:50:12.989Z"
"20260911T161623Z-1","C","MA","26","120","EHLERS_DOMINANT_CYCLE_PHASE","V0.1","MEDIAN_PRICE",,"False","INITIALIZING","2026-09-11T18:50:12.989Z"
"20260911T161623Z-1","C","MA","27","120","EHLERS_DOMINANT_CYCLE_PHASE","V0.1","MEDIAN_PRICE",,"False","INITIALIZING","2026-09-11T18:50:12.989Z"
"20260911T161623Z-1","C","MA","28","120","EHLERS_DOMINANT_CYCLE_PHASE","V0.1","MEDIAN_PRICE",,"False","INITIALIZING","2026-09-11T18:50:12.989Z"
"20260911T161623Z-1","C","MA","29","120","EHLERS_DOMINANT_CYCLE_PHASE","V0.1","MEDIAN_PRICE",,"False","INITIALIZING","2026-09-11T18:50:12.989Z"
"20260911T161623Z-1","C","MA","30","120","EHLERS_DOMINANT_CYCLE_PHASE","V0.1","MEDIAN_PRICE",,"False","INITIALIZING","2026-09-11T18:50:12.989Z"
"20260911T161623Z-1","C","MA","31","120","EHLERS_DOMINANT_CYCLE_PHASE","V0.1","MEDIAN_PRICE",,"False","INITIALIZING","2026-09-11T18:50:12.989Z"
"20260911T161623Z-1","C","MA","32","120","EHLERS_DOMINANT_CYCLE_PHASE","V0.1","MEDIAN_PRICE",,"False","INITIALIZING","2026-09-11T18:50:12.989Z"
"20260911T161623Z-1","C","MA","33","120","EHLERS_DOMINANT_CYCLE_PHASE","V0.1","MEDIAN_PRICE",,"False","INITIALIZING","2026-09-11T18:50:12.989Z"
"20260911T161623Z-1","C","MA","34","120","EHLERS_DOMINANT_CYCLE_PHASE","V0.1","MEDIAN_PRICE",,"False","INITIALIZING","2026-09-11T18:50:12.989Z"
"20260911T161623Z-1","C","MA","35","120","EHLERS_DOMINANT_CYCLE_PHASE","V0.1","MEDIAN_PRICE",,"False","INITIALIZING","2026-09-11T18:50:12.989Z"
"20260911T161623Z-1","C","MA","36","120","EHLERS_DOMINANT_CYCLE_PHASE","V0.1","MEDIAN_PRICE",,"False","INITIALIZING","2026-09-11T18:50:12.989Z"
"20260911T161623Z-1","C","MA","37","120","EHLERS_DOMINANT_CYCLE_PHASE","V0.1","MEDIAN_PRICE",,"False","INITIALIZING","2026-09-11T18:50:12.989Z"
"20260911T161623Z-1","C","MA","38","120","EHLERS_DOMINANT_CYCLE_PHASE","V0.1","MEDIAN_PRICE",,"False","INITIALIZING","2026-09-11T18:50:12.989Z"
"20260911T161623Z-1","C","MA","39","120","EHLERS_DOMINANT_CYCLE_PHASE","V0.1","MEDIAN_PRICE",,"False","INITIALIZING","2026-09-11T18:50:12.989Z"
"20260911T161623Z-1","C","MA","40","120","EHLERS_DOMINANT_CYCLE_PHASE","V0.1","MEDIAN_PRICE",,"False","INITIALIZING","2026-09-11T18:50:12.989Z"
"20260911T161623Z-1","C","MA","41","120","EHLERS_DOMINANT_CYCLE_PHASE","V0.1","MEDIAN_PRICE",,"False","INITIALIZING","2026-09-11T18:50:12.989Z"
"20260911T161623Z-1","C","MA","42","120","EHLERS_DOMINANT_CYCLE_PHASE","V0.1","MEDIAN_PRICE",,"False","INITIALIZING","2026-09-11T18:50:12.989Z"
"20260911T161623Z-1","C","MA","43","120","EHLERS_DOMINANT_CYCLE_PHASE","V0.1","MEDIAN_PRICE",,"False","INITIALIZING","2026-09-11T18:50:12.989Z"
"20260911T161623Z-1","C","MA","44","120","EHLERS_DOMINANT_CYCLE_PHASE","V0.1","MEDIAN_PRICE",,"False","INITIALIZING","2026-09-11T18:50:12.989Z"
"20260911T161623Z-1","C","MA","45","120","EHLERS_DOMINANT_CYCLE_PHASE","V0.1","MEDIAN_PRICE",,"False","INITIALIZING","2026-09-11T18:50:12.989Z"
"20260911T161623Z-1","C","MA","46","120","EHLERS_DOMINANT_CYCLE_PHASE","V0.1","MEDIAN_PRICE",,"False","INITIALIZING","2026-09-11T18:50:12.989Z"
"20260911T161623Z-1","C","MA","47","120","EHLERS_DOMINANT_CYCLE_PHASE","V0.1","MEDIAN_PRICE",,"False","INITIALIZING","2026-09-11T18:50:12.989Z"
"20260911T161623Z-1","C","MA","48","120","EHLERS_DOMINANT_CYCLE_PHASE","V0.1","MEDIAN_PRICE",,"False","INITIALIZING","2026-09-11T18:50:12.989Z"
"20260911T161623Z-1","C","MA","49","120","EHLERS_DOMINANT_CYCLE_PHASE","V0.1","MEDIAN_PRICE",,"False","INITIALIZING","2026-09-11T18:50:12.989Z"
"20260911T161623Z-1","C","MA","50","120","EHLERS_DOMINANT_CYCLE_PHASE","V0.1","MEDIAN_PRICE",,"False","INITIALIZING","2026-09-11T18:50:12.989Z"
"20260911T161623Z-1","C","MA","51","120","EHLERS_DOMINANT_CYCLE_PHASE","V0.1","MEDIAN_PRICE",,"False","INITIALIZING","2026-09-11T18:50:12.989Z"
"20260911T161623Z-1","C","MA","52","120","EHLERS_DOMINANT_CYCLE_PHASE","V0.1","MEDIAN_PRICE",,"False","INITIALIZING","2026-09-11T18:50:12.989Z"
"20260911T161623Z-1","C","MA","53","120","EHLERS_DOMINANT_CYCLE_PHASE","V0.1","MEDIAN_PRICE",,"False","INITIALIZING","2026-09-11T18:50:12.989Z"
"20260911T161623Z-1","C","MA","54","120","EHLERS_DOMINANT_CYCLE_PHASE","V0.1","MEDIAN_PRICE",,"False","INITIALIZING","2026-09-11T18:50:12.989Z"
"20260911T161623Z-1","C","MA","55","120","EHLERS_DOMINANT_CYCLE_PHASE","V0.1","MEDIAN_PRICE",,"False","INITIALIZING","2026-09-11T18:50:12.989Z"
"20260911T161623Z-1","C","MA","56","120","EHLERS_DOMINANT_CYCLE_PHASE","V0.1","MEDIAN_PRICE",,"False","INITIALIZING","2026-09-11T18:50:12.989Z"
"20260911T161623Z-1","C","MA","57","120","EHLERS_DOMINANT_CYCLE_PHASE","V0.1","MEDIAN_PRICE",,"False","INITIALIZING","2026-09-11T18:50:12.989Z"
"20260911T161623Z-1","C","MA","58","120","EHLERS_DOMINANT_CYCLE_PHASE","V0.1","MEDIAN_PRICE",,"False","INITIALIZING","2026-09-11T18:50:12.989Z"
"20260911T161623Z-1","C","MA","59","120","EHLERS_DOMINANT_CYCLE_PHASE","V0.1","MEDIAN_PRICE",,"False","INITIALIZING","2026-09-11T18:50:12.989Z"
"20260911T161623Z-1","C","MA","60","120","EHLERS_DOMINANT_CYCLE_PHASE","V0.1","MEDIAN_PRICE",,"False","INITIALIZING","2026-09-11T18:50:12.989Z"
"20260911T161623Z-1","C","MA","61","120","EHLERS_DOMINANT_CYCLE_PHASE","V0.1","MEDIAN_PRICE",,"False","INITIALIZING","2026-09-11T18:50:12.989Z"
"20260911T161623Z-1","C","MA","62","120","EHLERS_DOMINANT_CYCLE_PHASE","V0.1","MEDIAN_PRICE",,"False","INITIALIZING","2026-09-11T18:50:12.989Z"
"20260911T161623Z-1","C","MA","63","120","EHLERS_DOMINANT_CYCLE_PHASE","V0.1","MEDIAN_PRICE",,"False","INITIALIZING","2026-09-11T18:50:12.989Z"
"20260911T161623Z-1","C","MA","64","120","EHLERS_DOMINANT_CYCLE_PHASE","V0.1","MEDIAN_PRICE","177.97186766588948","True","OBSERVABLE","2026-09-11T18:50:12.989Z"
"20260911T161623Z-1","C","MA","65","120","EHLERS_DOMINANT_CYCLE_PHASE","V0.1","MEDIAN_PRICE","184.2177131366043","True","OBSERVABLE","2026-09-11T18:50:12.989Z"
"20260911T161623Z-1","C","MA","66","120","EHLERS_DOMINANT_CYCLE_PHASE","V0.1","MEDIAN_PRICE","189.2155944506413","True","OBSERVABLE","2026-09-11T18:50:12.989Z"
"20260911T161623Z-1","C","MA","67","120","EHLERS_DOMINANT_CYCLE_PHASE","V0.1","MEDIAN_PRICE","196.04578450135793","True","OBSERVABLE","2026-09-11T18:50:12.989Z"
"20260911T161623Z-1","C","MA","68","120","EHLERS_DOMINANT_CYCLE_PHASE","V0.1","MEDIAN_PRICE","196.5659741608028","True","OBSERVABLE","2026-09-11T18:50:12.989Z"
"20260911T161623Z-1","C","MA","69","120","EHLERS_DOMINANT_CYCLE_PHASE","V0.1","MEDIAN_PRICE","193.7598982947502","True","OBSERVABLE","2026-09-11T18:50:12.989Z"
"20260911T161623Z-1","C","MA","70","120","EHLERS_DOMINANT_CYCLE_PHASE","V0.1","MEDIAN_PRICE","189.402815987888","True","OBSERVABLE","2026-09-11T18:50:12.989Z"
"20260911T161623Z-1","C","MA","71","120","EHLERS_DOMINANT_CYCLE_PHASE","V0.1","MEDIAN_PRICE","181.25194521400937","True","OBSERVABLE","2026-09-11T18:50:12.989Z"
"20260911T161623Z-1","C","MA","72","120","EHLERS_DOMINANT_CYCLE_PHASE","V0.1","MEDIAN_PRICE","174.83242865812693","True","OBSERVABLE","2026-09-11T18:50:12.989Z"
"20260911T161623Z-1","C","MA","73","120","EHLERS_DOMINANT_CYCLE_PHASE","V0.1","MEDIAN_PRICE","169.66220610302304","True","OBSERVABLE","2026-09-11T18:50:12.989Z"
"20260911T161623Z-1","C","MA","74","120","EHLERS_DOMINANT_CYCLE_PHASE","V0.1","MEDIAN_PRICE","165.85079576146106","True","OBSERVABLE","2026-09-11T18:50:12.989Z"
"20260911T161623Z-1","C","MA","75","120","EHLERS_DOMINANT_CYCLE_PHASE","V0.1","MEDIAN_PRICE","162.72919298597122","True","OBSERVABLE","2026-09-11T18:50:12.989Z"
"20260911T161623Z-1","C","MA","76","120","EHLERS_DOMINANT_CYCLE_PHASE","V0.1","MEDIAN_PRICE","160.5153978615532","True","OBSERVABLE","2026-09-11T18:50:12.989Z"
"20260911T161623Z-1","C","MA","77","120","EHLERS_DOMINANT_CYCLE_PHASE","V0.1","MEDIAN_PRICE","159.53775189715316","True","OBSERVABLE","2026-09-11T18:50:12.989Z"
"20260911T161623Z-1","C","MA","78","120","EHLERS_DOMINANT_CYCLE_PHASE","V0.1","MEDIAN_PRICE","159.70184886803096","True","OBSERVABLE","2026-09-11T18:50:12.989Z"
"20260911T161623Z-1","C","MA","79","120","EHLERS_DOMINANT_CYCLE_PHASE","V0.1","MEDIAN_PRICE","160.7435635666333","True","OBSERVABLE","2026-09-11T18:50:12.989Z"
"20260911T161623Z-1","C","MA","80","120","EHLERS_DOMINANT_CYCLE_PHASE","V0.1","MEDIAN_PRICE","162.6437170815471","True","OBSERVABLE","2026-09-11T18:50:12.989Z"
"20260911T161623Z-1","C","MA","81","120","EHLERS_DOMINANT_CYCLE_PHASE","V0.1","MEDIAN_PRICE","164.68842609599844","True","OBSERVABLE","2026-09-11T18:50:12.989Z"
"20260911T161623Z-1","C","MA","82","120","EHLERS_DOMINANT_CYCLE_PHASE","V0.1","MEDIAN_PRICE","167.11554372698646","True","OBSERVABLE","2026-09-11T18:50:12.989Z"
"20260911T161623Z-1","C","MA","83","120","EHLERS_DOMINANT_CYCLE_PHASE","V0.1","MEDIAN_PRICE","170.96182835284725","True","OBSERVABLE","2026-09-11T18:50:12.989Z"
"20260911T161623Z-1","C","MA","84","120","EHLERS_DOMINANT_CYCLE_PHASE","V0.1","MEDIAN_PRICE","175.80971883785634","True","OBSERVABLE","2026-09-11T18:50:12.989Z"
"20260911T161623Z-1","C","MA","85","120","EHLERS_DOMINANT_CYCLE_PHASE","V0.1","MEDIAN_PRICE","181.7301081602739","True","OBSERVABLE","2026-09-11T18:50:12.989Z"
"20260911T161623Z-1","C","MA","86","120","EHLERS_DOMINANT_CYCLE_PHASE","V0.1","MEDIAN_PRICE","188.03816211244276","True","OBSERVABLE","2026-09-11T18:50:12.989Z"
"20260911T161623Z-1","C","MA","87","120","EHLERS_DOMINANT_CYCLE_PHASE","V0.1","MEDIAN_PRICE","191.8962308253276","True","OBSERVABLE","2026-09-11T18:50:12.989Z"
"20260911T161623Z-1","C","MA","88","120","EHLERS_DOMINANT_CYCLE_PHASE","V0.1","MEDIAN_PRICE","198.496682315384","True","OBSERVABLE","2026-09-11T18:50:12.989Z"
"20260911T161623Z-1","C","MA","89","120","EHLERS_DOMINANT_CYCLE_PHASE","V0.1","MEDIAN_PRICE","205.1596207777208","True","OBSERVABLE","2026-09-11T18:50:12.989Z"
"20260911T161623Z-1","C","UNH","1","120","EHLERS_DOMINANT_CYCLE_PHASE","V0.1","MEDIAN_PRICE",,"False","INITIALIZING","2026-09-11T18:50:13.015Z"
"20260911T161623Z-1","C","UNH","2","120","EHLERS_DOMINANT_CYCLE_PHASE","V0.1","MEDIAN_PRICE",,"False","INITIALIZING","2026-09-11T18:50:13.015Z"
"20260911T161623Z-1","C","UNH","3","120","EHLERS_DOMINANT_CYCLE_PHASE","V0.1","MEDIAN_PRICE",,"False","INITIALIZING","2026-09-11T18:50:13.015Z"
"20260911T161623Z-1","C","UNH","4","120","EHLERS_DOMINANT_CYCLE_PHASE","V0.1","MEDIAN_PRICE",,"False","INITIALIZING","2026-09-11T18:50:13.015Z"
"20260911T161623Z-1","C","UNH","5","120","EHLERS_DOMINANT_CYCLE_PHASE","V0.1","MEDIAN_PRICE",,"False","INITIALIZING","2026-09-11T18:50:13.015Z"
"20260911T161623Z-1","C","UNH","6","120","EHLERS_DOMINANT_CYCLE_PHASE","V0.1","MEDIAN_PRICE",,"False","INITIALIZING","2026-09-11T18:50:13.015Z"
"20260911T161623Z-1","C","UNH","7","120","EHLERS_DOMINANT_CYCLE_PHASE","V0.1","MEDIAN_PRICE",,"False","INITIALIZING","2026-09-11T18:50:13.015Z"
"20260911T161623Z-1","C","UNH","8","120","EHLERS_DOMINANT_CYCLE_PHASE","V0.1","MEDIAN_PRICE",,"False","INITIALIZING","2026-09-11T18:50:13.015Z"
"20260911T161623Z-1","C","UNH","9","120","EHLERS_DOMINANT_CYCLE_PHASE","V0.1","MEDIAN_PRICE",,"False","INITIALIZING","2026-09-11T18:50:13.015Z"
"20260911T161623Z-1","C","UNH","10","120","EHLERS_DOMINANT_CYCLE_PHASE","V0.1","MEDIAN_PRICE",,"False","INITIALIZING","2026-09-11T18:50:13.015Z"
"20260911T161623Z-1","C","UNH","11","120","EHLERS_DOMINANT_CYCLE_PHASE","V0.1","MEDIAN_PRICE",,"False","INITIALIZING","2026-09-11T18:50:13.015Z"
"20260911T161623Z-1","C","UNH","12","120","EHLERS_DOMINANT_CYCLE_PHASE","V0.1","MEDIAN_PRICE",,"False","INITIALIZING","2026-09-11T18:50:13.015Z"
"20260911T161623Z-1","C","UNH","13","120","EHLERS_DOMINANT_CYCLE_PHASE","V0.1","MEDIAN_PRICE",,"False","INITIALIZING","2026-09-11T18:50:13.015Z"
"20260911T161623Z-1","C","UNH","14","120","EHLERS_DOMINANT_CYCLE_PHASE","V0.1","MEDIAN_PRICE",,"False","INITIALIZING","2026-09-11T18:50:13.015Z"
"20260911T161623Z-1","C","UNH","15","120","EHLERS_DOMINANT_CYCLE_PHASE","V0.1","MEDIAN_PRICE",,"False","INITIALIZING","2026-09-11T18:50:13.015Z"
"20260911T161623Z-1","C","UNH","16","120","EHLERS_DOMINANT_CYCLE_PHASE","V0.1","MEDIAN_PRICE",,"False","INITIALIZING","2026-09-11T18:50:13.015Z"
"20260911T161623Z-1","C","UNH","17","120","EHLERS_DOMINANT_CYCLE_PHASE","V0.1","MEDIAN_PRICE",,"False","INITIALIZING","2026-09-11T18:50:13.015Z"
"20260911T161623Z-1","C","UNH","18","120","EHLERS_DOMINANT_CYCLE_PHASE","V0.1","MEDIAN_PRICE",,"False","INITIALIZING","2026-09-11T18:50:13.015Z"
"20260911T161623Z-1","C","UNH","19","120","EHLERS_DOMINANT_CYCLE_PHASE","V0.1","MEDIAN_PRICE",,"False","INITIALIZING","2026-09-11T18:50:13.015Z"
"20260911T161623Z-1","C","UNH","20","120","EHLERS_DOMINANT_CYCLE_PHASE","V0.1","MEDIAN_PRICE",,"False","INITIALIZING","2026-09-11T18:50:13.015Z"
"20260911T161623Z-1","C","UNH","21","120","EHLERS_DOMINANT_CYCLE_PHASE","V0.1","MEDIAN_PRICE",,"False","INITIALIZING","2026-09-11T18:50:13.015Z"
"20260911T161623Z-1","C","UNH","22","120","EHLERS_DOMINANT_CYCLE_PHASE","V0.1","MEDIAN_PRICE",,"False","INITIALIZING","2026-09-11T18:50:13.015Z"
"20260911T161623Z-1","C","UNH","23","120","EHLERS_DOMINANT_CYCLE_PHASE","V0.1","MEDIAN_PRICE",,"False","INITIALIZING","2026-09-11T18:50:13.015Z"
"20260911T161623Z-1","C","UNH","24","120","EHLERS_DOMINANT_CYCLE_PHASE","V0.1","MEDIAN_PRICE",,"False","INITIALIZING","2026-09-11T18:50:13.015Z"
"20260911T161623Z-1","C","UNH","25","120","EHLERS_DOMINANT_CYCLE_PHASE","V0.1","MEDIAN_PRICE",,"False","INITIALIZING","2026-09-11T18:50:13.015Z"
"20260911T161623Z-1","C","UNH","26","120","EHLERS_DOMINANT_CYCLE_PHASE","V0.1","MEDIAN_PRICE",,"False","INITIALIZING","2026-09-11T18:50:13.015Z"
"20260911T161623Z-1","C","UNH","27","120","EHLERS_DOMINANT_CYCLE_PHASE","V0.1","MEDIAN_PRICE",,"False","INITIALIZING","2026-09-11T18:50:13.015Z"
"20260911T161623Z-1","C","UNH","28","120","EHLERS_DOMINANT_CYCLE_PHASE","V0.1","MEDIAN_PRICE",,"False","INITIALIZING","2026-09-11T18:50:13.015Z"
"20260911T161623Z-1","C","UNH","29","120","EHLERS_DOMINANT_CYCLE_PHASE","V0.1","MEDIAN_PRICE",,"False","INITIALIZING","2026-09-11T18:50:13.015Z"
"20260911T161623Z-1","C","UNH","30","120","EHLERS_DOMINANT_CYCLE_PHASE","V0.1","MEDIAN_PRICE",,"False","INITIALIZING","2026-09-11T18:50:13.015Z"
"20260911T161623Z-1","C","UNH","31","120","EHLERS_DOMINANT_CYCLE_PHASE","V0.1","MEDIAN_PRICE",,"False","INITIALIZING","2026-09-11T18:50:13.015Z"
"20260911T161623Z-1","C","UNH","32","120","EHLERS_DOMINANT_CYCLE_PHASE","V0.1","MEDIAN_PRICE",,"False","INITIALIZING","2026-09-11T18:50:13.015Z"
"20260911T161623Z-1","C","UNH","33","120","EHLERS_DOMINANT_CYCLE_PHASE","V0.1","MEDIAN_PRICE",,"False","INITIALIZING","2026-09-11T18:50:13.015Z"
"20260911T161623Z-1","C","UNH","34","120","EHLERS_DOMINANT_CYCLE_PHASE","V0.1","MEDIAN_PRICE",,"False","INITIALIZING","2026-09-11T18:50:13.015Z"
"20260911T161623Z-1","C","UNH","35","120","EHLERS_DOMINANT_CYCLE_PHASE","V0.1","MEDIAN_PRICE",,"False","INITIALIZING","2026-09-11T18:50:13.015Z"
"20260911T161623Z-1","C","UNH","36","120","EHLERS_DOMINANT_CYCLE_PHASE","V0.1","MEDIAN_PRICE",,"False","INITIALIZING","2026-09-11T18:50:13.015Z"
"20260911T161623Z-1","C","UNH","37","120","EHLERS_DOMINANT_CYCLE_PHASE","V0.1","MEDIAN_PRICE",,"False","INITIALIZING","2026-09-11T18:50:13.015Z"
"20260911T161623Z-1","C","UNH","38","120","EHLERS_DOMINANT_CYCLE_PHASE","V0.1","MEDIAN_PRICE",,"False","INITIALIZING","2026-09-11T18:50:13.015Z"
"20260911T161623Z-1","C","UNH","39","120","EHLERS_DOMINANT_CYCLE_PHASE","V0.1","MEDIAN_PRICE",,"False","INITIALIZING","2026-09-11T18:50:13.015Z"
"20260911T161623Z-1","C","UNH","40","120","EHLERS_DOMINANT_CYCLE_PHASE","V0.1","MEDIAN_PRICE",,"False","INITIALIZING","2026-09-11T18:50:13.015Z"
"20260911T161623Z-1","C","UNH","41","120","EHLERS_DOMINANT_CYCLE_PHASE","V0.1","MEDIAN_PRICE",,"False","INITIALIZING","2026-09-11T18:50:13.015Z"
"20260911T161623Z-1","C","UNH","42","120","EHLERS_DOMINANT_CYCLE_PHASE","V0.1","MEDIAN_PRICE",,"False","INITIALIZING","2026-09-11T18:50:13.015Z"
"20260911T161623Z-1","C","UNH","43","120","EHLERS_DOMINANT_CYCLE_PHASE","V0.1","MEDIAN_PRICE",,"False","INITIALIZING","2026-09-11T18:50:13.015Z"
"20260911T161623Z-1","C","UNH","44","120","EHLERS_DOMINANT_CYCLE_PHASE","V0.1","MEDIAN_PRICE",,"False","INITIALIZING","2026-09-11T18:50:13.015Z"
"20260911T161623Z-1","C","UNH","45","120","EHLERS_DOMINANT_CYCLE_PHASE","V0.1","MEDIAN_PRICE",,"False","INITIALIZING","2026-09-11T18:50:13.015Z"
"20260911T161623Z-1","C","UNH","46","120","EHLERS_DOMINANT_CYCLE_PHASE","V0.1","MEDIAN_PRICE",,"False","INITIALIZING","2026-09-11T18:50:13.015Z"
"20260911T161623Z-1","C","UNH","47","120","EHLERS_DOMINANT_CYCLE_PHASE","V0.1","MEDIAN_PRICE",,"False","INITIALIZING","2026-09-11T18:50:13.015Z"
"20260911T161623Z-1","C","UNH","48","120","EHLERS_DOMINANT_CYCLE_PHASE","V0.1","MEDIAN_PRICE",,"False","INITIALIZING","2026-09-11T18:50:13.015Z"
"20260911T161623Z-1","C","UNH","49","120","EHLERS_DOMINANT_CYCLE_PHASE","V0.1","MEDIAN_PRICE",,"False","INITIALIZING","2026-09-11T18:50:13.015Z"
"20260911T161623Z-1","C","UNH","50","120","EHLERS_DOMINANT_CYCLE_PHASE","V0.1","MEDIAN_PRICE",,"False","INITIALIZING","2026-09-11T18:50:13.015Z"
"20260911T161623Z-1","C","UNH","51","120","EHLERS_DOMINANT_CYCLE_PHASE","V0.1","MEDIAN_PRICE",,"False","INITIALIZING","2026-09-11T18:50:13.015Z"
"20260911T161623Z-1","C","UNH","52","120","EHLERS_DOMINANT_CYCLE_PHASE","V0.1","MEDIAN_PRICE",,"False","INITIALIZING","2026-09-11T18:50:13.015Z"
"20260911T161623Z-1","C","UNH","53","120","EHLERS_DOMINANT_CYCLE_PHASE","V0.1","MEDIAN_PRICE",,"False","INITIALIZING","2026-09-11T18:50:13.015Z"
"20260911T161623Z-1","C","UNH","54","120","EHLERS_DOMINANT_CYCLE_PHASE","V0.1","MEDIAN_PRICE",,"False","INITIALIZING","2026-09-11T18:50:13.015Z"
"20260911T161623Z-1","C","UNH","55","120","EHLERS_DOMINANT_CYCLE_PHASE","V0.1","MEDIAN_PRICE",,"False","INITIALIZING","2026-09-11T18:50:13.015Z"
"20260911T161623Z-1","C","UNH","56","120","EHLERS_DOMINANT_CYCLE_PHASE","V0.1","MEDIAN_PRICE",,"False","INITIALIZING","2026-09-11T18:50:13.015Z"
"20260911T161623Z-1","C","UNH","57","120","EHLERS_DOMINANT_CYCLE_PHASE","V0.1","MEDIAN_PRICE",,"False","INITIALIZING","2026-09-11T18:50:13.015Z"
"20260911T161623Z-1","C","UNH","58","120","EHLERS_DOMINANT_CYCLE_PHASE","V0.1","MEDIAN_PRICE",,"False","INITIALIZING","2026-09-11T18:50:13.015Z"
"20260911T161623Z-1","C","UNH","59","120","EHLERS_DOMINANT_CYCLE_PHASE","V0.1","MEDIAN_PRICE",,"False","INITIALIZING","2026-09-11T18:50:13.015Z"
"20260911T161623Z-1","C","UNH","60","120","EHLERS_DOMINANT_CYCLE_PHASE","V0.1","MEDIAN_PRICE",,"False","INITIALIZING","2026-09-11T18:50:13.015Z"
"20260911T161623Z-1","C","UNH","61","120","EHLERS_DOMINANT_CYCLE_PHASE","V0.1","MEDIAN_PRICE",,"False","INITIALIZING","2026-09-11T18:50:13.015Z"
"20260911T161623Z-1","C","UNH","62","120","EHLERS_DOMINANT_CYCLE_PHASE","V0.1","MEDIAN_PRICE",,"False","INITIALIZING","2026-09-11T18:50:13.015Z"
"20260911T161623Z-1","C","UNH","63","120","EHLERS_DOMINANT_CYCLE_PHASE","V0.1","MEDIAN_PRICE",,"False","INITIALIZING","2026-09-11T18:50:13.015Z"
"20260911T161623Z-1","C","UNH","64","120","EHLERS_DOMINANT_CYCLE_PHASE","V0.1","MEDIAN_PRICE","358.18115158000796","True","OBSERVABLE","2026-09-11T18:50:13.015Z"
"20260911T161623Z-1","C","UNH","65","120","EHLERS_DOMINANT_CYCLE_PHASE","V0.1","MEDIAN_PRICE","2.375693512184114","True","OBSERVABLE","2026-09-11T18:50:13.015Z"
"20260911T161623Z-1","C","UNH","66","120","EHLERS_DOMINANT_CYCLE_PHASE","V0.1","MEDIAN_PRICE","5.7732006533717595","True","OBSERVABLE","2026-09-11T18:50:13.015Z"
"20260911T161623Z-1","C","UNH","67","120","EHLERS_DOMINANT_CYCLE_PHASE","V0.1","MEDIAN_PRICE","14.391450646390794","True","OBSERVABLE","2026-09-11T18:50:13.015Z"
"20260911T161623Z-1","C","UNH","68","120","EHLERS_DOMINANT_CYCLE_PHASE","V0.1","MEDIAN_PRICE","16.781218995111104","True","OBSERVABLE","2026-09-11T18:50:13.015Z"
"20260911T161623Z-1","C","UNH","69","120","EHLERS_DOMINANT_CYCLE_PHASE","V0.1","MEDIAN_PRICE","24.337669603765875","True","OBSERVABLE","2026-09-11T18:50:13.015Z"
"20260911T161623Z-1","C","UNH","70","120","EHLERS_DOMINANT_CYCLE_PHASE","V0.1","MEDIAN_PRICE","26.212136028437968","True","OBSERVABLE","2026-09-11T18:50:13.015Z"
"20260911T161623Z-1","C","UNH","71","120","EHLERS_DOMINANT_CYCLE_PHASE","V0.1","MEDIAN_PRICE","32.02107147621871","True","OBSERVABLE","2026-09-11T18:50:13.015Z"
"20260911T161623Z-1","C","UNH","72","120","EHLERS_DOMINANT_CYCLE_PHASE","V0.1","MEDIAN_PRICE","36.506761937852175","True","OBSERVABLE","2026-09-11T18:50:13.015Z"
"20260911T161623Z-1","C","UNH","73","120","EHLERS_DOMINANT_CYCLE_PHASE","V0.1","MEDIAN_PRICE","35.78526214536515","True","OBSERVABLE","2026-09-11T18:50:13.015Z"
"20260911T161623Z-1","C","UNH","74","120","EHLERS_DOMINANT_CYCLE_PHASE","V0.1","MEDIAN_PRICE","34.798142169729644","True","OBSERVABLE","2026-09-11T18:50:13.015Z"
"20260911T161623Z-1","C","UNH","75","120","EHLERS_DOMINANT_CYCLE_PHASE","V0.1","MEDIAN_PRICE","28.13247701363771","True","OBSERVABLE","2026-09-11T18:50:13.015Z"
"20260911T161623Z-1","C","UNH","76","120","EHLERS_DOMINANT_CYCLE_PHASE","V0.1","MEDIAN_PRICE","16.171232266083948","True","OBSERVABLE","2026-09-11T18:50:13.015Z"
"20260911T161623Z-1","C","UNH","77","120","EHLERS_DOMINANT_CYCLE_PHASE","V0.1","MEDIAN_PRICE","0.32848521435670364","True","OBSERVABLE","2026-09-11T18:50:13.015Z"
"20260911T161623Z-1","C","UNH","78","120","EHLERS_DOMINANT_CYCLE_PHASE","V0.1","MEDIAN_PRICE","346.8080669102944","True","OBSERVABLE","2026-09-11T18:50:13.015Z"
"20260911T161623Z-1","C","UNH","79","120","EHLERS_DOMINANT_CYCLE_PHASE","V0.1","MEDIAN_PRICE","337.8663324906247","True","OBSERVABLE","2026-09-11T18:50:13.015Z"
"20260911T161623Z-1","C","UNH","80","120","EHLERS_DOMINANT_CYCLE_PHASE","V0.1","MEDIAN_PRICE","337.9265821376113","True","OBSERVABLE","2026-09-11T18:50:13.015Z"
"20260911T161623Z-1","C","UNH","81","120","EHLERS_DOMINANT_CYCLE_PHASE","V0.1","MEDIAN_PRICE","334.1834133327312","True","OBSERVABLE","2026-09-11T18:50:13.015Z"
"20260911T161623Z-1","C","UNH","82","120","EHLERS_DOMINANT_CYCLE_PHASE","V0.1","MEDIAN_PRICE","333.7044046394643","True","OBSERVABLE","2026-09-11T18:50:13.015Z"
"20260911T161623Z-1","C","UNH","83","120","EHLERS_DOMINANT_CYCLE_PHASE","V0.1","MEDIAN_PRICE","335.272539322327","True","OBSERVABLE","2026-09-11T18:50:13.015Z"
"20260911T161623Z-1","C","UNH","84","120","EHLERS_DOMINANT_CYCLE_PHASE","V0.1","MEDIAN_PRICE","339.2521571634346","True","OBSERVABLE","2026-09-11T18:50:13.015Z"
"20260911T161623Z-1","C","UNH","85","120","EHLERS_DOMINANT_CYCLE_PHASE","V0.1","MEDIAN_PRICE","344.5856629580321","True","OBSERVABLE","2026-09-11T18:50:13.015Z"
"20260911T161623Z-1","C","UNH","86","120","EHLERS_DOMINANT_CYCLE_PHASE","V0.1","MEDIAN_PRICE","352.4513012214326","True","OBSERVABLE","2026-09-11T18:50:13.015Z"
"20260911T161623Z-1","C","UNH","87","120","EHLERS_DOMINANT_CYCLE_PHASE","V0.1","MEDIAN_PRICE","0.778355735660341","True","OBSERVABLE","2026-09-11T18:50:13.015Z"
"20260911T161623Z-1","C","UNH","88","120","EHLERS_DOMINANT_CYCLE_PHASE","V0.1","MEDIAN_PRICE","10.204426149827441","True","OBSERVABLE","2026-09-11T18:50:13.015Z"
"20260911T161623Z-1","C","UNH","89","120","EHLERS_DOMINANT_CYCLE_PHASE","V0.1","MEDIAN_PRICE","19.67638311620641","True","OBSERVABLE","2026-09-11T18:50:13.015Z"
"20260911T161623Z-1","C","UNH","90","120","EHLERS_DOMINANT_CYCLE_PHASE","V0.1","MEDIAN_PRICE","27.35740035168213","True","OBSERVABLE","2026-09-11T18:50:13.015Z"
"20260911T161623Z-1","C","UNH","91","120","EHLERS_DOMINANT_CYCLE_PHASE","V0.1","MEDIAN_PRICE","30.443327570918683","True","OBSERVABLE","2026-09-11T18:50:13.015Z"
"20260911T161623Z-1","C","UNH","92","120","EHLERS_DOMINANT_CYCLE_PHASE","V0.1","MEDIAN_PRICE","37.034852157256026","True","OBSERVABLE","2026-09-11T18:50:13.015Z"
"20260911T161623Z-1","C","UNH","93","120","EHLERS_DOMINANT_CYCLE_PHASE","V0.1","MEDIAN_PRICE","43.928142770783204","True","OBSERVABLE","2026-09-11T18:50:13.015Z"
"20260911T161623Z-1","C","UNH","94","120","EHLERS_DOMINANT_CYCLE_PHASE","V0.1","MEDIAN_PRICE","51.70882408008899","True","OBSERVABLE","2026-09-11T18:50:13.015Z"
"20260911T161623Z-1","C","UNH","95","120","EHLERS_DOMINANT_CYCLE_PHASE","V0.1","MEDIAN_PRICE","65.85776798942864","True","OBSERVABLE","2026-09-11T18:50:13.015Z"
"20260911T161623Z-1","C","UNH","96","120","EHLERS_DOMINANT_CYCLE_PHASE","V0.1","MEDIAN_PRICE","83.56743159260057","True","OBSERVABLE","2026-09-11T18:50:13.015Z"
"20260911T161623Z-1","C","UNH","97","120","EHLERS_DOMINANT_CYCLE_PHASE","V0.1","MEDIAN_PRICE","105.00433137969107","True","OBSERVABLE","2026-09-11T18:50:13.015Z"
"20260911T161623Z-1","C","UNH","98","120","EHLERS_DOMINANT_CYCLE_PHASE","V0.1","MEDIAN_PRICE","131.73612839708414","True","OBSERVABLE","2026-09-11T18:50:13.015Z"
"20260911T161623Z-1","C","UNH","99","120","EHLERS_DOMINANT_CYCLE_PHASE","V0.1","MEDIAN_PRICE","150.09973485456274","True","OBSERVABLE","2026-09-11T18:50:13.015Z"
"20260911T161623Z-1","C","UNH","100","120","EHLERS_DOMINANT_CYCLE_PHASE","V0.1","MEDIAN_PRICE","175.05917210562816","True","OBSERVABLE","2026-09-11T18:50:13.015Z"
"20260911T161623Z-1","C","UNH","101","120","EHLERS_DOMINANT_CYCLE_PHASE","V0.1","MEDIAN_PRICE","191.422452360389","True","OBSERVABLE","2026-09-11T18:50:13.015Z"
"20260911T161623Z-1","C","UNH","102","120","EHLERS_DOMINANT_CYCLE_PHASE","V0.1","MEDIAN_PRICE","215.21726418428983","True","OBSERVABLE","2026-09-11T18:50:13.015Z"
"20260911T161623Z-1","C","UNH","103","120","EHLERS_DOMINANT_CYCLE_PHASE","V0.1","MEDIAN_PRICE","238.83723761349472","True","OBSERVABLE","2026-09-11T18:50:13.015Z"
"20260911T161623Z-1","C","UNH","104","120","EHLERS_DOMINANT_CYCLE_PHASE","V0.1","MEDIAN_PRICE","254.99283435377623","True","OBSERVABLE","2026-09-11T18:50:13.015Z"
"20260911T161623Z-1","C","UNH","105","120","EHLERS_DOMINANT_CYCLE_PHASE","V0.1","MEDIAN_PRICE","276.49157727453354","True","OBSERVABLE","2026-09-11T18:50:13.015Z"
"20260911T161623Z-1","C","UNH","106","120","EHLERS_DOMINANT_CYCLE_PHASE","V0.1","MEDIAN_PRICE","292.82738164064733","True","OBSERVABLE","2026-09-11T18:50:13.015Z"
"20260911T161623Z-1","C","UNH","107","120","EHLERS_DOMINANT_CYCLE_PHASE","V0.1","MEDIAN_PRICE","311.5460352918754","True","OBSERVABLE","2026-09-11T18:50:13.015Z"
"20260911T161623Z-1","C","UNH","108","120","EHLERS_DOMINANT_CYCLE_PHASE","V0.1","MEDIAN_PRICE","322.94596694002524","True","OBSERVABLE","2026-09-11T18:50:13.015Z"
"20260911T161623Z-1","C","UNH","109","120","EHLERS_DOMINANT_CYCLE_PHASE","V0.1","MEDIAN_PRICE","338.02702384804604","True","OBSERVABLE","2026-09-11T18:50:13.015Z"
"20260911T161623Z-1","C","UNH","110","120","EHLERS_DOMINANT_CYCLE_PHASE","V0.1","MEDIAN_PRICE","358.47613199997403","True","OBSERVABLE","2026-09-11T18:50:13.015Z"
"20260911T161623Z-1","C","UNH","111","120","EHLERS_DOMINANT_CYCLE_PHASE","V0.1","MEDIAN_PRICE","13.080727937130405","True","OBSERVABLE","2026-09-11T18:50:13.015Z"
"20260911T161623Z-1","C","UNH","112","120","EHLERS_DOMINANT_CYCLE_PHASE","V0.1","MEDIAN_PRICE","28.625984971791993","True","OBSERVABLE","2026-09-11T18:50:13.015Z"
"20260911T161623Z-1","C","UNH","113","120","EHLERS_DOMINANT_CYCLE_PHASE","V0.1","MEDIAN_PRICE","52.713011666813955","True","OBSERVABLE","2026-09-11T18:50:13.015Z"
"20260911T161623Z-1","C","UNH","114","120","EHLERS_DOMINANT_CYCLE_PHASE","V0.1","MEDIAN_PRICE","69.46778826121341","True","OBSERVABLE","2026-09-11T18:50:13.015Z"
"20260911T161623Z-1","C","UNH","115","120","EHLERS_DOMINANT_CYCLE_PHASE","V0.1","MEDIAN_PRICE","87.68909993986776","True","OBSERVABLE","2026-09-11T18:50:13.015Z"
"20260911T161623Z-1","C","UNH","116","120","EHLERS_DOMINANT_CYCLE_PHASE","V0.1","MEDIAN_PRICE","97.56726714824839","True","OBSERVABLE","2026-09-11T18:50:13.015Z"
"20260911T161623Z-1","C","V","1","120","EHLERS_DOMINANT_CYCLE_PHASE","V0.1","MEDIAN_PRICE",,"False","INITIALIZING","2026-09-11T18:50:13.052Z"
"20260911T161623Z-1","C","V","2","120","EHLERS_DOMINANT_CYCLE_PHASE","V0.1","MEDIAN_PRICE",,"False","INITIALIZING","2026-09-11T18:50:13.052Z"
"20260911T161623Z-1","C","V","3","120","EHLERS_DOMINANT_CYCLE_PHASE","V0.1","MEDIAN_PRICE",,"False","INITIALIZING","2026-09-11T18:50:13.052Z"
"20260911T161623Z-1","C","V","4","120","EHLERS_DOMINANT_CYCLE_PHASE","V0.1","MEDIAN_PRICE",,"False","INITIALIZING","2026-09-11T18:50:13.052Z"
"20260911T161623Z-1","C","V","5","120","EHLERS_DOMINANT_CYCLE_PHASE","V0.1","MEDIAN_PRICE",,"False","INITIALIZING","2026-09-11T18:50:13.052Z"
"20260911T161623Z-1","C","V","6","120","EHLERS_DOMINANT_CYCLE_PHASE","V0.1","MEDIAN_PRICE",,"False","INITIALIZING","2026-09-11T18:50:13.052Z"
"20260911T161623Z-1","C","V","7","120","EHLERS_DOMINANT_CYCLE_PHASE","V0.1","MEDIAN_PRICE",,"False","INITIALIZING","2026-09-11T18:50:13.052Z"
"20260911T161623Z-1","C","V","8","120","EHLERS_DOMINANT_CYCLE_PHASE","V0.1","MEDIAN_PRICE",,"False","INITIALIZING","2026-09-11T18:50:13.052Z"
"20260911T161623Z-1","C","V","9","120","EHLERS_DOMINANT_CYCLE_PHASE","V0.1","MEDIAN_PRICE",,"False","INITIALIZING","2026-09-11T18:50:13.052Z"
"20260911T161623Z-1","C","V","10","120","EHLERS_DOMINANT_CYCLE_PHASE","V0.1","MEDIAN_PRICE",,"False","INITIALIZING","2026-09-11T18:50:13.052Z"
"20260911T161623Z-1","C","V","11","120","EHLERS_DOMINANT_CYCLE_PHASE","V0.1","MEDIAN_PRICE",,"False","INITIALIZING","2026-09-11T18:50:13.052Z"
"20260911T161623Z-1","C","V","12","120","EHLERS_DOMINANT_CYCLE_PHASE","V0.1","MEDIAN_PRICE",,"False","INITIALIZING","2026-09-11T18:50:13.052Z"
"20260911T161623Z-1","C","V","13","120","EHLERS_DOMINANT_CYCLE_PHASE","V0.1","MEDIAN_PRICE",,"False","INITIALIZING","2026-09-11T18:50:13.052Z"
"20260911T161623Z-1","C","V","14","120","EHLERS_DOMINANT_CYCLE_PHASE","V0.1","MEDIAN_PRICE",,"False","INITIALIZING","2026-09-11T18:50:13.052Z"
"20260911T161623Z-1","C","V","15","120","EHLERS_DOMINANT_CYCLE_PHASE","V0.1","MEDIAN_PRICE",,"False","INITIALIZING","2026-09-11T18:50:13.052Z"
"20260911T161623Z-1","C","V","16","120","EHLERS_DOMINANT_CYCLE_PHASE","V0.1","MEDIAN_PRICE",,"False","INITIALIZING","2026-09-11T18:50:13.052Z"
"20260911T161623Z-1","C","V","17","120","EHLERS_DOMINANT_CYCLE_PHASE","V0.1","MEDIAN_PRICE",,"False","INITIALIZING","2026-09-11T18:50:13.052Z"
"20260911T161623Z-1","C","V","18","120","EHLERS_DOMINANT_CYCLE_PHASE","V0.1","MEDIAN_PRICE",,"False","INITIALIZING","2026-09-11T18:50:13.052Z"
"20260911T161623Z-1","C","V","19","120","EHLERS_DOMINANT_CYCLE_PHASE","V0.1","MEDIAN_PRICE",,"False","INITIALIZING","2026-09-11T18:50:13.052Z"
"20260911T161623Z-1","C","V","20","120","EHLERS_DOMINANT_CYCLE_PHASE","V0.1","MEDIAN_PRICE",,"False","INITIALIZING","2026-09-11T18:50:13.052Z"
"20260911T161623Z-1","C","V","21","120","EHLERS_DOMINANT_CYCLE_PHASE","V0.1","MEDIAN_PRICE",,"False","INITIALIZING","2026-09-11T18:50:13.052Z"
"20260911T161623Z-1","C","V","22","120","EHLERS_DOMINANT_CYCLE_PHASE","V0.1","MEDIAN_PRICE",,"False","INITIALIZING","2026-09-11T18:50:13.052Z"
"20260911T161623Z-1","C","V","23","120","EHLERS_DOMINANT_CYCLE_PHASE","V0.1","MEDIAN_PRICE",,"False","INITIALIZING","2026-09-11T18:50:13.052Z"
"20260911T161623Z-1","C","V","24","120","EHLERS_DOMINANT_CYCLE_PHASE","V0.1","MEDIAN_PRICE",,"False","INITIALIZING","2026-09-11T18:50:13.052Z"
"20260911T161623Z-1","C","V","25","120","EHLERS_DOMINANT_CYCLE_PHASE","V0.1","MEDIAN_PRICE",,"False","INITIALIZING","2026-09-11T18:50:13.052Z"
"20260911T161623Z-1","C","V","26","120","EHLERS_DOMINANT_CYCLE_PHASE","V0.1","MEDIAN_PRICE",,"False","INITIALIZING","2026-09-11T18:50:13.052Z"
"20260911T161623Z-1","C","V","27","120","EHLERS_DOMINANT_CYCLE_PHASE","V0.1","MEDIAN_PRICE",,"False","INITIALIZING","2026-09-11T18:50:13.052Z"
"20260911T161623Z-1","C","V","28","120","EHLERS_DOMINANT_CYCLE_PHASE","V0.1","MEDIAN_PRICE",,"False","INITIALIZING","2026-09-11T18:50:13.052Z"
"20260911T161623Z-1","C","V","29","120","EHLERS_DOMINANT_CYCLE_PHASE","V0.1","MEDIAN_PRICE",,"False","INITIALIZING","2026-09-11T18:50:13.052Z"
"20260911T161623Z-1","C","V","30","120","EHLERS_DOMINANT_CYCLE_PHASE","V0.1","MEDIAN_PRICE",,"False","INITIALIZING","2026-09-11T18:50:13.052Z"
"20260911T161623Z-1","C","V","31","120","EHLERS_DOMINANT_CYCLE_PHASE","V0.1","MEDIAN_PRICE",,"False","INITIALIZING","2026-09-11T18:50:13.052Z"
"20260911T161623Z-1","C","V","32","120","EHLERS_DOMINANT_CYCLE_PHASE","V0.1","MEDIAN_PRICE",,"False","INITIALIZING","2026-09-11T18:50:13.052Z"
"20260911T161623Z-1","C","V","33","120","EHLERS_DOMINANT_CYCLE_PHASE","V0.1","MEDIAN_PRICE",,"False","INITIALIZING","2026-09-11T18:50:13.052Z"
"20260911T161623Z-1","C","V","34","120","EHLERS_DOMINANT_CYCLE_PHASE","V0.1","MEDIAN_PRICE",,"False","INITIALIZING","2026-09-11T18:50:13.052Z"
"20260911T161623Z-1","C","V","35","120","EHLERS_DOMINANT_CYCLE_PHASE","V0.1","MEDIAN_PRICE",,"False","INITIALIZING","2026-09-11T18:50:13.052Z"
"20260911T161623Z-1","C","V","36","120","EHLERS_DOMINANT_CYCLE_PHASE","V0.1","MEDIAN_PRICE",,"False","INITIALIZING","2026-09-11T18:50:13.052Z"
"20260911T161623Z-1","C","V","37","120","EHLERS_DOMINANT_CYCLE_PHASE","V0.1","MEDIAN_PRICE",,"False","INITIALIZING","2026-09-11T18:50:13.052Z"
"20260911T161623Z-1","C","V","38","120","EHLERS_DOMINANT_CYCLE_PHASE","V0.1","MEDIAN_PRICE",,"False","INITIALIZING","2026-09-11T18:50:13.052Z"
"20260911T161623Z-1","C","V","39","120","EHLERS_DOMINANT_CYCLE_PHASE","V0.1","MEDIAN_PRICE",,"False","INITIALIZING","2026-09-11T18:50:13.052Z"
"20260911T161623Z-1","C","V","40","120","EHLERS_DOMINANT_CYCLE_PHASE","V0.1","MEDIAN_PRICE",,"False","INITIALIZING","2026-09-11T18:50:13.052Z"
"20260911T161623Z-1","C","V","41","120","EHLERS_DOMINANT_CYCLE_PHASE","V0.1","MEDIAN_PRICE",,"False","INITIALIZING","2026-09-11T18:50:13.052Z"
"20260911T161623Z-1","C","V","42","120","EHLERS_DOMINANT_CYCLE_PHASE","V0.1","MEDIAN_PRICE",,"False","INITIALIZING","2026-09-11T18:50:13.052Z"
"20260911T161623Z-1","C","V","43","120","EHLERS_DOMINANT_CYCLE_PHASE","V0.1","MEDIAN_PRICE",,"False","INITIALIZING","2026-09-11T18:50:13.052Z"
"20260911T161623Z-1","C","V","44","120","EHLERS_DOMINANT_CYCLE_PHASE","V0.1","MEDIAN_PRICE",,"False","INITIALIZING","2026-09-11T18:50:13.052Z"
"20260911T161623Z-1","C","V","45","120","EHLERS_DOMINANT_CYCLE_PHASE","V0.1","MEDIAN_PRICE",,"False","INITIALIZING","2026-09-11T18:50:13.052Z"
"20260911T161623Z-1","C","V","46","120","EHLERS_DOMINANT_CYCLE_PHASE","V0.1","MEDIAN_PRICE",,"False","INITIALIZING","2026-09-11T18:50:13.052Z"
"20260911T161623Z-1","C","V","47","120","EHLERS_DOMINANT_CYCLE_PHASE","V0.1","MEDIAN_PRICE",,"False","INITIALIZING","2026-09-11T18:50:13.052Z"
"20260911T161623Z-1","C","V","48","120","EHLERS_DOMINANT_CYCLE_PHASE","V0.1","MEDIAN_PRICE",,"False","INITIALIZING","2026-09-11T18:50:13.052Z"
"20260911T161623Z-1","C","V","49","120","EHLERS_DOMINANT_CYCLE_PHASE","V0.1","MEDIAN_PRICE",,"False","INITIALIZING","2026-09-11T18:50:13.052Z"
"20260911T161623Z-1","C","V","50","120","EHLERS_DOMINANT_CYCLE_PHASE","V0.1","MEDIAN_PRICE",,"False","INITIALIZING","2026-09-11T18:50:13.052Z"
"20260911T161623Z-1","C","V","51","120","EHLERS_DOMINANT_CYCLE_PHASE","V0.1","MEDIAN_PRICE",,"False","INITIALIZING","2026-09-11T18:50:13.052Z"
"20260911T161623Z-1","C","V","52","120","EHLERS_DOMINANT_CYCLE_PHASE","V0.1","MEDIAN_PRICE",,"False","INITIALIZING","2026-09-11T18:50:13.052Z"
"20260911T161623Z-1","C","V","53","120","EHLERS_DOMINANT_CYCLE_PHASE","V0.1","MEDIAN_PRICE",,"False","INITIALIZING","2026-09-11T18:50:13.052Z"
"20260911T161623Z-1","C","V","54","120","EHLERS_DOMINANT_CYCLE_PHASE","V0.1","MEDIAN_PRICE",,"False","INITIALIZING","2026-09-11T18:50:13.052Z"
"20260911T161623Z-1","C","V","55","120","EHLERS_DOMINANT_CYCLE_PHASE","V0.1","MEDIAN_PRICE",,"False","INITIALIZING","2026-09-11T18:50:13.052Z"
"20260911T161623Z-1","C","V","56","120","EHLERS_DOMINANT_CYCLE_PHASE","V0.1","MEDIAN_PRICE",,"False","INITIALIZING","2026-09-11T18:50:13.052Z"
"20260911T161623Z-1","C","V","57","120","EHLERS_DOMINANT_CYCLE_PHASE","V0.1","MEDIAN_PRICE",,"False","INITIALIZING","2026-09-11T18:50:13.052Z"
"20260911T161623Z-1","C","V","58","120","EHLERS_DOMINANT_CYCLE_PHASE","V0.1","MEDIAN_PRICE",,"False","INITIALIZING","2026-09-11T18:50:13.052Z"
"20260911T161623Z-1","C","V","59","120","EHLERS_DOMINANT_CYCLE_PHASE","V0.1","MEDIAN_PRICE",,"False","INITIALIZING","2026-09-11T18:50:13.052Z"
"20260911T161623Z-1","C","V","60","120","EHLERS_DOMINANT_CYCLE_PHASE","V0.1","MEDIAN_PRICE",,"False","INITIALIZING","2026-09-11T18:50:13.052Z"
"20260911T161623Z-1","C","V","61","120","EHLERS_DOMINANT_CYCLE_PHASE","V0.1","MEDIAN_PRICE",,"False","INITIALIZING","2026-09-11T18:50:13.052Z"
"20260911T161623Z-1","C","V","62","120","EHLERS_DOMINANT_CYCLE_PHASE","V0.1","MEDIAN_PRICE",,"False","INITIALIZING","2026-09-11T18:50:13.052Z"
"20260911T161623Z-1","C","V","63","120","EHLERS_DOMINANT_CYCLE_PHASE","V0.1","MEDIAN_PRICE",,"False","INITIALIZING","2026-09-11T18:50:13.052Z"
"20260911T161623Z-1","C","V","64","120","EHLERS_DOMINANT_CYCLE_PHASE","V0.1","MEDIAN_PRICE","184.41902438901977","True","OBSERVABLE","2026-09-11T18:50:13.052Z"
"20260911T161623Z-1","C","V","65","120","EHLERS_DOMINANT_CYCLE_PHASE","V0.1","MEDIAN_PRICE","186.94833687879253","True","OBSERVABLE","2026-09-11T18:50:13.052Z"
"20260911T161623Z-1","C","V","66","120","EHLERS_DOMINANT_CYCLE_PHASE","V0.1","MEDIAN_PRICE","191.06069280814566","True","OBSERVABLE","2026-09-11T18:50:13.052Z"
"20260911T161623Z-1","C","V","67","120","EHLERS_DOMINANT_CYCLE_PHASE","V0.1","MEDIAN_PRICE","196.16402120413477","True","OBSERVABLE","2026-09-11T18:50:13.052Z"
"20260911T161623Z-1","C","V","68","120","EHLERS_DOMINANT_CYCLE_PHASE","V0.1","MEDIAN_PRICE","202.79769872168185","True","OBSERVABLE","2026-09-11T18:50:13.052Z"
"20260911T161623Z-1","C","V","69","120","EHLERS_DOMINANT_CYCLE_PHASE","V0.1","MEDIAN_PRICE","208.44509633741217","True","OBSERVABLE","2026-09-11T18:50:13.052Z"
"20260911T161623Z-1","C","V","70","120","EHLERS_DOMINANT_CYCLE_PHASE","V0.1","MEDIAN_PRICE","215.42455043376464","True","OBSERVABLE","2026-09-11T18:50:13.052Z"
"20260911T161623Z-1","C","V","71","120","EHLERS_DOMINANT_CYCLE_PHASE","V0.1","MEDIAN_PRICE","220.93031313916285","True","OBSERVABLE","2026-09-11T18:50:13.052Z"
"20260911T161623Z-1","C","V","72","120","EHLERS_DOMINANT_CYCLE_PHASE","V0.1","MEDIAN_PRICE","228.21681224477217","True","OBSERVABLE","2026-09-11T18:50:13.052Z"
"20260911T161623Z-1","C","V","73","120","EHLERS_DOMINANT_CYCLE_PHASE","V0.1","MEDIAN_PRICE","235.75804974827568","True","OBSERVABLE","2026-09-11T18:50:13.052Z"
"20260911T161623Z-1","C","V","74","120","EHLERS_DOMINANT_CYCLE_PHASE","V0.1","MEDIAN_PRICE","243.6527240749001","True","OBSERVABLE","2026-09-11T18:50:13.052Z"
"20260911T161623Z-1","C","V","75","120","EHLERS_DOMINANT_CYCLE_PHASE","V0.1","MEDIAN_PRICE","246.4178868205094","True","OBSERVABLE","2026-09-11T18:50:13.052Z"
"20260911T161623Z-1","C","V","76","120","EHLERS_DOMINANT_CYCLE_PHASE","V0.1","MEDIAN_PRICE","254.82229040363904","True","OBSERVABLE","2026-09-11T18:50:13.052Z"
"20260911T161623Z-1","C","V","77","120","EHLERS_DOMINANT_CYCLE_PHASE","V0.1","MEDIAN_PRICE","264.1703045114994","True","OBSERVABLE","2026-09-11T18:50:13.052Z"
"20260911T161623Z-1","C","V","78","120","EHLERS_DOMINANT_CYCLE_PHASE","V0.1","MEDIAN_PRICE","274.86349621863167","True","OBSERVABLE","2026-09-11T18:50:13.052Z"
"20260911T161623Z-1","C","V","79","120","EHLERS_DOMINANT_CYCLE_PHASE","V0.1","MEDIAN_PRICE","287.45744688225346","True","OBSERVABLE","2026-09-11T18:50:13.052Z"
"20260911T161623Z-1","C","V","80","120","EHLERS_DOMINANT_CYCLE_PHASE","V0.1","MEDIAN_PRICE","304.4497641809869","True","OBSERVABLE","2026-09-11T18:50:13.052Z"
"20260911T161623Z-1","C","V","81","120","EHLERS_DOMINANT_CYCLE_PHASE","V0.1","MEDIAN_PRICE","331.3954717480123","True","OBSERVABLE","2026-09-11T18:50:13.052Z"
"20260911T161623Z-1","C","V","82","120","EHLERS_DOMINANT_CYCLE_PHASE","V0.1","MEDIAN_PRICE","28.535672944886727","True","OBSERVABLE","2026-09-11T18:50:13.052Z"
"20260911T161623Z-1","C","V","83","120","EHLERS_DOMINANT_CYCLE_PHASE","V0.1","MEDIAN_PRICE","54.038825362516114","True","OBSERVABLE","2026-09-11T18:50:13.052Z"
"20260911T161623Z-1","C","V","84","120","EHLERS_DOMINANT_CYCLE_PHASE","V0.1","MEDIAN_PRICE","73.1923617806425","True","OBSERVABLE","2026-09-11T18:50:13.052Z"
"20260911T161623Z-1","C","V","85","120","EHLERS_DOMINANT_CYCLE_PHASE","V0.1","MEDIAN_PRICE","88.15438126667647","True","OBSERVABLE","2026-09-11T18:50:13.052Z"
"20260911T161623Z-1","C","V","86","120","EHLERS_DOMINANT_CYCLE_PHASE","V0.1","MEDIAN_PRICE","100.4021544006705","True","OBSERVABLE","2026-09-11T18:50:13.052Z"
"20260911T161623Z-1","C","V","87","120","EHLERS_DOMINANT_CYCLE_PHASE","V0.1","MEDIAN_PRICE","111.3185353780672","True","OBSERVABLE","2026-09-11T18:50:13.052Z"
"20260911T161623Z-1","C","V","88","120","EHLERS_DOMINANT_CYCLE_PHASE","V0.1","MEDIAN_PRICE","121.88156744742298","True","OBSERVABLE","2026-09-11T18:50:13.052Z"
"20260911T161623Z-1","C","V","89","120","EHLERS_DOMINANT_CYCLE_PHASE","V0.1","MEDIAN_PRICE","131.41991178248978","True","OBSERVABLE","2026-09-11T18:50:13.052Z"
"20260911T161623Z-1","C","V","90","120","EHLERS_DOMINANT_CYCLE_PHASE","V0.1","MEDIAN_PRICE","138.91970604054148","True","OBSERVABLE","2026-09-11T18:50:13.052Z"
"20260911T161623Z-1","C","V","91","120","EHLERS_DOMINANT_CYCLE_PHASE","V0.1","MEDIAN_PRICE","145.34216315339117","True","OBSERVABLE","2026-09-11T18:50:13.052Z"
"20260911T161623Z-1","C","V","92","120","EHLERS_DOMINANT_CYCLE_PHASE","V0.1","MEDIAN_PRICE","151.7469479143342","True","OBSERVABLE","2026-09-11T18:50:13.052Z"
"20260911T161623Z-1","C","V","93","120","EHLERS_DOMINANT_CYCLE_PHASE","V0.1","MEDIAN_PRICE","158.79257976182006","True","OBSERVABLE","2026-09-11T18:50:13.052Z"
"20260911T161623Z-1","C","V","94","120","EHLERS_DOMINANT_CYCLE_PHASE","V0.1","MEDIAN_PRICE","167.32055641403286","True","OBSERVABLE","2026-09-11T18:50:13.052Z"
"20260911T161623Z-1","C","V","95","120","EHLERS_DOMINANT_CYCLE_PHASE","V0.1","MEDIAN_PRICE","172.18186092910042","True","OBSERVABLE","2026-09-11T18:50:13.052Z"
"20260911T161623Z-1","C","V","96","120","EHLERS_DOMINANT_CYCLE_PHASE","V0.1","MEDIAN_PRICE","182.50344154598525","True","OBSERVABLE","2026-09-11T18:50:13.052Z"
"20260911T161623Z-1","C","V","97","120","EHLERS_DOMINANT_CYCLE_PHASE","V0.1","MEDIAN_PRICE","190.7827634241362","True","OBSERVABLE","2026-09-11T18:50:13.052Z"
"20260911T161623Z-1","C","V","98","120","EHLERS_DOMINANT_CYCLE_PHASE","V0.1","MEDIAN_PRICE","198.19110807745847","True","OBSERVABLE","2026-09-11T18:50:13.052Z"
"20260911T161623Z-1","C","V","99","120","EHLERS_DOMINANT_CYCLE_PHASE","V0.1","MEDIAN_PRICE","202.94684344511012","True","OBSERVABLE","2026-09-11T18:50:13.052Z"
"20260911T161623Z-1","C","V","100","120","EHLERS_DOMINANT_CYCLE_PHASE","V0.1","MEDIAN_PRICE","204.4883002607737","True","OBSERVABLE","2026-09-11T18:50:13.052Z"
"20260911T161623Z-1","C","V","101","120","EHLERS_DOMINANT_CYCLE_PHASE","V0.1","MEDIAN_PRICE","204.46784630048262","True","OBSERVABLE","2026-09-11T18:50:13.052Z"
"20260911T161623Z-1","C","WMT","1","120","EHLERS_DOMINANT_CYCLE_PHASE","V0.1","MEDIAN_PRICE",,"False","INITIALIZING","2026-09-11T18:50:13.082Z"
"20260911T161623Z-1","C","WMT","2","120","EHLERS_DOMINANT_CYCLE_PHASE","V0.1","MEDIAN_PRICE",,"False","INITIALIZING","2026-09-11T18:50:13.082Z"
"20260911T161623Z-1","C","WMT","3","120","EHLERS_DOMINANT_CYCLE_PHASE","V0.1","MEDIAN_PRICE",,"False","INITIALIZING","2026-09-11T18:50:13.082Z"
"20260911T161623Z-1","C","WMT","4","120","EHLERS_DOMINANT_CYCLE_PHASE","V0.1","MEDIAN_PRICE",,"False","INITIALIZING","2026-09-11T18:50:13.082Z"
"20260911T161623Z-1","C","WMT","5","120","EHLERS_DOMINANT_CYCLE_PHASE","V0.1","MEDIAN_PRICE",,"False","INITIALIZING","2026-09-11T18:50:13.082Z"
"20260911T161623Z-1","C","WMT","6","120","EHLERS_DOMINANT_CYCLE_PHASE","V0.1","MEDIAN_PRICE",,"False","INITIALIZING","2026-09-11T18:50:13.082Z"
"20260911T161623Z-1","C","WMT","7","120","EHLERS_DOMINANT_CYCLE_PHASE","V0.1","MEDIAN_PRICE",,"False","INITIALIZING","2026-09-11T18:50:13.082Z"
"20260911T161623Z-1","C","WMT","8","120","EHLERS_DOMINANT_CYCLE_PHASE","V0.1","MEDIAN_PRICE",,"False","INITIALIZING","2026-09-11T18:50:13.082Z"
"20260911T161623Z-1","C","WMT","9","120","EHLERS_DOMINANT_CYCLE_PHASE","V0.1","MEDIAN_PRICE",,"False","INITIALIZING","2026-09-11T18:50:13.082Z"
"20260911T161623Z-1","C","WMT","10","120","EHLERS_DOMINANT_CYCLE_PHASE","V0.1","MEDIAN_PRICE",,"False","INITIALIZING","2026-09-11T18:50:13.082Z"
"20260911T161623Z-1","C","WMT","11","120","EHLERS_DOMINANT_CYCLE_PHASE","V0.1","MEDIAN_PRICE",,"False","INITIALIZING","2026-09-11T18:50:13.082Z"
"20260911T161623Z-1","C","WMT","12","120","EHLERS_DOMINANT_CYCLE_PHASE","V0.1","MEDIAN_PRICE",,"False","INITIALIZING","2026-09-11T18:50:13.082Z"
"20260911T161623Z-1","C","WMT","13","120","EHLERS_DOMINANT_CYCLE_PHASE","V0.1","MEDIAN_PRICE",,"False","INITIALIZING","2026-09-11T18:50:13.082Z"
"20260911T161623Z-1","C","WMT","14","120","EHLERS_DOMINANT_CYCLE_PHASE","V0.1","MEDIAN_PRICE",,"False","INITIALIZING","2026-09-11T18:50:13.082Z"
"20260911T161623Z-1","C","WMT","15","120","EHLERS_DOMINANT_CYCLE_PHASE","V0.1","MEDIAN_PRICE",,"False","INITIALIZING","2026-09-11T18:50:13.082Z"
"20260911T161623Z-1","C","WMT","16","120","EHLERS_DOMINANT_CYCLE_PHASE","V0.1","MEDIAN_PRICE",,"False","INITIALIZING","2026-09-11T18:50:13.082Z"
"20260911T161623Z-1","C","WMT","17","120","EHLERS_DOMINANT_CYCLE_PHASE","V0.1","MEDIAN_PRICE",,"False","INITIALIZING","2026-09-11T18:50:13.082Z"
"20260911T161623Z-1","C","WMT","18","120","EHLERS_DOMINANT_CYCLE_PHASE","V0.1","MEDIAN_PRICE",,"False","INITIALIZING","2026-09-11T18:50:13.082Z"
"20260911T161623Z-1","C","WMT","19","120","EHLERS_DOMINANT_CYCLE_PHASE","V0.1","MEDIAN_PRICE",,"False","INITIALIZING","2026-09-11T18:50:13.082Z"
"20260911T161623Z-1","C","WMT","20","120","EHLERS_DOMINANT_CYCLE_PHASE","V0.1","MEDIAN_PRICE",,"False","INITIALIZING","2026-09-11T18:50:13.082Z"
"20260911T161623Z-1","C","WMT","21","120","EHLERS_DOMINANT_CYCLE_PHASE","V0.1","MEDIAN_PRICE",,"False","INITIALIZING","2026-09-11T18:50:13.082Z"
"20260911T161623Z-1","C","WMT","22","120","EHLERS_DOMINANT_CYCLE_PHASE","V0.1","MEDIAN_PRICE",,"False","INITIALIZING","2026-09-11T18:50:13.082Z"
"20260911T161623Z-1","C","WMT","23","120","EHLERS_DOMINANT_CYCLE_PHASE","V0.1","MEDIAN_PRICE",,"False","INITIALIZING","2026-09-11T18:50:13.082Z"
"20260911T161623Z-1","C","WMT","24","120","EHLERS_DOMINANT_CYCLE_PHASE","V0.1","MEDIAN_PRICE",,"False","INITIALIZING","2026-09-11T18:50:13.082Z"
"20260911T161623Z-1","C","WMT","25","120","EHLERS_DOMINANT_CYCLE_PHASE","V0.1","MEDIAN_PRICE",,"False","INITIALIZING","2026-09-11T18:50:13.082Z"
"20260911T161623Z-1","C","WMT","26","120","EHLERS_DOMINANT_CYCLE_PHASE","V0.1","MEDIAN_PRICE",,"False","INITIALIZING","2026-09-11T18:50:13.082Z"
"20260911T161623Z-1","C","WMT","27","120","EHLERS_DOMINANT_CYCLE_PHASE","V0.1","MEDIAN_PRICE",,"False","INITIALIZING","2026-09-11T18:50:13.082Z"
"20260911T161623Z-1","C","WMT","28","120","EHLERS_DOMINANT_CYCLE_PHASE","V0.1","MEDIAN_PRICE",,"False","INITIALIZING","2026-09-11T18:50:13.082Z"
"20260911T161623Z-1","C","WMT","29","120","EHLERS_DOMINANT_CYCLE_PHASE","V0.1","MEDIAN_PRICE",,"False","INITIALIZING","2026-09-11T18:50:13.082Z"
"20260911T161623Z-1","C","WMT","30","120","EHLERS_DOMINANT_CYCLE_PHASE","V0.1","MEDIAN_PRICE",,"False","INITIALIZING","2026-09-11T18:50:13.082Z"
"20260911T161623Z-1","C","WMT","31","120","EHLERS_DOMINANT_CYCLE_PHASE","V0.1","MEDIAN_PRICE",,"False","INITIALIZING","2026-09-11T18:50:13.082Z"
"20260911T161623Z-1","C","WMT","32","120","EHLERS_DOMINANT_CYCLE_PHASE","V0.1","MEDIAN_PRICE",,"False","INITIALIZING","2026-09-11T18:50:13.082Z"
"20260911T161623Z-1","C","WMT","33","120","EHLERS_DOMINANT_CYCLE_PHASE","V0.1","MEDIAN_PRICE",,"False","INITIALIZING","2026-09-11T18:50:13.082Z"
"20260911T161623Z-1","C","WMT","34","120","EHLERS_DOMINANT_CYCLE_PHASE","V0.1","MEDIAN_PRICE",,"False","INITIALIZING","2026-09-11T18:50:13.082Z"
"20260911T161623Z-1","C","WMT","35","120","EHLERS_DOMINANT_CYCLE_PHASE","V0.1","MEDIAN_PRICE",,"False","INITIALIZING","2026-09-11T18:50:13.082Z"
"20260911T161623Z-1","C","WMT","36","120","EHLERS_DOMINANT_CYCLE_PHASE","V0.1","MEDIAN_PRICE",,"False","INITIALIZING","2026-09-11T18:50:13.082Z"
"20260911T161623Z-1","C","WMT","37","120","EHLERS_DOMINANT_CYCLE_PHASE","V0.1","MEDIAN_PRICE",,"False","INITIALIZING","2026-09-11T18:50:13.082Z"
"20260911T161623Z-1","C","WMT","38","120","EHLERS_DOMINANT_CYCLE_PHASE","V0.1","MEDIAN_PRICE",,"False","INITIALIZING","2026-09-11T18:50:13.082Z"
"20260911T161623Z-1","C","WMT","39","120","EHLERS_DOMINANT_CYCLE_PHASE","V0.1","MEDIAN_PRICE",,"False","INITIALIZING","2026-09-11T18:50:13.082Z"
"20260911T161623Z-1","C","WMT","40","120","EHLERS_DOMINANT_CYCLE_PHASE","V0.1","MEDIAN_PRICE",,"False","INITIALIZING","2026-09-11T18:50:13.082Z"
"20260911T161623Z-1","C","WMT","41","120","EHLERS_DOMINANT_CYCLE_PHASE","V0.1","MEDIAN_PRICE",,"False","INITIALIZING","2026-09-11T18:50:13.082Z"
"20260911T161623Z-1","C","WMT","42","120","EHLERS_DOMINANT_CYCLE_PHASE","V0.1","MEDIAN_PRICE",,"False","INITIALIZING","2026-09-11T18:50:13.082Z"
"20260911T161623Z-1","C","WMT","43","120","EHLERS_DOMINANT_CYCLE_PHASE","V0.1","MEDIAN_PRICE",,"False","INITIALIZING","2026-09-11T18:50:13.082Z"
"20260911T161623Z-1","C","WMT","44","120","EHLERS_DOMINANT_CYCLE_PHASE","V0.1","MEDIAN_PRICE",,"False","INITIALIZING","2026-09-11T18:50:13.082Z"
"20260911T161623Z-1","C","WMT","45","120","EHLERS_DOMINANT_CYCLE_PHASE","V0.1","MEDIAN_PRICE",,"False","INITIALIZING","2026-09-11T18:50:13.082Z"
"20260911T161623Z-1","C","WMT","46","120","EHLERS_DOMINANT_CYCLE_PHASE","V0.1","MEDIAN_PRICE",,"False","INITIALIZING","2026-09-11T18:50:13.082Z"
"20260911T161623Z-1","C","WMT","47","120","EHLERS_DOMINANT_CYCLE_PHASE","V0.1","MEDIAN_PRICE",,"False","INITIALIZING","2026-09-11T18:50:13.082Z"
"20260911T161623Z-1","C","WMT","48","120","EHLERS_DOMINANT_CYCLE_PHASE","V0.1","MEDIAN_PRICE",,"False","INITIALIZING","2026-09-11T18:50:13.082Z"
"20260911T161623Z-1","C","WMT","49","120","EHLERS_DOMINANT_CYCLE_PHASE","V0.1","MEDIAN_PRICE",,"False","INITIALIZING","2026-09-11T18:50:13.082Z"
"20260911T161623Z-1","C","WMT","50","120","EHLERS_DOMINANT_CYCLE_PHASE","V0.1","MEDIAN_PRICE",,"False","INITIALIZING","2026-09-11T18:50:13.082Z"
"20260911T161623Z-1","C","WMT","51","120","EHLERS_DOMINANT_CYCLE_PHASE","V0.1","MEDIAN_PRICE",,"False","INITIALIZING","2026-09-11T18:50:13.082Z"
"20260911T161623Z-1","C","WMT","52","120","EHLERS_DOMINANT_CYCLE_PHASE","V0.1","MEDIAN_PRICE",,"False","INITIALIZING","2026-09-11T18:50:13.082Z"
"20260911T161623Z-1","C","WMT","53","120","EHLERS_DOMINANT_CYCLE_PHASE","V0.1","MEDIAN_PRICE",,"False","INITIALIZING","2026-09-11T18:50:13.082Z"
"20260911T161623Z-1","C","WMT","54","120","EHLERS_DOMINANT_CYCLE_PHASE","V0.1","MEDIAN_PRICE",,"False","INITIALIZING","2026-09-11T18:50:13.082Z"
"20260911T161623Z-1","C","WMT","55","120","EHLERS_DOMINANT_CYCLE_PHASE","V0.1","MEDIAN_PRICE",,"False","INITIALIZING","2026-09-11T18:50:13.082Z"
"20260911T161623Z-1","C","WMT","56","120","EHLERS_DOMINANT_CYCLE_PHASE","V0.1","MEDIAN_PRICE",,"False","INITIALIZING","2026-09-11T18:50:13.082Z"
"20260911T161623Z-1","C","WMT","57","120","EHLERS_DOMINANT_CYCLE_PHASE","V0.1","MEDIAN_PRICE",,"False","INITIALIZING","2026-09-11T18:50:13.082Z"
"20260911T161623Z-1","C","WMT","58","120","EHLERS_DOMINANT_CYCLE_PHASE","V0.1","MEDIAN_PRICE",,"False","INITIALIZING","2026-09-11T18:50:13.082Z"
"20260911T161623Z-1","C","WMT","59","120","EHLERS_DOMINANT_CYCLE_PHASE","V0.1","MEDIAN_PRICE",,"False","INITIALIZING","2026-09-11T18:50:13.082Z"
"20260911T161623Z-1","C","WMT","60","120","EHLERS_DOMINANT_CYCLE_PHASE","V0.1","MEDIAN_PRICE",,"False","INITIALIZING","2026-09-11T18:50:13.082Z"
"20260911T161623Z-1","C","WMT","61","120","EHLERS_DOMINANT_CYCLE_PHASE","V0.1","MEDIAN_PRICE",,"False","INITIALIZING","2026-09-11T18:50:13.082Z"
"20260911T161623Z-1","C","WMT","62","120","EHLERS_DOMINANT_CYCLE_PHASE","V0.1","MEDIAN_PRICE",,"False","INITIALIZING","2026-09-11T18:50:13.082Z"
"20260911T161623Z-1","C","WMT","63","120","EHLERS_DOMINANT_CYCLE_PHASE","V0.1","MEDIAN_PRICE",,"False","INITIALIZING","2026-09-11T18:50:13.082Z"
"20260911T161623Z-1","C","WMT","64","120","EHLERS_DOMINANT_CYCLE_PHASE","V0.1","MEDIAN_PRICE","20.283101840991748","True","OBSERVABLE","2026-09-11T18:50:13.082Z"
"20260911T161623Z-1","C","WMT","65","120","EHLERS_DOMINANT_CYCLE_PHASE","V0.1","MEDIAN_PRICE","17.441288232327963","True","OBSERVABLE","2026-09-11T18:50:13.082Z"
"20260911T161623Z-1","C","WMT","66","120","EHLERS_DOMINANT_CYCLE_PHASE","V0.1","MEDIAN_PRICE","13.095290928517954","True","OBSERVABLE","2026-09-11T18:50:13.082Z"
"20260911T161623Z-1","C","WMT","67","120","EHLERS_DOMINANT_CYCLE_PHASE","V0.1","MEDIAN_PRICE","12.325491225772907","True","OBSERVABLE","2026-09-11T18:50:13.082Z"
"20260911T161623Z-1","C","WMT","68","120","EHLERS_DOMINANT_CYCLE_PHASE","V0.1","MEDIAN_PRICE","11.417289236398403","True","OBSERVABLE","2026-09-11T18:50:13.082Z"
"20260911T161623Z-1","C","WMT","69","120","EHLERS_DOMINANT_CYCLE_PHASE","V0.1","MEDIAN_PRICE","11.775505906473825","True","OBSERVABLE","2026-09-11T18:50:13.082Z"
"20260911T161623Z-1","C","WMT","70","120","EHLERS_DOMINANT_CYCLE_PHASE","V0.1","MEDIAN_PRICE","15.831261095871781","True","OBSERVABLE","2026-09-11T18:50:13.082Z"
"20260911T161623Z-1","C","WMT","71","120","EHLERS_DOMINANT_CYCLE_PHASE","V0.1","MEDIAN_PRICE","19.89505839637603","True","OBSERVABLE","2026-09-11T18:50:13.082Z"
"20260911T161623Z-1","C","WMT","72","120","EHLERS_DOMINANT_CYCLE_PHASE","V0.1","MEDIAN_PRICE","21.4457857231381","True","OBSERVABLE","2026-09-11T18:50:13.082Z"
"20260911T161623Z-1","C","WMT","73","120","EHLERS_DOMINANT_CYCLE_PHASE","V0.1","MEDIAN_PRICE","24.17124641654138","True","OBSERVABLE","2026-09-11T18:50:13.082Z"
"20260911T161623Z-1","C","WMT","74","120","EHLERS_DOMINANT_CYCLE_PHASE","V0.1","MEDIAN_PRICE","26.181864985601322","True","OBSERVABLE","2026-09-11T18:50:13.082Z"
"20260911T161623Z-1","C","WMT","75","120","EHLERS_DOMINANT_CYCLE_PHASE","V0.1","MEDIAN_PRICE","31.041305991621","True","OBSERVABLE","2026-09-11T18:50:13.082Z"
"20260911T161623Z-1","C","WMT","76","120","EHLERS_DOMINANT_CYCLE_PHASE","V0.1","MEDIAN_PRICE","39.285219010314144","True","OBSERVABLE","2026-09-11T18:50:13.082Z"
"20260911T161623Z-1","C","WMT","77","120","EHLERS_DOMINANT_CYCLE_PHASE","V0.1","MEDIAN_PRICE","46.26682737180805","True","OBSERVABLE","2026-09-11T18:50:13.082Z"
"20260911T161623Z-1","C","WMT","78","120","EHLERS_DOMINANT_CYCLE_PHASE","V0.1","MEDIAN_PRICE","52.04739327345749","True","OBSERVABLE","2026-09-11T18:50:13.082Z"
"20260911T161623Z-1","C","WMT","79","120","EHLERS_DOMINANT_CYCLE_PHASE","V0.1","MEDIAN_PRICE","58.24297053020973","True","OBSERVABLE","2026-09-11T18:50:13.082Z"
"20260911T161623Z-1","C","WMT","80","120","EHLERS_DOMINANT_CYCLE_PHASE","V0.1","MEDIAN_PRICE","59.39272615550436","True","OBSERVABLE","2026-09-11T18:50:13.082Z"
"20260911T161623Z-1","C","WMT","81","120","EHLERS_DOMINANT_CYCLE_PHASE","V0.1","MEDIAN_PRICE","56.03456313706","True","OBSERVABLE","2026-09-11T18:50:13.082Z"
"20260911T161623Z-1","C","WMT","82","120","EHLERS_DOMINANT_CYCLE_PHASE","V0.1","MEDIAN_PRICE","44.98260119753487","True","OBSERVABLE","2026-09-11T18:50:13.082Z"
"20260911T161623Z-1","C","WMT","83","120","EHLERS_DOMINANT_CYCLE_PHASE","V0.1","MEDIAN_PRICE","58.27535740563696","True","OBSERVABLE","2026-09-11T18:50:13.082Z"
"20260911T161623Z-1","C","WMT","84","120","EHLERS_DOMINANT_CYCLE_PHASE","V0.1","MEDIAN_PRICE","82.33473241248575","True","OBSERVABLE","2026-09-11T18:50:13.082Z"
"20260911T161623Z-1","C","WMT","85","120","EHLERS_DOMINANT_CYCLE_PHASE","V0.1","MEDIAN_PRICE","97.04674803378373","True","OBSERVABLE","2026-09-11T18:50:13.082Z"
"20260911T161623Z-1","C","WMT","86","120","EHLERS_DOMINANT_CYCLE_PHASE","V0.1","MEDIAN_PRICE","106.4857239156699","True","OBSERVABLE","2026-09-11T18:50:13.082Z"
"20260911T161623Z-1","C","WMT","87","120","EHLERS_DOMINANT_CYCLE_PHASE","V0.1","MEDIAN_PRICE","114.49415679840844","True","OBSERVABLE","2026-09-11T18:50:13.082Z"
"20260911T161623Z-1","C","WMT","88","120","EHLERS_DOMINANT_CYCLE_PHASE","V0.1","MEDIAN_PRICE","122.22694004533716","True","OBSERVABLE","2026-09-11T18:50:13.082Z"
"20260911T161623Z-1","C","WMT","89","120","EHLERS_DOMINANT_CYCLE_PHASE","V0.1","MEDIAN_PRICE","125.95968101793699","True","OBSERVABLE","2026-09-11T18:50:13.082Z"
"20260911T161623Z-1","C","WMT","90","120","EHLERS_DOMINANT_CYCLE_PHASE","V0.1","MEDIAN_PRICE","126.7649412483312","True","OBSERVABLE","2026-09-11T18:50:13.082Z"
"20260911T161623Z-1","C","WMT","91","120","EHLERS_DOMINANT_CYCLE_PHASE","V0.1","MEDIAN_PRICE","130.59144963168436","True","OBSERVABLE","2026-09-11T18:50:13.082Z"
"20260911T161623Z-1","C","WMT","92","120","EHLERS_DOMINANT_CYCLE_PHASE","V0.1","MEDIAN_PRICE","139.70487200924248","True","OBSERVABLE","2026-09-11T18:50:13.082Z"
"20260911T161623Z-1","C","WMT","93","120","EHLERS_DOMINANT_CYCLE_PHASE","V0.1","MEDIAN_PRICE","149.7677324014665","True","OBSERVABLE","2026-09-11T18:50:13.082Z"
"20260911T161623Z-1","C","WMT","94","120","EHLERS_DOMINANT_CYCLE_PHASE","V0.1","MEDIAN_PRICE","159.6551660770587","True","OBSERVABLE","2026-09-11T18:50:13.082Z"
"20260911T161623Z-1","C","WMT","95","120","EHLERS_DOMINANT_CYCLE_PHASE","V0.1","MEDIAN_PRICE","167.7733028119639","True","OBSERVABLE","2026-09-11T18:50:13.082Z"
"20260911T161623Z-1","C","WMT","96","120","EHLERS_DOMINANT_CYCLE_PHASE","V0.1","MEDIAN_PRICE","172.6408412864989","True","OBSERVABLE","2026-09-11T18:50:13.082Z"
"20260911T161623Z-1","C","WMT","97","120","EHLERS_DOMINANT_CYCLE_PHASE","V0.1","MEDIAN_PRICE","178.2647815416238","True","OBSERVABLE","2026-09-11T18:50:13.082Z"
"20260911T161623Z-1","C","WMT","98","120","EHLERS_DOMINANT_CYCLE_PHASE","V0.1","MEDIAN_PRICE","183.82669094843186","True","OBSERVABLE","2026-09-11T18:50:13.082Z"
"20260911T161623Z-1","C","WMT","99","120","EHLERS_DOMINANT_CYCLE_PHASE","V0.1","MEDIAN_PRICE","188.1922300813926","True","OBSERVABLE","2026-09-11T18:50:13.082Z"
"20260911T161623Z-1","C","WMT","100","120","EHLERS_DOMINANT_CYCLE_PHASE","V0.1","MEDIAN_PRICE","189.92709053626675","True","OBSERVABLE","2026-09-11T18:50:13.082Z"
"20260911T161623Z-1","C","WMT","101","120","EHLERS_DOMINANT_CYCLE_PHASE","V0.1","MEDIAN_PRICE","194.15867876562936","True","OBSERVABLE","2026-09-11T18:50:13.082Z"
"20260911T161623Z-1","C","WMT","102","120","EHLERS_DOMINANT_CYCLE_PHASE","V0.1","MEDIAN_PRICE","193.85554128434413","True","OBSERVABLE","2026-09-11T18:50:13.082Z"
"20260911T161623Z-1","C","WMT","103","120","EHLERS_DOMINANT_CYCLE_PHASE","V0.1","MEDIAN_PRICE","190.62022236330347","True","OBSERVABLE","2026-09-11T18:50:13.082Z"
"20260911T161623Z-1","C","WMT","104","120","EHLERS_DOMINANT_CYCLE_PHASE","V0.1","MEDIAN_PRICE","180.06525961728173","True","OBSERVABLE","2026-09-11T18:50:13.082Z"
"20260911T161623Z-1","C","WMT","105","120","EHLERS_DOMINANT_CYCLE_PHASE","V0.1","MEDIAN_PRICE","168.84471596266192","True","OBSERVABLE","2026-09-11T18:50:13.082Z"
"20260911T161623Z-1","C","WMT","106","120","EHLERS_DOMINANT_CYCLE_PHASE","V0.1","MEDIAN_PRICE","161.64284559857666","True","OBSERVABLE","2026-09-11T18:50:13.082Z"
"20260911T161623Z-1","C","WMT","107","120","EHLERS_DOMINANT_CYCLE_PHASE","V0.1","MEDIAN_PRICE","160.66749945743715","True","OBSERVABLE","2026-09-11T18:50:13.082Z"
"20260911T161623Z-1","C","WMT","108","120","EHLERS_DOMINANT_CYCLE_PHASE","V0.1","MEDIAN_PRICE","163.03786797613398","True","OBSERVABLE","2026-09-11T18:50:13.082Z"
"20260911T161623Z-1","C","WMT","109","120","EHLERS_DOMINANT_CYCLE_PHASE","V0.1","MEDIAN_PRICE","165.03294297945655","True","OBSERVABLE","2026-09-11T18:50:13.082Z"
"20260911T161623Z-1","C","WMT","110","120","EHLERS_DOMINANT_CYCLE_PHASE","V0.1","MEDIAN_PRICE","166.98239467991453","True","OBSERVABLE","2026-09-11T18:50:13.082Z"
"20260911T161623Z-1","C","WMT","111","120","EHLERS_DOMINANT_CYCLE_PHASE","V0.1","MEDIAN_PRICE","168.99249320815107","True","OBSERVABLE","2026-09-11T18:50:13.082Z"
"20260911T161623Z-1","C","WMT","112","120","EHLERS_DOMINANT_CYCLE_PHASE","V0.1","MEDIAN_PRICE","170.22781611669768","True","OBSERVABLE","2026-09-11T18:50:13.082Z"
"20260911T161623Z-1","C","WMT","113","120","EHLERS_DOMINANT_CYCLE_PHASE","V0.1","MEDIAN_PRICE","171.0934623447539","True","OBSERVABLE","2026-09-11T18:50:13.082Z"
"20260911T161623Z-1","C","WMT","114","120","EHLERS_DOMINANT_CYCLE_PHASE","V0.1","MEDIAN_PRICE","172.04120983149988","True","OBSERVABLE","2026-09-11T18:50:13.082Z"
"20260911T161623Z-1","C","WMT","115","120","EHLERS_DOMINANT_CYCLE_PHASE","V0.1","MEDIAN_PRICE","173.4291736680728","True","OBSERVABLE","2026-09-11T18:50:13.082Z"
"20260911T161623Z-1","C","WMT","116","120","EHLERS_DOMINANT_CYCLE_PHASE","V0.1","MEDIAN_PRICE","176.56071938286647","True","OBSERVABLE","2026-09-11T18:50:13.082Z"
"20260911T161623Z-1","C","XOM","1","120","EHLERS_DOMINANT_CYCLE_PHASE","V0.1","MEDIAN_PRICE",,"False","INITIALIZING","2026-09-11T18:50:13.121Z"
"20260911T161623Z-1","C","XOM","2","120","EHLERS_DOMINANT_CYCLE_PHASE","V0.1","MEDIAN_PRICE",,"False","INITIALIZING","2026-09-11T18:50:13.121Z"
"20260911T161623Z-1","C","XOM","3","120","EHLERS_DOMINANT_CYCLE_PHASE","V0.1","MEDIAN_PRICE",,"False","INITIALIZING","2026-09-11T18:50:13.121Z"
"20260911T161623Z-1","C","XOM","4","120","EHLERS_DOMINANT_CYCLE_PHASE","V0.1","MEDIAN_PRICE",,"False","INITIALIZING","2026-09-11T18:50:13.121Z"
"20260911T161623Z-1","C","XOM","5","120","EHLERS_DOMINANT_CYCLE_PHASE","V0.1","MEDIAN_PRICE",,"False","INITIALIZING","2026-09-11T18:50:13.121Z"
"20260911T161623Z-1","C","XOM","6","120","EHLERS_DOMINANT_CYCLE_PHASE","V0.1","MEDIAN_PRICE",,"False","INITIALIZING","2026-09-11T18:50:13.121Z"
"20260911T161623Z-1","C","XOM","7","120","EHLERS_DOMINANT_CYCLE_PHASE","V0.1","MEDIAN_PRICE",,"False","INITIALIZING","2026-09-11T18:50:13.121Z"
"20260911T161623Z-1","C","XOM","8","120","EHLERS_DOMINANT_CYCLE_PHASE","V0.1","MEDIAN_PRICE",,"False","INITIALIZING","2026-09-11T18:50:13.121Z"
"20260911T161623Z-1","C","XOM","9","120","EHLERS_DOMINANT_CYCLE_PHASE","V0.1","MEDIAN_PRICE",,"False","INITIALIZING","2026-09-11T18:50:13.121Z"
"20260911T161623Z-1","C","XOM","10","120","EHLERS_DOMINANT_CYCLE_PHASE","V0.1","MEDIAN_PRICE",,"False","INITIALIZING","2026-09-11T18:50:13.121Z"
"20260911T161623Z-1","C","XOM","11","120","EHLERS_DOMINANT_CYCLE_PHASE","V0.1","MEDIAN_PRICE",,"False","INITIALIZING","2026-09-11T18:50:13.121Z"
"20260911T161623Z-1","C","XOM","12","120","EHLERS_DOMINANT_CYCLE_PHASE","V0.1","MEDIAN_PRICE",,"False","INITIALIZING","2026-09-11T18:50:13.121Z"
"20260911T161623Z-1","C","XOM","13","120","EHLERS_DOMINANT_CYCLE_PHASE","V0.1","MEDIAN_PRICE",,"False","INITIALIZING","2026-09-11T18:50:13.121Z"
"20260911T161623Z-1","C","XOM","14","120","EHLERS_DOMINANT_CYCLE_PHASE","V0.1","MEDIAN_PRICE",,"False","INITIALIZING","2026-09-11T18:50:13.121Z"
"20260911T161623Z-1","C","XOM","15","120","EHLERS_DOMINANT_CYCLE_PHASE","V0.1","MEDIAN_PRICE",,"False","INITIALIZING","2026-09-11T18:50:13.121Z"
"20260911T161623Z-1","C","XOM","16","120","EHLERS_DOMINANT_CYCLE_PHASE","V0.1","MEDIAN_PRICE",,"False","INITIALIZING","2026-09-11T18:50:13.121Z"
"20260911T161623Z-1","C","XOM","17","120","EHLERS_DOMINANT_CYCLE_PHASE","V0.1","MEDIAN_PRICE",,"False","INITIALIZING","2026-09-11T18:50:13.121Z"
"20260911T161623Z-1","C","XOM","18","120","EHLERS_DOMINANT_CYCLE_PHASE","V0.1","MEDIAN_PRICE",,"False","INITIALIZING","2026-09-11T18:50:13.121Z"
"20260911T161623Z-1","C","XOM","19","120","EHLERS_DOMINANT_CYCLE_PHASE","V0.1","MEDIAN_PRICE",,"False","INITIALIZING","2026-09-11T18:50:13.121Z"
"20260911T161623Z-1","C","XOM","20","120","EHLERS_DOMINANT_CYCLE_PHASE","V0.1","MEDIAN_PRICE",,"False","INITIALIZING","2026-09-11T18:50:13.121Z"
"20260911T161623Z-1","C","XOM","21","120","EHLERS_DOMINANT_CYCLE_PHASE","V0.1","MEDIAN_PRICE",,"False","INITIALIZING","2026-09-11T18:50:13.121Z"
"20260911T161623Z-1","C","XOM","22","120","EHLERS_DOMINANT_CYCLE_PHASE","V0.1","MEDIAN_PRICE",,"False","INITIALIZING","2026-09-11T18:50:13.121Z"
"20260911T161623Z-1","C","XOM","23","120","EHLERS_DOMINANT_CYCLE_PHASE","V0.1","MEDIAN_PRICE",,"False","INITIALIZING","2026-09-11T18:50:13.121Z"
"20260911T161623Z-1","C","XOM","24","120","EHLERS_DOMINANT_CYCLE_PHASE","V0.1","MEDIAN_PRICE",,"False","INITIALIZING","2026-09-11T18:50:13.121Z"
"20260911T161623Z-1","C","XOM","25","120","EHLERS_DOMINANT_CYCLE_PHASE","V0.1","MEDIAN_PRICE",,"False","INITIALIZING","2026-09-11T18:50:13.121Z"
"20260911T161623Z-1","C","XOM","26","120","EHLERS_DOMINANT_CYCLE_PHASE","V0.1","MEDIAN_PRICE",,"False","INITIALIZING","2026-09-11T18:50:13.121Z"
"20260911T161623Z-1","C","XOM","27","120","EHLERS_DOMINANT_CYCLE_PHASE","V0.1","MEDIAN_PRICE",,"False","INITIALIZING","2026-09-11T18:50:13.121Z"
"20260911T161623Z-1","C","XOM","28","120","EHLERS_DOMINANT_CYCLE_PHASE","V0.1","MEDIAN_PRICE",,"False","INITIALIZING","2026-09-11T18:50:13.121Z"
"20260911T161623Z-1","C","XOM","29","120","EHLERS_DOMINANT_CYCLE_PHASE","V0.1","MEDIAN_PRICE",,"False","INITIALIZING","2026-09-11T18:50:13.121Z"
"20260911T161623Z-1","C","XOM","30","120","EHLERS_DOMINANT_CYCLE_PHASE","V0.1","MEDIAN_PRICE",,"False","INITIALIZING","2026-09-11T18:50:13.121Z"
"20260911T161623Z-1","C","XOM","31","120","EHLERS_DOMINANT_CYCLE_PHASE","V0.1","MEDIAN_PRICE",,"False","INITIALIZING","2026-09-11T18:50:13.121Z"
"20260911T161623Z-1","C","XOM","32","120","EHLERS_DOMINANT_CYCLE_PHASE","V0.1","MEDIAN_PRICE",,"False","INITIALIZING","2026-09-11T18:50:13.121Z"
"20260911T161623Z-1","C","XOM","33","120","EHLERS_DOMINANT_CYCLE_PHASE","V0.1","MEDIAN_PRICE",,"False","INITIALIZING","2026-09-11T18:50:13.121Z"
"20260911T161623Z-1","C","XOM","34","120","EHLERS_DOMINANT_CYCLE_PHASE","V0.1","MEDIAN_PRICE",,"False","INITIALIZING","2026-09-11T18:50:13.121Z"
"20260911T161623Z-1","C","XOM","35","120","EHLERS_DOMINANT_CYCLE_PHASE","V0.1","MEDIAN_PRICE",,"False","INITIALIZING","2026-09-11T18:50:13.121Z"
"20260911T161623Z-1","C","XOM","36","120","EHLERS_DOMINANT_CYCLE_PHASE","V0.1","MEDIAN_PRICE",,"False","INITIALIZING","2026-09-11T18:50:13.121Z"
"20260911T161623Z-1","C","XOM","37","120","EHLERS_DOMINANT_CYCLE_PHASE","V0.1","MEDIAN_PRICE",,"False","INITIALIZING","2026-09-11T18:50:13.121Z"
"20260911T161623Z-1","C","XOM","38","120","EHLERS_DOMINANT_CYCLE_PHASE","V0.1","MEDIAN_PRICE",,"False","INITIALIZING","2026-09-11T18:50:13.121Z"
"20260911T161623Z-1","C","XOM","39","120","EHLERS_DOMINANT_CYCLE_PHASE","V0.1","MEDIAN_PRICE",,"False","INITIALIZING","2026-09-11T18:50:13.121Z"
"20260911T161623Z-1","C","XOM","40","120","EHLERS_DOMINANT_CYCLE_PHASE","V0.1","MEDIAN_PRICE",,"False","INITIALIZING","2026-09-11T18:50:13.121Z"
"20260911T161623Z-1","C","XOM","41","120","EHLERS_DOMINANT_CYCLE_PHASE","V0.1","MEDIAN_PRICE",,"False","INITIALIZING","2026-09-11T18:50:13.121Z"
"20260911T161623Z-1","C","XOM","42","120","EHLERS_DOMINANT_CYCLE_PHASE","V0.1","MEDIAN_PRICE",,"False","INITIALIZING","2026-09-11T18:50:13.121Z"
"20260911T161623Z-1","C","XOM","43","120","EHLERS_DOMINANT_CYCLE_PHASE","V0.1","MEDIAN_PRICE",,"False","INITIALIZING","2026-09-11T18:50:13.121Z"
"20260911T161623Z-1","C","XOM","44","120","EHLERS_DOMINANT_CYCLE_PHASE","V0.1","MEDIAN_PRICE",,"False","INITIALIZING","2026-09-11T18:50:13.121Z"
"20260911T161623Z-1","C","XOM","45","120","EHLERS_DOMINANT_CYCLE_PHASE","V0.1","MEDIAN_PRICE",,"False","INITIALIZING","2026-09-11T18:50:13.121Z"
"20260911T161623Z-1","C","XOM","46","120","EHLERS_DOMINANT_CYCLE_PHASE","V0.1","MEDIAN_PRICE",,"False","INITIALIZING","2026-09-11T18:50:13.121Z"
"20260911T161623Z-1","C","XOM","47","120","EHLERS_DOMINANT_CYCLE_PHASE","V0.1","MEDIAN_PRICE",,"False","INITIALIZING","2026-09-11T18:50:13.121Z"
"20260911T161623Z-1","C","XOM","48","120","EHLERS_DOMINANT_CYCLE_PHASE","V0.1","MEDIAN_PRICE",,"False","INITIALIZING","2026-09-11T18:50:13.121Z"
"20260911T161623Z-1","C","XOM","49","120","EHLERS_DOMINANT_CYCLE_PHASE","V0.1","MEDIAN_PRICE",,"False","INITIALIZING","2026-09-11T18:50:13.121Z"
"20260911T161623Z-1","C","XOM","50","120","EHLERS_DOMINANT_CYCLE_PHASE","V0.1","MEDIAN_PRICE",,"False","INITIALIZING","2026-09-11T18:50:13.121Z"
"20260911T161623Z-1","C","XOM","51","120","EHLERS_DOMINANT_CYCLE_PHASE","V0.1","MEDIAN_PRICE",,"False","INITIALIZING","2026-09-11T18:50:13.121Z"
"20260911T161623Z-1","C","XOM","52","120","EHLERS_DOMINANT_CYCLE_PHASE","V0.1","MEDIAN_PRICE",,"False","INITIALIZING","2026-09-11T18:50:13.121Z"
"20260911T161623Z-1","C","XOM","53","120","EHLERS_DOMINANT_CYCLE_PHASE","V0.1","MEDIAN_PRICE",,"False","INITIALIZING","2026-09-11T18:50:13.121Z"
"20260911T161623Z-1","C","XOM","54","120","EHLERS_DOMINANT_CYCLE_PHASE","V0.1","MEDIAN_PRICE",,"False","INITIALIZING","2026-09-11T18:50:13.121Z"
"20260911T161623Z-1","C","XOM","55","120","EHLERS_DOMINANT_CYCLE_PHASE","V0.1","MEDIAN_PRICE",,"False","INITIALIZING","2026-09-11T18:50:13.121Z"
"20260911T161623Z-1","C","XOM","56","120","EHLERS_DOMINANT_CYCLE_PHASE","V0.1","MEDIAN_PRICE",,"False","INITIALIZING","2026-09-11T18:50:13.121Z"
"20260911T161623Z-1","C","XOM","57","120","EHLERS_DOMINANT_CYCLE_PHASE","V0.1","MEDIAN_PRICE",,"False","INITIALIZING","2026-09-11T18:50:13.121Z"
"20260911T161623Z-1","C","XOM","58","120","EHLERS_DOMINANT_CYCLE_PHASE","V0.1","MEDIAN_PRICE",,"False","INITIALIZING","2026-09-11T18:50:13.121Z"
"20260911T161623Z-1","C","XOM","59","120","EHLERS_DOMINANT_CYCLE_PHASE","V0.1","MEDIAN_PRICE",,"False","INITIALIZING","2026-09-11T18:50:13.121Z"
"20260911T161623Z-1","C","XOM","60","120","EHLERS_DOMINANT_CYCLE_PHASE","V0.1","MEDIAN_PRICE",,"False","INITIALIZING","2026-09-11T18:50:13.121Z"
"20260911T161623Z-1","C","XOM","61","120","EHLERS_DOMINANT_CYCLE_PHASE","V0.1","MEDIAN_PRICE",,"False","INITIALIZING","2026-09-11T18:50:13.121Z"
"20260911T161623Z-1","C","XOM","62","120","EHLERS_DOMINANT_CYCLE_PHASE","V0.1","MEDIAN_PRICE",,"False","INITIALIZING","2026-09-11T18:50:13.121Z"
"20260911T161623Z-1","C","XOM","63","120","EHLERS_DOMINANT_CYCLE_PHASE","V0.1","MEDIAN_PRICE",,"False","INITIALIZING","2026-09-11T18:50:13.121Z"
"20260911T161623Z-1","C","XOM","64","120","EHLERS_DOMINANT_CYCLE_PHASE","V0.1","MEDIAN_PRICE","68.63807964719405","True","OBSERVABLE","2026-09-11T18:50:13.121Z"
"20260911T161623Z-1","C","XOM","65","120","EHLERS_DOMINANT_CYCLE_PHASE","V0.1","MEDIAN_PRICE","74.26038832958541","True","OBSERVABLE","2026-09-11T18:50:13.121Z"
"20260911T161623Z-1","C","XOM","66","120","EHLERS_DOMINANT_CYCLE_PHASE","V0.1","MEDIAN_PRICE","80.47418093304336","True","OBSERVABLE","2026-09-11T18:50:13.121Z"
"20260911T161623Z-1","C","XOM","67","120","EHLERS_DOMINANT_CYCLE_PHASE","V0.1","MEDIAN_PRICE","93.1254466697413","True","OBSERVABLE","2026-09-11T18:50:13.121Z"
"20260911T161623Z-1","C","XOM","68","120","EHLERS_DOMINANT_CYCLE_PHASE","V0.1","MEDIAN_PRICE","99.12951814020713","True","OBSERVABLE","2026-09-11T18:50:13.121Z"
"20260911T161623Z-1","C","XOM","69","120","EHLERS_DOMINANT_CYCLE_PHASE","V0.1","MEDIAN_PRICE","111.81619960493146","True","OBSERVABLE","2026-09-11T18:50:13.121Z"
"20260911T161623Z-1","C","XOM","70","120","EHLERS_DOMINANT_CYCLE_PHASE","V0.1","MEDIAN_PRICE","117.29478318355129","True","OBSERVABLE","2026-09-11T18:50:13.121Z"
"20260911T161623Z-1","C","XOM","71","120","EHLERS_DOMINANT_CYCLE_PHASE","V0.1","MEDIAN_PRICE","129.68603743790578","True","OBSERVABLE","2026-09-11T18:50:13.121Z"
"20260911T161623Z-1","C","XOM","72","120","EHLERS_DOMINANT_CYCLE_PHASE","V0.1","MEDIAN_PRICE","134.88973603336825","True","OBSERVABLE","2026-09-11T18:50:13.121Z"
"20260911T161623Z-1","C","XOM","73","120","EHLERS_DOMINANT_CYCLE_PHASE","V0.1","MEDIAN_PRICE","146.7669298691391","True","OBSERVABLE","2026-09-11T18:50:13.121Z"
"20260911T161623Z-1","C","XOM","74","120","EHLERS_DOMINANT_CYCLE_PHASE","V0.1","MEDIAN_PRICE","157.88881863067684","True","OBSERVABLE","2026-09-11T18:50:13.121Z"
"20260911T161623Z-1","C","XOM","75","120","EHLERS_DOMINANT_CYCLE_PHASE","V0.1","MEDIAN_PRICE","168.52650717767295","True","OBSERVABLE","2026-09-11T18:50:13.121Z"
"20260911T161623Z-1","C","XOM","76","120","EHLERS_DOMINANT_CYCLE_PHASE","V0.1","MEDIAN_PRICE","178.30129110166845","True","OBSERVABLE","2026-09-11T18:50:13.121Z"
"20260911T161623Z-1","C","XOM","77","120","EHLERS_DOMINANT_CYCLE_PHASE","V0.1","MEDIAN_PRICE","187.40947444942842","True","OBSERVABLE","2026-09-11T18:50:13.121Z"
"20260911T161623Z-1","C","XOM","78","120","EHLERS_DOMINANT_CYCLE_PHASE","V0.1","MEDIAN_PRICE","195.08910936072328","True","OBSERVABLE","2026-09-11T18:50:13.121Z"
"20260911T161623Z-1","C","XOM","79","120","EHLERS_DOMINANT_CYCLE_PHASE","V0.1","MEDIAN_PRICE","196.14148786735842","True","OBSERVABLE","2026-09-11T18:50:13.121Z"
"20260911T161623Z-1","C","XOM","80","120","EHLERS_DOMINANT_CYCLE_PHASE","V0.1","MEDIAN_PRICE","202.9662323863545","True","OBSERVABLE","2026-09-11T18:50:13.121Z"
"20260911T161623Z-1","C","XOM","81","120","EHLERS_DOMINANT_CYCLE_PHASE","V0.1","MEDIAN_PRICE","209.2059533152286","True","OBSERVABLE","2026-09-11T18:50:13.121Z"
"20260911T161623Z-1","C","XOM","82","120","EHLERS_DOMINANT_CYCLE_PHASE","V0.1","MEDIAN_PRICE","213.59880491805393","True","OBSERVABLE","2026-09-11T18:50:13.121Z"
"20260911T161623Z-1","C","XOM","83","120","EHLERS_DOMINANT_CYCLE_PHASE","V0.1","MEDIAN_PRICE","212.74274693422217","True","OBSERVABLE","2026-09-11T18:50:13.121Z"
"20260911T161623Z-1","C","XOM","84","120","EHLERS_DOMINANT_CYCLE_PHASE","V0.1","MEDIAN_PRICE","212.88373412161803","True","OBSERVABLE","2026-09-11T18:50:13.121Z"
"20260911T161623Z-1","C","XOM","85","120","EHLERS_DOMINANT_CYCLE_PHASE","V0.1","MEDIAN_PRICE","215.14504906492786","True","OBSERVABLE","2026-09-11T18:50:13.121Z"
"20260911T161623Z-1","C","XOM","86","120","EHLERS_DOMINANT_CYCLE_PHASE","V0.1","MEDIAN_PRICE","219.6327206550147","True","OBSERVABLE","2026-09-11T18:50:13.121Z"
"20260911T161623Z-1","C","XOM","87","120","EHLERS_DOMINANT_CYCLE_PHASE","V0.1","MEDIAN_PRICE","228.23524407386873","True","OBSERVABLE","2026-09-11T18:50:13.121Z"
"20260911T161623Z-1","C","XOM","88","120","EHLERS_DOMINANT_CYCLE_PHASE","V0.1","MEDIAN_PRICE","241.22700016679596","True","OBSERVABLE","2026-09-11T18:50:13.121Z"
"20260911T161623Z-1","C","XOM","89","120","EHLERS_DOMINANT_CYCLE_PHASE","V0.1","MEDIAN_PRICE","255.84091708525318","True","OBSERVABLE","2026-09-11T18:50:13.121Z"
"20260911T161623Z-1","C","XOM","90","120","EHLERS_DOMINANT_CYCLE_PHASE","V0.1","MEDIAN_PRICE","269.63483414628945","True","OBSERVABLE","2026-09-11T18:50:13.121Z"
"20260911T161623Z-1","C","XOM","91","120","EHLERS_DOMINANT_CYCLE_PHASE","V0.1","MEDIAN_PRICE","277.62323563287003","True","OBSERVABLE","2026-09-11T18:50:13.121Z"
"20260911T161623Z-1","C","XOM","92","120","EHLERS_DOMINANT_CYCLE_PHASE","V0.1","MEDIAN_PRICE","288.172798644446","True","OBSERVABLE","2026-09-11T18:50:13.121Z"
"20260911T161623Z-1","C","XOM","93","120","EHLERS_DOMINANT_CYCLE_PHASE","V0.1","MEDIAN_PRICE","298.32343904075447","True","OBSERVABLE","2026-09-11T18:50:13.121Z"
"20260911T161623Z-1","C","XOM","94","120","EHLERS_DOMINANT_CYCLE_PHASE","V0.1","MEDIAN_PRICE","312.0271361748096","True","OBSERVABLE","2026-09-11T18:50:13.121Z"
"20260911T161623Z-1","C","XOM","95","120","EHLERS_DOMINANT_CYCLE_PHASE","V0.1","MEDIAN_PRICE","322.77285387673487","True","OBSERVABLE","2026-09-11T18:50:13.121Z"
"20260911T161623Z-1","C","XOM","96","120","EHLERS_DOMINANT_CYCLE_PHASE","V0.1","MEDIAN_PRICE","332.1136531828279","True","OBSERVABLE","2026-09-11T18:50:13.121Z"
"20260911T161623Z-1","C","XOM","97","120","EHLERS_DOMINANT_CYCLE_PHASE","V0.1","MEDIAN_PRICE","340.7952755301578","True","OBSERVABLE","2026-09-11T18:50:13.121Z"
"20260911T161623Z-1","C","XOM","98","120","EHLERS_DOMINANT_CYCLE_PHASE","V0.1","MEDIAN_PRICE","355.3428995512114","True","OBSERVABLE","2026-09-11T18:50:13.121Z"
"20260911T161623Z-1","C","XOM","99","120","EHLERS_DOMINANT_CYCLE_PHASE","V0.1","MEDIAN_PRICE","8.245645717992147","True","OBSERVABLE","2026-09-11T18:50:13.121Z"
"20260911T161623Z-1","C","XOM","100","120","EHLERS_DOMINANT_CYCLE_PHASE","V0.1","MEDIAN_PRICE","20.36777912204694","True","OBSERVABLE","2026-09-11T18:50:13.121Z"
"20260911T161623Z-1","C","XOM","101","120","EHLERS_DOMINANT_CYCLE_PHASE","V0.1","MEDIAN_PRICE","31.52772143579695","True","OBSERVABLE","2026-09-11T18:50:13.121Z"
"20260911T161623Z-1","C","XOM","102","120","EHLERS_DOMINANT_CYCLE_PHASE","V0.1","MEDIAN_PRICE","42.16563724022894","True","OBSERVABLE","2026-09-11T18:50:13.121Z"
"20260911T161623Z-1","C","XOM","103","120","EHLERS_DOMINANT_CYCLE_PHASE","V0.1","MEDIAN_PRICE","47.18734575530006","True","OBSERVABLE","2026-09-11T18:50:13.121Z"
"20260911T161623Z-1","C","XOM","104","120","EHLERS_DOMINANT_CYCLE_PHASE","V0.1","MEDIAN_PRICE","51.4384395044194","True","OBSERVABLE","2026-09-11T18:50:13.121Z"
"20260911T161623Z-1","C","XOM","105","120","EHLERS_DOMINANT_CYCLE_PHASE","V0.1","MEDIAN_PRICE","55.434629666945504","True","OBSERVABLE","2026-09-11T18:50:13.121Z"
"20260911T161623Z-1","C","XOM","106","120","EHLERS_DOMINANT_CYCLE_PHASE","V0.1","MEDIAN_PRICE","64.67740611808475","True","OBSERVABLE","2026-09-11T18:50:13.121Z"
